MSCMR(
  (UNet): Unet(
    (Pad): ConstantPad2d(padding=(92, 92, 92, 92), value=0)
    (Maxpool1): MaxPool2d(kernel_size=2, stride=2, padding=0, dilation=1, ceil_mode=False)
    (Maxpool2): MaxPool2d(kernel_size=2, stride=2, padding=0, dilation=1, ceil_mode=False)
    (Maxpool3): MaxPool2d(kernel_size=2, stride=2, padding=0, dilation=1, ceil_mode=False)
    (Maxpool4): MaxPool2d(kernel_size=2, stride=2, padding=0, dilation=1, ceil_mode=False)
    (Conv1): conv_block(
      (conv): Sequential(
        (0): Conv2d(1, 64, kernel_size=(3, 3), stride=(1, 1))
        (1): ReLU(inplace=True)
        (2): BatchNorm2d(64, eps=1e-05, momentum=0.1, affine=True, track_running_stats=True)
        (3): Conv2d(64, 64, kernel_size=(3, 3), stride=(1, 1))
        (4): ReLU(inplace=True)
        (5): BatchNorm2d(64, eps=0.001, momentum=0.01, affine=True, track_running_stats=True)
      )
    )
    (Conv2): conv_block(
      (conv): Sequential(
        (0): Conv2d(64, 128, kernel_size=(3, 3), stride=(1, 1))
        (1): ReLU(inplace=True)
        (2): BatchNorm2d(128, eps=1e-05, momentum=0.1, affine=True, track_running_stats=True)
        (3): Conv2d(128, 128, kernel_size=(3, 3), stride=(1, 1))
        (4): ReLU(inplace=True)
        (5): BatchNorm2d(128, eps=0.001, momentum=0.01, affine=True, track_running_stats=True)
      )
    )
    (Conv3): conv_block(
      (conv): Sequential(
        (0): Conv2d(128, 256, kernel_size=(3, 3), stride=(1, 1))
        (1): ReLU(inplace=True)
        (2): BatchNorm2d(256, eps=1e-05, momentum=0.1, affine=True, track_running_stats=True)
        (3): Conv2d(256, 256, kernel_size=(3, 3), stride=(1, 1))
        (4): ReLU(inplace=True)
        (5): BatchNorm2d(256, eps=0.001, momentum=0.01, affine=True, track_running_stats=True)
      )
    )
    (Conv4): conv_block(
      (conv): Sequential(
        (0): Conv2d(256, 512, kernel_size=(3, 3), stride=(1, 1))
        (1): ReLU(inplace=True)
        (2): BatchNorm2d(512, eps=1e-05, momentum=0.1, affine=True, track_running_stats=True)
        (3): Conv2d(512, 512, kernel_size=(3, 3), stride=(1, 1))
        (4): ReLU(inplace=True)
        (5): BatchNorm2d(512, eps=0.001, momentum=0.01, affine=True, track_running_stats=True)
      )
    )
    (Conv5): conv_block(
      (conv): Sequential(
        (0): Conv2d(512, 1024, kernel_size=(3, 3), stride=(1, 1))
        (1): ReLU(inplace=True)
        (2): BatchNorm2d(1024, eps=1e-05, momentum=0.1, affine=True, track_running_stats=True)
        (3): Conv2d(1024, 1024, kernel_size=(3, 3), stride=(1, 1))
        (4): ReLU(inplace=True)
        (5): BatchNorm2d(1024, eps=0.001, momentum=0.01, affine=True, track_running_stats=True)
      )
    )
    (Up4): up_conv(
      (up): Sequential(
        (0): Upsample(scale_factor=2.0, mode='nearest')
        (1): Conv2d(1024, 4, kernel_size=(3, 3), stride=(1, 1), padding=(1, 1))
        (2): ReLU(inplace=True)
        (3): BatchNorm2d(4, eps=0.001, momentum=0.01, affine=True, track_running_stats=True)
      )
    )
    (Up_conv4): conv_block(
      (conv): Sequential(
        (0): Conv2d(516, 512, kernel_size=(3, 3), stride=(1, 1))
        (1): ReLU(inplace=True)
        (2): BatchNorm2d(512, eps=1e-05, momentum=0.1, affine=True, track_running_stats=True)
        (3): Conv2d(512, 512, kernel_size=(3, 3), stride=(1, 1))
        (4): ReLU(inplace=True)
        (5): BatchNorm2d(512, eps=0.001, momentum=0.01, affine=True, track_running_stats=True)
      )
    )
    (Up3): up_conv(
      (up): Sequential(
        (0): Upsample(scale_factor=2.0, mode='nearest')
        (1): Conv2d(512, 4, kernel_size=(3, 3), stride=(1, 1), padding=(1, 1))
        (2): ReLU(inplace=True)
        (3): BatchNorm2d(4, eps=0.001, momentum=0.01, affine=True, track_running_stats=True)
      )
    )
    (Up_conv3): conv_block(
      (conv): Sequential(
        (0): Conv2d(260, 256, kernel_size=(3, 3), stride=(1, 1))
        (1): ReLU(inplace=True)
        (2): BatchNorm2d(256, eps=1e-05, momentum=0.1, affine=True, track_running_stats=True)
        (3): Conv2d(256, 256, kernel_size=(3, 3), stride=(1, 1))
        (4): ReLU(inplace=True)
        (5): BatchNorm2d(256, eps=0.001, momentum=0.01, affine=True, track_running_stats=True)
      )
    )
    (Up2): up_conv(
      (up): Sequential(
        (0): Upsample(scale_factor=2.0, mode='nearest')
        (1): Conv2d(256, 128, kernel_size=(3, 3), stride=(1, 1), padding=(1, 1))
        (2): ReLU(inplace=True)
        (3): BatchNorm2d(128, eps=0.001, momentum=0.01, affine=True, track_running_stats=True)
      )
    )
    (Up_conv2): conv_block(
      (conv): Sequential(
        (0): Conv2d(256, 128, kernel_size=(3, 3), stride=(1, 1))
        (1): ReLU(inplace=True)
        (2): BatchNorm2d(128, eps=1e-05, momentum=0.1, affine=True, track_running_stats=True)
        (3): Conv2d(128, 128, kernel_size=(3, 3), stride=(1, 1))
        (4): ReLU(inplace=True)
        (5): BatchNorm2d(128, eps=0.001, momentum=0.01, affine=True, track_running_stats=True)
      )
    )
    (Up1): up_conv(
      (up): Sequential(
        (0): Upsample(scale_factor=2.0, mode='nearest')
        (1): Conv2d(128, 64, kernel_size=(3, 3), stride=(1, 1), padding=(1, 1))
        (2): ReLU(inplace=True)
        (3): BatchNorm2d(64, eps=0.001, momentum=0.01, affine=True, track_running_stats=True)
      )
    )
    (Up_conv1): conv_block(
      (conv): Sequential(
        (0): Conv2d(128, 64, kernel_size=(3, 3), stride=(1, 1))
        (1): ReLU(inplace=True)
        (2): BatchNorm2d(64, eps=1e-05, momentum=0.1, affine=True, track_running_stats=True)
        (3): Conv2d(64, 64, kernel_size=(3, 3), stride=(1, 1))
        (4): ReLU(inplace=True)
        (5): BatchNorm2d(64, eps=0.001, momentum=0.01, affine=True, track_running_stats=True)
      )
    )
    (Conv): Conv2d(64, 4, kernel_size=(1, 1), stride=(1, 1))
    (Norm): BatchNorm2d(4, eps=0.001, momentum=0.01, affine=True, track_running_stats=True)
    (active): Softmax(dim=1)
  )
)
number of params: 25759396
Building training dataset...
subject13_DE.nii subject13_DE_scribble.nii
subject14_DE.nii subject14_DE_scribble.nii
subject15_DE.nii subject15_DE_scribble.nii
subject18_DE.nii subject18_DE_scribble.nii
subject19_DE.nii subject19_DE_scribble.nii
subject20_DE.nii subject20_DE_scribble.nii
subject21_DE.nii subject21_DE_scribble.nii
subject22_DE.nii subject22_DE_scribble.nii
subject24_DE.nii subject24_DE_scribble.nii
subject25_DE.nii subject25_DE_scribble.nii
subject26_DE.nii subject26_DE_scribble.nii
subject27_DE.nii subject27_DE_scribble.nii
subject2_DE.nii subject2_DE_scribble.nii
subject31_DE.nii subject31_DE_scribble.nii
subject32_DE.nii subject32_DE_scribble.nii
subject34_DE.nii subject34_DE_scribble.nii
subject37_DE.nii subject37_DE_scribble.nii
subject39_DE.nii subject39_DE_scribble.nii
subject42_DE.nii subject42_DE_scribble.nii
subject44_DE.nii subject44_DE_scribble.nii
subject45_DE.nii subject45_DE_scribble.nii
subject4_DE.nii subject4_DE_scribble.nii
subject6_DE.nii subject6_DE_scribble.nii
subject7_DE.nii subject7_DE_scribble.nii
subject9_DE.nii subject9_DE_scribble.nii
Number of training images: 382
Building validation dataset...
subject1_DE.nii subject1_DE_manual.nii
subject29_DE.nii subject29_DE_manual.nii
subject36_DE.nii subject36_DE_manual.nii
subject41_DE.nii subject41_DE_manual.nii
subject8_DE.nii subject8_DE_manual.nii
Number of validation images: 75
Start training
cutout loss: 0.10256675630807877
original loss: 0.13790298998355865
integrity loss: 0.05119486525654793
invariant loss: 0.027479171752929688
Epoch: [0]  [ 0/95]  eta: 0:04:47  lr: 0.000100  loss: 0.1379 (0.1379)  loss_CrossEntropy: 0.1379 (0.1379)  time: 3.0287  data: 0.0435  max mem: 14714
Epoch: [0]  [10/95]  eta: 0:02:46  lr: 0.000100  loss: 0.0801 (0.0826)  loss_CrossEntropy: 0.0801 (0.0826)  time: 1.9584  data: 0.4907  max mem: 17014
Epoch: [0]  [20/95]  eta: 0:01:54  lr: 0.000100  loss: 0.0728 (0.0773)  loss_CrossEntropy: 0.0728 (0.0773)  time: 1.5252  data: 0.3553  max mem: 17014
Epoch: [0]  [30/95]  eta: 0:01:30  lr: 0.000100  loss: 0.0707 (0.0723)  loss_CrossEntropy: 0.0707 (0.0723)  time: 1.3989  data: 0.1619  max mem: 17014
Epoch: [0]  [40/95]  eta: 0:01:17  lr: 0.000100  loss: 0.0557 (0.0693)  loss_CrossEntropy: 0.0557 (0.0693)  time: 1.4019  data: 0.2455  max mem: 17016
Epoch: [0]  [50/95]  eta: 0:00:54  lr: 0.000100  loss: 0.0575 (0.0671)  loss_CrossEntropy: 0.0575 (0.0671)  time: 1.2080  data: 0.0634  max mem: 17016
Epoch: [0]  [60/95]  eta: 0:01:01  lr: 0.000100  loss: 0.0498 (0.0633)  loss_CrossEntropy: 0.0498 (0.0633)  time: 1.7587  data: 0.7328  max mem: 17016
Epoch: [0]  [70/95]  eta: 0:00:31  lr: 0.000100  loss: 0.0471 (0.0616)  loss_CrossEntropy: 0.0471 (0.0616)  time: 1.2714  data: 0.2264  max mem: 17016
Epoch: [0]  [80/95]  eta: 0:00:19  lr: 0.000100  loss: 0.0457 (0.0592)  loss_CrossEntropy: 0.0457 (0.0592)  time: 1.2982  data: 0.2881  max mem: 17016
Epoch: [0]  [90/95]  eta: 0:00:07  lr: 0.000100  loss: 0.0432 (0.0576)  loss_CrossEntropy: 0.0432 (0.0576)  time: 1.4439  data: 0.4131  max mem: 17016
Epoch: [0]  [94/95]  eta: 0:00:01  lr: 0.000100  loss: 0.0443 (0.0570)  loss_CrossEntropy: 0.0443 (0.0570)  time: 1.2273  data: 0.2028  max mem: 17016
Epoch: [0] Total time: 0:02:22 (1.4980 s / it)
Averaged stats: lr: 0.000100  loss: 0.0443 (0.0570)  loss_CrossEntropy: 0.0443 (0.0570)
Test:  [ 0/19]  eta: 0:00:03  loss: 2.0771 (2.0771)  loss_CrossEntropy: 2.0771 (2.0771)  Rv: 0.0000 (0.0000)  Lv: 0.0070 (0.0070)  Myo: 0.0005 (0.0005)  Avg: 0.0025 (0.0025)  time: 0.1952  data: 0.1735  max mem: 17016
Test:  [10/19]  eta: 0:00:00  loss: 1.7970 (1.8344)  loss_CrossEntropy: 1.7970 (1.8344)  Rv: 0.0000 (0.0000)  Lv: 0.0925 (0.0795)  Myo: 0.1672 (0.1306)  Avg: 0.0798 (0.0700)  time: 0.0612  data: 0.0399  max mem: 17016
Test:  [18/19]  eta: 0:00:00  loss: 1.7970 (1.8222)  loss_CrossEntropy: 1.7970 (1.8222)  Rv: 0.0000 (0.0000)  Lv: 0.0925 (0.0804)  Myo: 0.1672 (0.1477)  Avg: 0.0798 (0.0760)  time: 0.1215  data: 0.0728  max mem: 17016
Test: Total time: 0:00:03 (0.1767 s / it)
Averaged stats: loss: 1.7970 (1.8222)  loss_CrossEntropy: 1.7970 (1.8222)  Rv: 0.0000 (0.0000)  Lv: 0.0925 (0.0804)  Myo: 0.1672 (0.1477)  Avg: 0.0798 (0.0760)
dice score: 0.07602611870970577
Update best model!
cutout loss: 0.0382908470928669
original loss: 0.0394282229244709
integrity loss: 0.01962936483323574
invariant loss: 0.01761038973927498
Epoch: [1]  [ 0/95]  eta: 0:02:12  lr: 0.000100  loss: 0.0394 (0.0394)  loss_CrossEntropy: 0.0394 (0.0394)  time: 1.3976  data: 0.3956  max mem: 17016
Epoch: [1]  [10/95]  eta: 0:02:11  lr: 0.000100  loss: 0.0366 (0.0386)  loss_CrossEntropy: 0.0366 (0.0386)  time: 1.5436  data: 0.5218  max mem: 17016
Epoch: [1]  [20/95]  eta: 0:01:25  lr: 0.000100  loss: 0.0403 (0.0421)  loss_CrossEntropy: 0.0403 (0.0421)  time: 1.1378  data: 0.1278  max mem: 17016
Epoch: [1]  [30/95]  eta: 0:01:45  lr: 0.000100  loss: 0.0419 (0.0427)  loss_CrossEntropy: 0.0419 (0.0427)  time: 1.6238  data: 0.6272  max mem: 17016
Epoch: [1]  [40/95]  eta: 0:01:09  lr: 0.000100  loss: 0.0448 (0.0445)  loss_CrossEntropy: 0.0448 (0.0445)  time: 1.2640  data: 0.2603  max mem: 17016
Epoch: [1]  [50/95]  eta: 0:00:56  lr: 0.000100  loss: 0.0448 (0.0439)  loss_CrossEntropy: 0.0448 (0.0439)  time: 1.2492  data: 0.2205  max mem: 17016
Epoch: [1]  [60/95]  eta: 0:00:45  lr: 0.000100  loss: 0.0393 (0.0431)  loss_CrossEntropy: 0.0393 (0.0431)  time: 1.3056  data: 0.2634  max mem: 17017
Epoch: [1]  [70/95]  eta: 0:00:40  lr: 0.000100  loss: 0.0404 (0.0425)  loss_CrossEntropy: 0.0404 (0.0425)  time: 1.6038  data: 0.6104  max mem: 17018
Epoch: [1]  [80/95]  eta: 0:00:22  lr: 0.000100  loss: 0.0404 (0.0420)  loss_CrossEntropy: 0.0404 (0.0420)  time: 1.4970  data: 0.4879  max mem: 17018
Epoch: [1]  [90/95]  eta: 0:00:06  lr: 0.000100  loss: 0.0334 (0.0411)  loss_CrossEntropy: 0.0334 (0.0411)  time: 1.3398  data: 0.3433  max mem: 17018
Epoch: [1]  [94/95]  eta: 0:00:01  lr: 0.000100  loss: 0.0327 (0.0408)  loss_CrossEntropy: 0.0327 (0.0408)  time: 1.4177  data: 0.4230  max mem: 17018
Epoch: [1] Total time: 0:02:06 (1.3309 s / it)
Averaged stats: lr: 0.000100  loss: 0.0327 (0.0408)  loss_CrossEntropy: 0.0327 (0.0408)
Test:  [ 0/19]  eta: 0:00:04  loss: 2.1177 (2.1177)  loss_CrossEntropy: 2.1177 (2.1177)  Rv: 0.0000 (0.0000)  Lv: 0.0214 (0.0214)  Myo: 0.0098 (0.0098)  Avg: 0.0104 (0.0104)  time: 0.2453  data: 0.2038  max mem: 17018
Test:  [10/19]  eta: 0:00:00  loss: 1.8791 (1.8870)  loss_CrossEntropy: 1.8791 (1.8870)  Rv: 0.0366 (0.0512)  Lv: 0.0873 (0.0741)  Myo: 0.3336 (0.2894)  Avg: 0.1280 (0.1383)  time: 0.0396  data: 0.0194  max mem: 17018
Test:  [18/19]  eta: 0:00:00  loss: 1.8981 (1.9258)  loss_CrossEntropy: 1.8981 (1.9258)  Rv: 0.0142 (0.0357)  Lv: 0.0873 (0.0736)  Myo: 0.2917 (0.2642)  Avg: 0.1280 (0.1245)  time: 0.0333  data: 0.0158  max mem: 17018
Test: Total time: 0:00:02 (0.1383 s / it)
Averaged stats: loss: 1.8981 (1.9258)  loss_CrossEntropy: 1.8981 (1.9258)  Rv: 0.0142 (0.0357)  Lv: 0.0873 (0.0736)  Myo: 0.2917 (0.2642)  Avg: 0.1280 (0.1245)
dice score: 0.12453403240559917
Update best model!
cutout loss: 0.06984352320432663
original loss: 0.05964937061071396
integrity loss: 0.017446888610720634
invariant loss: 0.015589850954711437
Epoch: [2]  [ 0/95]  eta: 0:01:43  lr: 0.000100  loss: 0.0596 (0.0596)  loss_CrossEntropy: 0.0596 (0.0596)  time: 1.0875  data: 0.0789  max mem: 17018
Epoch: [2]  [10/95]  eta: 0:01:28  lr: 0.000100  loss: 0.0337 (0.0364)  loss_CrossEntropy: 0.0337 (0.0364)  time: 1.0438  data: 0.0325  max mem: 17018
Epoch: [2]  [20/95]  eta: 0:01:30  lr: 0.000100  loss: 0.0349 (0.0381)  loss_CrossEntropy: 0.0349 (0.0381)  time: 1.2095  data: 0.2053  max mem: 17018
Epoch: [2]  [30/95]  eta: 0:01:30  lr: 0.000100  loss: 0.0355 (0.0374)  loss_CrossEntropy: 0.0355 (0.0374)  time: 1.3930  data: 0.4002  max mem: 17018
Epoch: [2]  [40/95]  eta: 0:01:10  lr: 0.000100  loss: 0.0330 (0.0361)  loss_CrossEntropy: 0.0330 (0.0361)  time: 1.2877  data: 0.2403  max mem: 17018
Epoch: [2]  [50/95]  eta: 0:01:02  lr: 0.000100  loss: 0.0307 (0.0351)  loss_CrossEntropy: 0.0307 (0.0351)  time: 1.3937  data: 0.3961  max mem: 17018
Epoch: [2]  [60/95]  eta: 0:00:53  lr: 0.000100  loss: 0.0301 (0.0349)  loss_CrossEntropy: 0.0301 (0.0349)  time: 1.5362  data: 0.5346  max mem: 17018
Epoch: [2]  [70/95]  eta: 0:00:37  lr: 0.000100  loss: 0.0309 (0.0347)  loss_CrossEntropy: 0.0309 (0.0347)  time: 1.5087  data: 0.4628  max mem: 17018
Epoch: [2]  [80/95]  eta: 0:00:24  lr: 0.000100  loss: 0.0314 (0.0345)  loss_CrossEntropy: 0.0314 (0.0345)  time: 1.6049  data: 0.6205  max mem: 17018
Epoch: [2]  [90/95]  eta: 0:00:06  lr: 0.000100  loss: 0.0341 (0.0346)  loss_CrossEntropy: 0.0341 (0.0346)  time: 1.2246  data: 0.2189  max mem: 17018
Epoch: [2]  [94/95]  eta: 0:00:01  lr: 0.000100  loss: 0.0345 (0.0346)  loss_CrossEntropy: 0.0345 (0.0346)  time: 1.4012  data: 0.3943  max mem: 17018
Epoch: [2] Total time: 0:02:04 (1.3155 s / it)
Averaged stats: lr: 0.000100  loss: 0.0345 (0.0346)  loss_CrossEntropy: 0.0345 (0.0346)
Test:  [ 0/19]  eta: 0:00:01  loss: 1.8082 (1.8082)  loss_CrossEntropy: 1.8082 (1.8082)  Rv: 0.0000 (0.0000)  Lv: 0.0079 (0.0079)  Myo: 0.0078 (0.0078)  Avg: 0.0052 (0.0052)  time: 0.0564  data: 0.0359  max mem: 17018
Test:  [10/19]  eta: 0:00:00  loss: 1.4974 (1.5062)  loss_CrossEntropy: 1.4974 (1.5062)  Rv: 0.0878 (0.0954)  Lv: 0.1222 (0.0998)  Myo: 0.3362 (0.2921)  Avg: 0.1588 (0.1624)  time: 0.0404  data: 0.0200  max mem: 17018
Test:  [18/19]  eta: 0:00:00  loss: 1.5610 (1.5455)  loss_CrossEntropy: 1.5610 (1.5455)  Rv: 0.0558 (0.0691)  Lv: 0.1116 (0.1005)  Myo: 0.3362 (0.3034)  Avg: 0.1588 (0.1577)  time: 0.2166  data: 0.1986  max mem: 17018
Test: Total time: 0:00:02 (0.1474 s / it)
Averaged stats: loss: 1.5610 (1.5455)  loss_CrossEntropy: 1.5610 (1.5455)  Rv: 0.0558 (0.0691)  Lv: 0.1116 (0.1005)  Myo: 0.3362 (0.3034)  Avg: 0.1588 (0.1577)
dice score: 0.15768897371660723
Update best model!
cutout loss: 0.05384574085474014
original loss: 0.03855312243103981
integrity loss: 0.020941143855452538
invariant loss: 0.01945812813937664
Epoch: [3]  [ 0/95]  eta: 0:01:59  lr: 0.000100  loss: 0.0386 (0.0386)  loss_CrossEntropy: 0.0386 (0.0386)  time: 1.2532  data: 0.2308  max mem: 17018
Epoch: [3]  [10/95]  eta: 0:01:40  lr: 0.000100  loss: 0.0340 (0.0328)  loss_CrossEntropy: 0.0340 (0.0328)  time: 1.1814  data: 0.1793  max mem: 17018
Epoch: [3]  [20/95]  eta: 0:01:37  lr: 0.000100  loss: 0.0298 (0.0327)  loss_CrossEntropy: 0.0298 (0.0327)  time: 1.3035  data: 0.3064  max mem: 17018
Epoch: [3]  [30/95]  eta: 0:01:10  lr: 0.000100  loss: 0.0295 (0.0313)  loss_CrossEntropy: 0.0295 (0.0313)  time: 1.0853  data: 0.0816  max mem: 17018
Epoch: [3]  [40/95]  eta: 0:00:59  lr: 0.000100  loss: 0.0296 (0.0313)  loss_CrossEntropy: 0.0296 (0.0313)  time: 1.0754  data: 0.0928  max mem: 17018
Epoch: [3]  [50/95]  eta: 0:00:57  lr: 0.000100  loss: 0.0317 (0.0310)  loss_CrossEntropy: 0.0317 (0.0310)  time: 1.2676  data: 0.2788  max mem: 17018
Epoch: [3]  [60/95]  eta: 0:00:44  lr: 0.000100  loss: 0.0317 (0.0319)  loss_CrossEntropy: 0.0317 (0.0319)  time: 1.2590  data: 0.2647  max mem: 17021
Epoch: [3]  [70/95]  eta: 0:00:33  lr: 0.000100  loss: 0.0308 (0.0316)  loss_CrossEntropy: 0.0308 (0.0316)  time: 1.3374  data: 0.3375  max mem: 17021
Epoch: [3]  [80/95]  eta: 0:00:19  lr: 0.000100  loss: 0.0281 (0.0312)  loss_CrossEntropy: 0.0281 (0.0312)  time: 1.2876  data: 0.2801  max mem: 17021
Epoch: [3]  [90/95]  eta: 0:00:05  lr: 0.000100  loss: 0.0295 (0.0313)  loss_CrossEntropy: 0.0295 (0.0313)  time: 1.0720  data: 0.0403  max mem: 17021
Epoch: [3]  [94/95]  eta: 0:00:01  lr: 0.000100  loss: 0.0280 (0.0312)  loss_CrossEntropy: 0.0280 (0.0312)  time: 1.2607  data: 0.2772  max mem: 17021
Epoch: [3] Total time: 0:02:01 (1.2749 s / it)
Averaged stats: lr: 0.000100  loss: 0.0280 (0.0312)  loss_CrossEntropy: 0.0280 (0.0312)
Test:  [ 0/19]  eta: 0:00:01  loss: 2.0617 (2.0617)  loss_CrossEntropy: 2.0617 (2.0617)  Rv: 0.0000 (0.0000)  Lv: 0.0249 (0.0249)  Myo: 0.0189 (0.0189)  Avg: 0.0146 (0.0146)  time: 0.1019  data: 0.0813  max mem: 17021
Test:  [10/19]  eta: 0:00:03  loss: 1.3955 (1.4568)  loss_CrossEntropy: 1.3955 (1.4568)  Rv: 0.0662 (0.1046)  Lv: 0.1123 (0.1048)  Myo: 0.5497 (0.4135)  Avg: 0.2524 (0.2076)  time: 0.3755  data: 0.3420  max mem: 17021
Test:  [18/19]  eta: 0:00:00  loss: 1.2203 (1.3321)  loss_CrossEntropy: 1.2203 (1.3321)  Rv: 0.0337 (0.0789)  Lv: 0.1119 (0.1083)  Myo: 0.5497 (0.4576)  Avg: 0.2325 (0.2149)  time: 0.2845  data: 0.2544  max mem: 17021
Test: Total time: 0:00:02 (0.1494 s / it)
Averaged stats: loss: 1.2203 (1.3321)  loss_CrossEntropy: 1.2203 (1.3321)  Rv: 0.0337 (0.0789)  Lv: 0.1119 (0.1083)  Myo: 0.5497 (0.4576)  Avg: 0.2325 (0.2149)
dice score: 0.2149207780235692
Update best model!
cutout loss: 0.02735399454832077
original loss: 0.029924696311354637
integrity loss: 0.013578057289123535
invariant loss: 0.017102200537919998
Epoch: [4]  [ 0/95]  eta: 0:02:00  lr: 0.000100  loss: 0.0299 (0.0299)  loss_CrossEntropy: 0.0299 (0.0299)  time: 1.2670  data: 0.2625  max mem: 17021
Epoch: [4]  [10/95]  eta: 0:01:55  lr: 0.000100  loss: 0.0299 (0.0303)  loss_CrossEntropy: 0.0299 (0.0303)  time: 1.3582  data: 0.3551  max mem: 17021
Epoch: [4]  [20/95]  eta: 0:01:30  lr: 0.000100  loss: 0.0275 (0.0289)  loss_CrossEntropy: 0.0275 (0.0289)  time: 1.2082  data: 0.1899  max mem: 17021
Epoch: [4]  [30/95]  eta: 0:01:36  lr: 0.000100  loss: 0.0281 (0.0296)  loss_CrossEntropy: 0.0281 (0.0296)  time: 1.4771  data: 0.4851  max mem: 17021
Epoch: [4]  [40/95]  eta: 0:01:05  lr: 0.000100  loss: 0.0261 (0.0294)  loss_CrossEntropy: 0.0261 (0.0294)  time: 1.1996  data: 0.1826  max mem: 17021
Epoch: [4]  [50/95]  eta: 0:00:46  lr: 0.000100  loss: 0.0264 (0.0295)  loss_CrossEntropy: 0.0264 (0.0295)  time: 1.0250  data: 0.0423  max mem: 17021
Epoch: [4]  [60/95]  eta: 0:00:38  lr: 0.000100  loss: 0.0275 (0.0293)  loss_CrossEntropy: 0.0275 (0.0293)  time: 1.1128  data: 0.0371  max mem: 17021
Epoch: [4]  [70/95]  eta: 0:00:32  lr: 0.000100  loss: 0.0271 (0.0291)  loss_CrossEntropy: 0.0271 (0.0291)  time: 1.2833  data: 0.2748  max mem: 17021
Epoch: [4]  [80/95]  eta: 0:00:21  lr: 0.000100  loss: 0.0259 (0.0287)  loss_CrossEntropy: 0.0259 (0.0287)  time: 1.4035  data: 0.4162  max mem: 17021
Epoch: [4]  [90/95]  eta: 0:00:06  lr: 0.000100  loss: 0.0262 (0.0286)  loss_CrossEntropy: 0.0262 (0.0286)  time: 1.2667  data: 0.2742  max mem: 17021
Epoch: [4]  [94/95]  eta: 0:00:01  lr: 0.000100  loss: 0.0264 (0.0287)  loss_CrossEntropy: 0.0264 (0.0287)  time: 1.7470  data: 0.7588  max mem: 17021
Epoch: [4] Total time: 0:02:03 (1.3008 s / it)
Averaged stats: lr: 0.000100  loss: 0.0264 (0.0287)  loss_CrossEntropy: 0.0264 (0.0287)
Test:  [ 0/19]  eta: 0:00:04  loss: 2.3351 (2.3351)  loss_CrossEntropy: 2.3351 (2.3351)  Rv: 0.0000 (0.0000)  Lv: 0.0324 (0.0324)  Myo: 0.0308 (0.0308)  Avg: 0.0211 (0.0211)  time: 0.2288  data: 0.1958  max mem: 17021
Test:  [10/19]  eta: 0:00:00  loss: 1.8991 (1.9466)  loss_CrossEntropy: 1.8991 (1.9466)  Rv: 0.1136 (0.1420)  Lv: 0.0872 (0.0785)  Myo: 0.5962 (0.4503)  Avg: 0.2200 (0.2236)  time: 0.0529  data: 0.0318  max mem: 17021
Test:  [18/19]  eta: 0:00:00  loss: 1.8991 (1.9341)  loss_CrossEntropy: 1.8991 (1.9341)  Rv: 0.0555 (0.0963)  Lv: 0.0774 (0.0774)  Myo: 0.5773 (0.4915)  Avg: 0.2225 (0.2217)  time: 0.0330  data: 0.0157  max mem: 17021
Test: Total time: 0:00:03 (0.1825 s / it)
Averaged stats: loss: 1.8991 (1.9341)  loss_CrossEntropy: 1.8991 (1.9341)  Rv: 0.0555 (0.0963)  Lv: 0.0774 (0.0774)  Myo: 0.5773 (0.4915)  Avg: 0.2225 (0.2217)
dice score: 0.22173609761031052
Update best model!
cutout loss: 0.030938943848013878
original loss: 0.02750984951853752
integrity loss: 0.014395708218216896
invariant loss: 0.02074207179248333
Epoch: [5]  [ 0/95]  eta: 0:01:41  lr: 0.000100  loss: 0.0275 (0.0275)  loss_CrossEntropy: 0.0275 (0.0275)  time: 1.0676  data: 0.0691  max mem: 17021
Epoch: [5]  [10/95]  eta: 0:02:01  lr: 0.000100  loss: 0.0271 (0.0286)  loss_CrossEntropy: 0.0271 (0.0286)  time: 1.4239  data: 0.4291  max mem: 17021
Epoch: [5]  [20/95]  eta: 0:01:19  lr: 0.000100  loss: 0.0269 (0.0295)  loss_CrossEntropy: 0.0269 (0.0295)  time: 1.0587  data: 0.0444  max mem: 17021
Epoch: [5]  [30/95]  eta: 0:01:24  lr: 0.000100  loss: 0.0277 (0.0297)  loss_CrossEntropy: 0.0277 (0.0297)  time: 1.2948  data: 0.3088  max mem: 17021
Epoch: [5]  [40/95]  eta: 0:01:24  lr: 0.000100  loss: 0.0279 (0.0291)  loss_CrossEntropy: 0.0279 (0.0291)  time: 1.5374  data: 0.5546  max mem: 17021
Epoch: [5]  [50/95]  eta: 0:00:51  lr: 0.000100  loss: 0.0258 (0.0286)  loss_CrossEntropy: 0.0258 (0.0286)  time: 1.1390  data: 0.1303  max mem: 17021
Epoch: [5]  [60/95]  eta: 0:00:35  lr: 0.000100  loss: 0.0258 (0.0282)  loss_CrossEntropy: 0.0258 (0.0282)  time: 1.0102  data: 0.0310  max mem: 17021
Epoch: [5]  [70/95]  eta: 0:00:35  lr: 0.000100  loss: 0.0260 (0.0279)  loss_CrossEntropy: 0.0260 (0.0279)  time: 1.4089  data: 0.4269  max mem: 17021
Epoch: [5]  [80/95]  eta: 0:00:18  lr: 0.000100  loss: 0.0261 (0.0277)  loss_CrossEntropy: 0.0261 (0.0277)  time: 1.2640  data: 0.2853  max mem: 17021
Epoch: [5]  [90/95]  eta: 0:00:06  lr: 0.000100  loss: 0.0263 (0.0278)  loss_CrossEntropy: 0.0263 (0.0278)  time: 1.2615  data: 0.2794  max mem: 17021
Epoch: [5]  [94/95]  eta: 0:00:01  lr: 0.000100  loss: 0.0231 (0.0277)  loss_CrossEntropy: 0.0231 (0.0277)  time: 1.5732  data: 0.5836  max mem: 17021
Epoch: [5] Total time: 0:02:04 (1.3076 s / it)
Averaged stats: lr: 0.000100  loss: 0.0231 (0.0277)  loss_CrossEntropy: 0.0231 (0.0277)
Test:  [ 0/19]  eta: 0:00:01  loss: 2.6385 (2.6385)  loss_CrossEntropy: 2.6385 (2.6385)  Rv: 0.0000 (0.0000)  Lv: 0.0284 (0.0284)  Myo: 0.0277 (0.0277)  Avg: 0.0187 (0.0187)  time: 0.0690  data: 0.0478  max mem: 17021
Test:  [10/19]  eta: 0:00:00  loss: 2.3141 (2.2940)  loss_CrossEntropy: 2.3141 (2.2940)  Rv: 0.0688 (0.1128)  Lv: 0.0669 (0.0649)  Myo: 0.5394 (0.4407)  Avg: 0.2068 (0.2061)  time: 0.0402  data: 0.0193  max mem: 17021
Test:  [18/19]  eta: 0:00:00  loss: 2.2741 (2.2868)  loss_CrossEntropy: 2.2741 (2.2868)  Rv: 0.0419 (0.0746)  Lv: 0.0669 (0.0634)  Myo: 0.5901 (0.4801)  Avg: 0.2191 (0.2060)  time: 0.0325  data: 0.0153  max mem: 17021
Test: Total time: 0:00:02 (0.1443 s / it)
Averaged stats: loss: 2.2741 (2.2868)  loss_CrossEntropy: 2.2741 (2.2868)  Rv: 0.0419 (0.0746)  Lv: 0.0669 (0.0634)  Myo: 0.5901 (0.4801)  Avg: 0.2191 (0.2060)
dice score: 0.20601956222794557
cutout loss: 0.0430060438811779
original loss: 0.03692519664764404
integrity loss: 0.013513654470443726
invariant loss: 0.021807963028550148
Epoch: [6]  [ 0/95]  eta: 0:01:50  lr: 0.000100  loss: 0.0369 (0.0369)  loss_CrossEntropy: 0.0369 (0.0369)  time: 1.1657  data: 0.1707  max mem: 17021
Epoch: [6]  [10/95]  eta: 0:01:48  lr: 0.000100  loss: 0.0251 (0.0280)  loss_CrossEntropy: 0.0251 (0.0280)  time: 1.2789  data: 0.2925  max mem: 17021
Epoch: [6]  [20/95]  eta: 0:02:16  lr: 0.000100  loss: 0.0268 (0.0281)  loss_CrossEntropy: 0.0268 (0.0281)  time: 1.8194  data: 0.8301  max mem: 17021
Epoch: [6]  [30/95]  eta: 0:01:35  lr: 0.000100  loss: 0.0249 (0.0270)  loss_CrossEntropy: 0.0249 (0.0270)  time: 1.4646  data: 0.4703  max mem: 17021
Epoch: [6]  [40/95]  eta: 0:01:05  lr: 0.000100  loss: 0.0235 (0.0271)  loss_CrossEntropy: 0.0235 (0.0271)  time: 1.1867  data: 0.2057  max mem: 17021
Epoch: [6]  [50/95]  eta: 0:01:11  lr: 0.000100  loss: 0.0246 (0.0268)  loss_CrossEntropy: 0.0246 (0.0268)  time: 1.5780  data: 0.6013  max mem: 17021
Epoch: [6]  [60/95]  eta: 0:00:40  lr: 0.000100  loss: 0.0246 (0.0263)  loss_CrossEntropy: 0.0246 (0.0263)  time: 1.1503  data: 0.1607  max mem: 17021
Epoch: [6]  [70/95]  eta: 0:00:31  lr: 0.000100  loss: 0.0241 (0.0261)  loss_CrossEntropy: 0.0241 (0.0261)  time: 1.2486  data: 0.2585  max mem: 17021
Epoch: [6]  [80/95]  eta: 0:00:15  lr: 0.000100  loss: 0.0236 (0.0262)  loss_CrossEntropy: 0.0236 (0.0262)  time: 1.0385  data: 0.0504  max mem: 17021
Epoch: [6]  [90/95]  eta: 0:00:07  lr: 0.000100  loss: 0.0249 (0.0261)  loss_CrossEntropy: 0.0249 (0.0261)  time: 1.4968  data: 0.5124  max mem: 17021
Epoch: [6]  [94/95]  eta: 0:00:01  lr: 0.000100  loss: 0.0231 (0.0261)  loss_CrossEntropy: 0.0231 (0.0261)  time: 1.5555  data: 0.5652  max mem: 17021
Epoch: [6] Total time: 0:02:06 (1.3356 s / it)
Averaged stats: lr: 0.000100  loss: 0.0231 (0.0261)  loss_CrossEntropy: 0.0231 (0.0261)
Test:  [ 0/19]  eta: 0:00:07  loss: 1.8901 (1.8901)  loss_CrossEntropy: 1.8901 (1.8901)  Rv: 0.0000 (0.0000)  Lv: 0.0353 (0.0353)  Myo: 0.0332 (0.0332)  Avg: 0.0228 (0.0228)  time: 0.4003  data: 0.3671  max mem: 17021
Test:  [10/19]  eta: 0:00:00  loss: 1.7285 (1.7467)  loss_CrossEntropy: 1.7285 (1.7467)  Rv: 0.2300 (0.2293)  Lv: 0.0862 (0.0826)  Myo: 0.6920 (0.5497)  Avg: 0.2754 (0.2872)  time: 0.0620  data: 0.0401  max mem: 17021
Test:  [18/19]  eta: 0:00:00  loss: 1.7460 (1.7885)  loss_CrossEntropy: 1.7460 (1.7885)  Rv: 0.1008 (0.1508)  Lv: 0.0793 (0.0803)  Myo: 0.7308 (0.6258)  Avg: 0.2754 (0.2856)  time: 0.0425  data: 0.0245  max mem: 17021
Test: Total time: 0:00:02 (0.1528 s / it)
Averaged stats: loss: 1.7460 (1.7885)  loss_CrossEntropy: 1.7460 (1.7885)  Rv: 0.1008 (0.1508)  Lv: 0.0793 (0.0803)  Myo: 0.7308 (0.6258)  Avg: 0.2754 (0.2856)
dice score: 0.2856411760378825
Update best model!
cutout loss: 0.04528699815273285
original loss: 0.024144740775227547
integrity loss: 0.011852294206619263
invariant loss: 0.01812695898115635
Epoch: [7]  [ 0/95]  eta: 0:01:37  lr: 0.000100  loss: 0.0241 (0.0241)  loss_CrossEntropy: 0.0241 (0.0241)  time: 1.0277  data: 0.0314  max mem: 17021
Epoch: [7]  [10/95]  eta: 0:01:31  lr: 0.000100  loss: 0.0231 (0.0248)  loss_CrossEntropy: 0.0231 (0.0248)  time: 1.0758  data: 0.0425  max mem: 17021
Epoch: [7]  [20/95]  eta: 0:01:30  lr: 0.000100  loss: 0.0231 (0.0266)  loss_CrossEntropy: 0.0231 (0.0266)  time: 1.2045  data: 0.2130  max mem: 17021
Epoch: [7]  [30/95]  eta: 0:01:12  lr: 0.000100  loss: 0.0253 (0.0264)  loss_CrossEntropy: 0.0253 (0.0264)  time: 1.1224  data: 0.1315  max mem: 17021
Epoch: [7]  [40/95]  eta: 0:01:08  lr: 0.000100  loss: 0.0232 (0.0261)  loss_CrossEntropy: 0.0232 (0.0261)  time: 1.2402  data: 0.2452  max mem: 17021
Epoch: [7]  [50/95]  eta: 0:00:49  lr: 0.000100  loss: 0.0224 (0.0251)  loss_CrossEntropy: 0.0224 (0.0251)  time: 1.1056  data: 0.1208  max mem: 17021
Epoch: [7]  [60/95]  eta: 0:01:01  lr: 0.000100  loss: 0.0225 (0.0254)  loss_CrossEntropy: 0.0225 (0.0254)  time: 1.7470  data: 0.7547  max mem: 17021
Epoch: [7]  [70/95]  eta: 0:00:38  lr: 0.000100  loss: 0.0241 (0.0251)  loss_CrossEntropy: 0.0241 (0.0251)  time: 1.5230  data: 0.5303  max mem: 17021
Epoch: [7]  [80/95]  eta: 0:00:21  lr: 0.000100  loss: 0.0238 (0.0252)  loss_CrossEntropy: 0.0238 (0.0252)  time: 1.4547  data: 0.4647  max mem: 17021
Epoch: [7]  [90/95]  eta: 0:00:07  lr: 0.000100  loss: 0.0243 (0.0252)  loss_CrossEntropy: 0.0243 (0.0252)  time: 1.5794  data: 0.5959  max mem: 17021
Epoch: [7]  [94/95]  eta: 0:00:01  lr: 0.000100  loss: 0.0246 (0.0252)  loss_CrossEntropy: 0.0246 (0.0252)  time: 1.2159  data: 0.2253  max mem: 17021
Epoch: [7] Total time: 0:02:03 (1.3007 s / it)
Averaged stats: lr: 0.000100  loss: 0.0246 (0.0252)  loss_CrossEntropy: 0.0246 (0.0252)
Test:  [ 0/19]  eta: 0:00:07  loss: 2.0423 (2.0423)  loss_CrossEntropy: 2.0423 (2.0423)  Rv: 0.0000 (0.0000)  Lv: 0.0401 (0.0401)  Myo: 0.0323 (0.0323)  Avg: 0.0241 (0.0241)  time: 0.3882  data: 0.3534  max mem: 17021
Test:  [10/19]  eta: 0:00:00  loss: 1.8903 (1.8930)  loss_CrossEntropy: 1.8903 (1.8930)  Rv: 0.3410 (0.3435)  Lv: 0.0914 (0.0846)  Myo: 0.1849 (0.2471)  Avg: 0.2480 (0.2250)  time: 0.0827  data: 0.0616  max mem: 17021
Test:  [18/19]  eta: 0:00:00  loss: 1.8903 (1.8995)  loss_CrossEntropy: 1.8903 (1.8995)  Rv: 0.1176 (0.2182)  Lv: 0.0816 (0.0840)  Myo: 0.3875 (0.3807)  Avg: 0.2457 (0.2276)  time: 0.0333  data: 0.0159  max mem: 17021
Test: Total time: 0:00:03 (0.1823 s / it)
Averaged stats: loss: 1.8903 (1.8995)  loss_CrossEntropy: 1.8903 (1.8995)  Rv: 0.1176 (0.2182)  Lv: 0.0816 (0.0840)  Myo: 0.3875 (0.3807)  Avg: 0.2457 (0.2276)
dice score: 0.22761085021652674
cutout loss: 0.024990972131490707
original loss: 0.03005312755703926
integrity loss: 0.01773318089544773
invariant loss: 0.015141081996262074
Epoch: [8]  [ 0/95]  eta: 0:02:19  lr: 0.000100  loss: 0.0301 (0.0301)  loss_CrossEntropy: 0.0301 (0.0301)  time: 1.4717  data: 0.4831  max mem: 17021
Epoch: [8]  [10/95]  eta: 0:01:53  lr: 0.000100  loss: 0.0219 (0.0229)  loss_CrossEntropy: 0.0219 (0.0229)  time: 1.3354  data: 0.3552  max mem: 17021
Epoch: [8]  [20/95]  eta: 0:01:39  lr: 0.000100  loss: 0.0226 (0.0232)  loss_CrossEntropy: 0.0226 (0.0232)  time: 1.3257  data: 0.3119  max mem: 17021
Epoch: [8]  [30/95]  eta: 0:01:39  lr: 0.000100  loss: 0.0239 (0.0249)  loss_CrossEntropy: 0.0239 (0.0249)  time: 1.5262  data: 0.5314  max mem: 17021
Epoch: [8]  [40/95]  eta: 0:01:19  lr: 0.000100  loss: 0.0259 (0.0251)  loss_CrossEntropy: 0.0259 (0.0251)  time: 1.4506  data: 0.4460  max mem: 17021
Epoch: [8]  [50/95]  eta: 0:00:51  lr: 0.000100  loss: 0.0255 (0.0249)  loss_CrossEntropy: 0.0255 (0.0249)  time: 1.1407  data: 0.1339  max mem: 17021
Epoch: [8]  [60/95]  eta: 0:00:41  lr: 0.000100  loss: 0.0238 (0.0249)  loss_CrossEntropy: 0.0238 (0.0249)  time: 1.1737  data: 0.1818  max mem: 17021
Epoch: [8]  [70/95]  eta: 0:00:32  lr: 0.000100  loss: 0.0234 (0.0243)  loss_CrossEntropy: 0.0234 (0.0243)  time: 1.3156  data: 0.3381  max mem: 17021
Epoch: [8]  [80/95]  eta: 0:00:22  lr: 0.000100  loss: 0.0199 (0.0241)  loss_CrossEntropy: 0.0199 (0.0241)  time: 1.4951  data: 0.5075  max mem: 17021
Epoch: [8]  [90/95]  eta: 0:00:05  lr: 0.000100  loss: 0.0192 (0.0238)  loss_CrossEntropy: 0.0192 (0.0238)  time: 1.0607  data: 0.0550  max mem: 17021
Epoch: [8]  [94/95]  eta: 0:00:01  lr: 0.000100  loss: 0.0199 (0.0238)  loss_CrossEntropy: 0.0199 (0.0238)  time: 1.3740  data: 0.3839  max mem: 17021
Epoch: [8] Total time: 0:02:05 (1.3193 s / it)
Averaged stats: lr: 0.000100  loss: 0.0199 (0.0238)  loss_CrossEntropy: 0.0199 (0.0238)
Test:  [ 0/19]  eta: 0:00:01  loss: 1.8562 (1.8562)  loss_CrossEntropy: 1.8562 (1.8562)  Rv: 0.0000 (0.0000)  Lv: 0.0335 (0.0335)  Myo: 0.0342 (0.0342)  Avg: 0.0225 (0.0225)  time: 0.0916  data: 0.0709  max mem: 17021
Test:  [10/19]  eta: 0:00:02  loss: 1.7827 (1.7868)  loss_CrossEntropy: 1.7827 (1.7868)  Rv: 0.2048 (0.1817)  Lv: 0.0818 (0.0786)  Myo: 0.6044 (0.4666)  Avg: 0.2780 (0.2423)  time: 0.2259  data: 0.2048  max mem: 17021
Test:  [18/19]  eta: 0:00:00  loss: 1.8562 (1.8578)  loss_CrossEntropy: 1.8562 (1.8578)  Rv: 0.0723 (0.1169)  Lv: 0.0774 (0.0757)  Myo: 0.5892 (0.5095)  Avg: 0.2421 (0.2340)  time: 0.2835  data: 0.2535  max mem: 17021
Test: Total time: 0:00:03 (0.1892 s / it)
Averaged stats: loss: 1.8562 (1.8578)  loss_CrossEntropy: 1.8562 (1.8578)  Rv: 0.0723 (0.1169)  Lv: 0.0774 (0.0757)  Myo: 0.5892 (0.5095)  Avg: 0.2421 (0.2340)
dice score: 0.2340105657318705
cutout loss: 0.029656801372766495
original loss: 0.016746949404478073
integrity loss: 0.014198362827301025
invariant loss: 0.01910833828151226
Epoch: [9]  [ 0/95]  eta: 0:01:37  lr: 0.000100  loss: 0.0167 (0.0167)  loss_CrossEntropy: 0.0167 (0.0167)  time: 1.0290  data: 0.0356  max mem: 17021
Epoch: [9]  [10/95]  eta: 0:01:55  lr: 0.000100  loss: 0.0207 (0.0231)  loss_CrossEntropy: 0.0207 (0.0231)  time: 1.3547  data: 0.3603  max mem: 17021
Epoch: [9]  [20/95]  eta: 0:01:19  lr: 0.000100  loss: 0.0220 (0.0230)  loss_CrossEntropy: 0.0220 (0.0230)  time: 1.0610  data: 0.0830  max mem: 17021
Epoch: [9]  [30/95]  eta: 0:01:09  lr: 0.000100  loss: 0.0228 (0.0241)  loss_CrossEntropy: 0.0228 (0.0241)  time: 1.0635  data: 0.0394  max mem: 17021
Epoch: [9]  [40/95]  eta: 0:01:44  lr: 0.000100  loss: 0.0252 (0.0244)  loss_CrossEntropy: 0.0252 (0.0244)  time: 1.8971  data: 0.8990  max mem: 17021
Epoch: [9]  [50/95]  eta: 0:01:02  lr: 0.000100  loss: 0.0246 (0.0244)  loss_CrossEntropy: 0.0246 (0.0244)  time: 1.3787  data: 0.3893  max mem: 17021
Epoch: [9]  [60/95]  eta: 0:00:43  lr: 0.000100  loss: 0.0216 (0.0240)  loss_CrossEntropy: 0.0216 (0.0240)  time: 1.2295  data: 0.2537  max mem: 17021
Epoch: [9]  [70/95]  eta: 0:00:29  lr: 0.000100  loss: 0.0202 (0.0235)  loss_CrossEntropy: 0.0202 (0.0235)  time: 1.1891  data: 0.1992  max mem: 17021
Epoch: [9]  [80/95]  eta: 0:00:20  lr: 0.000100  loss: 0.0214 (0.0235)  loss_CrossEntropy: 0.0214 (0.0235)  time: 1.3708  data: 0.3814  max mem: 17021
Epoch: [9]  [90/95]  eta: 0:00:05  lr: 0.000100  loss: 0.0213 (0.0230)  loss_CrossEntropy: 0.0213 (0.0230)  time: 1.0356  data: 0.0405  max mem: 17021
Epoch: [9]  [94/95]  eta: 0:00:01  lr: 0.000100  loss: 0.0210 (0.0227)  loss_CrossEntropy: 0.0210 (0.0227)  time: 1.1189  data: 0.1300  max mem: 17021
Epoch: [9] Total time: 0:02:03 (1.2983 s / it)
Averaged stats: lr: 0.000100  loss: 0.0210 (0.0227)  loss_CrossEntropy: 0.0210 (0.0227)
Test:  [ 0/19]  eta: 0:00:01  loss: 1.8092 (1.8092)  loss_CrossEntropy: 1.8092 (1.8092)  Rv: 0.0000 (0.0000)  Lv: 0.0410 (0.0410)  Myo: 0.0342 (0.0342)  Avg: 0.0251 (0.0251)  time: 0.0739  data: 0.0531  max mem: 17021
Test:  [10/19]  eta: 0:00:00  loss: 1.5023 (1.5298)  loss_CrossEntropy: 1.5023 (1.5298)  Rv: 0.2798 (0.2258)  Lv: 0.0968 (0.0923)  Myo: 0.5219 (0.4102)  Avg: 0.2487 (0.2428)  time: 0.0450  data: 0.0240  max mem: 17021
Test:  [18/19]  eta: 0:00:00  loss: 1.4680 (1.5033)  loss_CrossEntropy: 1.4680 (1.5033)  Rv: 0.1273 (0.1551)  Lv: 0.0898 (0.0922)  Myo: 0.5467 (0.4864)  Avg: 0.2560 (0.2446)  time: 0.0323  data: 0.0152  max mem: 17021
Test: Total time: 0:00:03 (0.1583 s / it)
Averaged stats: loss: 1.4680 (1.5033)  loss_CrossEntropy: 1.4680 (1.5033)  Rv: 0.1273 (0.1551)  Lv: 0.0898 (0.0922)  Myo: 0.5467 (0.4864)  Avg: 0.2560 (0.2446)
dice score: 0.24458192602584236
cutout loss: 0.03700666502118111
original loss: 0.020478956401348114
integrity loss: 0.013971412554383278
invariant loss: 0.01768331043422222
Epoch: [10]  [ 0/95]  eta: 0:02:18  lr: 0.000100  loss: 0.0205 (0.0205)  loss_CrossEntropy: 0.0205 (0.0205)  time: 1.4554  data: 0.4578  max mem: 17021
Epoch: [10]  [10/95]  eta: 0:02:09  lr: 0.000100  loss: 0.0180 (0.0192)  loss_CrossEntropy: 0.0180 (0.0192)  time: 1.5260  data: 0.5504  max mem: 17021
Epoch: [10]  [20/95]  eta: 0:01:45  lr: 0.000100  loss: 0.0201 (0.0206)  loss_CrossEntropy: 0.0201 (0.0206)  time: 1.4024  data: 0.4196  max mem: 17021
Epoch: [10]  [30/95]  eta: 0:01:19  lr: 0.000100  loss: 0.0223 (0.0221)  loss_CrossEntropy: 0.0223 (0.0221)  time: 1.2207  data: 0.2267  max mem: 17021
Epoch: [10]  [40/95]  eta: 0:01:29  lr: 0.000100  loss: 0.0230 (0.0223)  loss_CrossEntropy: 0.0230 (0.0223)  time: 1.6319  data: 0.6332  max mem: 17021
Epoch: [10]  [50/95]  eta: 0:00:53  lr: 0.000100  loss: 0.0185 (0.0215)  loss_CrossEntropy: 0.0185 (0.0215)  time: 1.1862  data: 0.1873  max mem: 17021
Epoch: [10]  [60/95]  eta: 0:00:56  lr: 0.000100  loss: 0.0181 (0.0213)  loss_CrossEntropy: 0.0181 (0.0213)  time: 1.6235  data: 0.6337  max mem: 17021
Epoch: [10]  [70/95]  eta: 0:00:30  lr: 0.000100  loss: 0.0221 (0.0215)  loss_CrossEntropy: 0.0221 (0.0215)  time: 1.2398  data: 0.2345  max mem: 17021
Epoch: [10]  [80/95]  eta: 0:00:19  lr: 0.000100  loss: 0.0212 (0.0213)  loss_CrossEntropy: 0.0212 (0.0213)  time: 1.3319  data: 0.3472  max mem: 17021
Epoch: [10]  [90/95]  eta: 0:00:07  lr: 0.000100  loss: 0.0216 (0.0214)  loss_CrossEntropy: 0.0216 (0.0214)  time: 1.5495  data: 0.5222  max mem: 17021
Epoch: [10]  [94/95]  eta: 0:00:01  lr: 0.000100  loss: 0.0204 (0.0214)  loss_CrossEntropy: 0.0204 (0.0214)  time: 1.7433  data: 0.7600  max mem: 17021
Epoch: [10] Total time: 0:02:07 (1.3426 s / it)
Averaged stats: lr: 0.000100  loss: 0.0204 (0.0214)  loss_CrossEntropy: 0.0204 (0.0214)
Test:  [ 0/19]  eta: 0:00:02  loss: 1.7739 (1.7739)  loss_CrossEntropy: 1.7739 (1.7739)  Rv: 0.0000 (0.0000)  Lv: 0.0354 (0.0354)  Myo: 0.0338 (0.0338)  Avg: 0.0231 (0.0231)  time: 0.1528  data: 0.1319  max mem: 17021
Test:  [10/19]  eta: 0:00:01  loss: 1.8017 (1.8472)  loss_CrossEntropy: 1.8017 (1.8472)  Rv: 0.2064 (0.2421)  Lv: 0.0860 (0.0786)  Myo: 0.6127 (0.5259)  Avg: 0.3101 (0.2822)  time: 0.1676  data: 0.1123  max mem: 17021
Test:  [18/19]  eta: 0:00:00  loss: 1.9112 (1.9236)  loss_CrossEntropy: 1.9112 (1.9236)  Rv: 0.1132 (0.1585)  Lv: 0.0749 (0.0761)  Myo: 0.7243 (0.6166)  Avg: 0.2825 (0.2837)  time: 0.0408  data: 0.0229  max mem: 17021
Test: Total time: 0:00:02 (0.1310 s / it)
Averaged stats: loss: 1.9112 (1.9236)  loss_CrossEntropy: 1.9112 (1.9236)  Rv: 0.1132 (0.1585)  Lv: 0.0749 (0.0761)  Myo: 0.7243 (0.6166)  Avg: 0.2825 (0.2837)
dice score: 0.2837386498913953
cutout loss: 0.024613317102193832
original loss: 0.01514752209186554
integrity loss: 0.01352961640805006
invariant loss: 0.01785523258149624
Epoch: [11]  [ 0/95]  eta: 0:02:28  lr: 0.000100  loss: 0.0151 (0.0151)  loss_CrossEntropy: 0.0151 (0.0151)  time: 1.5668  data: 0.5661  max mem: 17021
Epoch: [11]  [10/95]  eta: 0:01:31  lr: 0.000100  loss: 0.0192 (0.0239)  loss_CrossEntropy: 0.0192 (0.0239)  time: 1.0743  data: 0.0915  max mem: 17021
Epoch: [11]  [20/95]  eta: 0:01:30  lr: 0.000100  loss: 0.0202 (0.0238)  loss_CrossEntropy: 0.0202 (0.0238)  time: 1.2023  data: 0.2218  max mem: 17021
Epoch: [11]  [30/95]  eta: 0:01:30  lr: 0.000100  loss: 0.0210 (0.0236)  loss_CrossEntropy: 0.0210 (0.0236)  time: 1.3932  data: 0.4021  max mem: 17021
Epoch: [11]  [40/95]  eta: 0:01:01  lr: 0.000100  loss: 0.0209 (0.0232)  loss_CrossEntropy: 0.0209 (0.0232)  time: 1.1262  data: 0.1311  max mem: 17021
Epoch: [11]  [50/95]  eta: 0:00:59  lr: 0.000100  loss: 0.0200 (0.0224)  loss_CrossEntropy: 0.0200 (0.0224)  time: 1.3273  data: 0.3272  max mem: 17021
Epoch: [11]  [60/95]  eta: 0:00:46  lr: 0.000100  loss: 0.0197 (0.0221)  loss_CrossEntropy: 0.0197 (0.0221)  time: 1.3406  data: 0.3446  max mem: 17021
Epoch: [11]  [70/95]  eta: 0:00:34  lr: 0.000100  loss: 0.0218 (0.0221)  loss_CrossEntropy: 0.0218 (0.0221)  time: 1.3750  data: 0.3832  max mem: 17021
Epoch: [11]  [80/95]  eta: 0:00:21  lr: 0.000100  loss: 0.0202 (0.0218)  loss_CrossEntropy: 0.0202 (0.0218)  time: 1.4166  data: 0.4324  max mem: 17021
Epoch: [11]  [90/95]  eta: 0:00:05  lr: 0.000100  loss: 0.0182 (0.0215)  loss_CrossEntropy: 0.0182 (0.0215)  time: 1.0855  data: 0.0934  max mem: 17021
Epoch: [11]  [94/95]  eta: 0:00:01  lr: 0.000100  loss: 0.0192 (0.0215)  loss_CrossEntropy: 0.0192 (0.0215)  time: 1.2896  data: 0.3024  max mem: 17021
Epoch: [11] Total time: 0:02:04 (1.3087 s / it)
Averaged stats: lr: 0.000100  loss: 0.0192 (0.0215)  loss_CrossEntropy: 0.0192 (0.0215)
Test:  [ 0/19]  eta: 0:00:06  loss: 2.1331 (2.1331)  loss_CrossEntropy: 2.1331 (2.1331)  Rv: 0.0000 (0.0000)  Lv: 0.0257 (0.0257)  Myo: 0.0266 (0.0266)  Avg: 0.0174 (0.0174)  time: 0.3575  data: 0.3242  max mem: 17021
Test:  [10/19]  eta: 0:00:02  loss: 1.9301 (1.9346)  loss_CrossEntropy: 1.9301 (1.9346)  Rv: 0.2501 (0.2232)  Lv: 0.0800 (0.0716)  Myo: 0.3852 (0.4101)  Avg: 0.2296 (0.2350)  time: 0.3160  data: 0.2948  max mem: 17021
Test:  [18/19]  eta: 0:00:00  loss: 1.9619 (1.9662)  loss_CrossEntropy: 1.9619 (1.9662)  Rv: 0.1224 (0.1473)  Lv: 0.0707 (0.0678)  Myo: 0.5998 (0.5055)  Avg: 0.2343 (0.2402)  time: 0.2018  data: 0.1836  max mem: 17021
Test: Total time: 0:00:04 (0.2204 s / it)
Averaged stats: loss: 1.9619 (1.9662)  loss_CrossEntropy: 1.9619 (1.9662)  Rv: 0.1224 (0.1473)  Lv: 0.0707 (0.0678)  Myo: 0.5998 (0.5055)  Avg: 0.2343 (0.2402)
dice score: 0.24017608283381714
cutout loss: 0.030855685472488403
original loss: 0.013459490612149239
integrity loss: 0.01223784126341343
invariant loss: 0.018498903140425682
Epoch: [12]  [ 0/95]  eta: 0:01:55  lr: 0.000100  loss: 0.0135 (0.0135)  loss_CrossEntropy: 0.0135 (0.0135)  time: 1.2110  data: 0.2066  max mem: 17021
Epoch: [12]  [10/95]  eta: 0:01:26  lr: 0.000100  loss: 0.0177 (0.0216)  loss_CrossEntropy: 0.0177 (0.0216)  time: 1.0120  data: 0.0351  max mem: 17021
Epoch: [12]  [20/95]  eta: 0:01:17  lr: 0.000100  loss: 0.0190 (0.0223)  loss_CrossEntropy: 0.0190 (0.0223)  time: 1.0275  data: 0.0356  max mem: 17021
Epoch: [12]  [30/95]  eta: 0:01:25  lr: 0.000100  loss: 0.0189 (0.0219)  loss_CrossEntropy: 0.0189 (0.0219)  time: 1.3158  data: 0.3343  max mem: 17021
Epoch: [12]  [40/95]  eta: 0:01:12  lr: 0.000100  loss: 0.0175 (0.0213)  loss_CrossEntropy: 0.0175 (0.0213)  time: 1.3146  data: 0.3156  max mem: 17021
Epoch: [12]  [50/95]  eta: 0:00:58  lr: 0.000100  loss: 0.0165 (0.0211)  loss_CrossEntropy: 0.0165 (0.0211)  time: 1.3065  data: 0.3257  max mem: 17021
Epoch: [12]  [60/95]  eta: 0:00:45  lr: 0.000100  loss: 0.0181 (0.0210)  loss_CrossEntropy: 0.0181 (0.0210)  time: 1.3013  data: 0.3153  max mem: 17021
Epoch: [12]  [70/95]  eta: 0:00:31  lr: 0.000100  loss: 0.0181 (0.0206)  loss_CrossEntropy: 0.0181 (0.0206)  time: 1.2451  data: 0.2509  max mem: 17021
Epoch: [12]  [80/95]  eta: 0:00:28  lr: 0.000100  loss: 0.0181 (0.0209)  loss_CrossEntropy: 0.0181 (0.0209)  time: 1.9001  data: 0.9171  max mem: 17021
Epoch: [12]  [90/95]  eta: 0:00:07  lr: 0.000100  loss: 0.0182 (0.0206)  loss_CrossEntropy: 0.0182 (0.0206)  time: 1.5726  data: 0.5893  max mem: 17021
Epoch: [12]  [94/95]  eta: 0:00:01  lr: 0.000100  loss: 0.0182 (0.0205)  loss_CrossEntropy: 0.0182 (0.0205)  time: 1.4006  data: 0.4122  max mem: 17021
Epoch: [12] Total time: 0:02:06 (1.3317 s / it)
Averaged stats: lr: 0.000100  loss: 0.0182 (0.0205)  loss_CrossEntropy: 0.0182 (0.0205)
Test:  [ 0/19]  eta: 0:00:03  loss: 1.7985 (1.7985)  loss_CrossEntropy: 1.7985 (1.7985)  Rv: 0.0000 (0.0000)  Lv: 0.0413 (0.0413)  Myo: 0.0246 (0.0246)  Avg: 0.0220 (0.0220)  time: 0.1601  data: 0.1393  max mem: 17021
Test:  [10/19]  eta: 0:00:00  loss: 1.6146 (1.5989)  loss_CrossEntropy: 1.6146 (1.5989)  Rv: 0.2451 (0.2237)  Lv: 0.0896 (0.0869)  Myo: 0.4787 (0.4116)  Avg: 0.2447 (0.2408)  time: 0.0502  data: 0.0293  max mem: 17021
Test:  [18/19]  eta: 0:00:00  loss: 1.5966 (1.6009)  loss_CrossEntropy: 1.5966 (1.6009)  Rv: 0.1025 (0.1495)  Lv: 0.0871 (0.0875)  Myo: 0.5500 (0.5177)  Avg: 0.2625 (0.2516)  time: 0.1944  data: 0.1642  max mem: 17021
Test: Total time: 0:00:02 (0.1450 s / it)
Averaged stats: loss: 1.5966 (1.6009)  loss_CrossEntropy: 1.5966 (1.6009)  Rv: 0.1025 (0.1495)  Lv: 0.0871 (0.0875)  Myo: 0.5500 (0.5177)  Avg: 0.2625 (0.2516)
dice score: 0.25157260022273187
cutout loss: 0.01725846342742443
original loss: 0.01278775930404663
integrity loss: 0.012070191092789173
invariant loss: 0.017381906509399414
Epoch: [13]  [ 0/95]  eta: 0:01:36  lr: 0.000100  loss: 0.0128 (0.0128)  loss_CrossEntropy: 0.0128 (0.0128)  time: 1.0204  data: 0.0300  max mem: 17021
Epoch: [13]  [10/95]  eta: 0:01:52  lr: 0.000100  loss: 0.0178 (0.0186)  loss_CrossEntropy: 0.0178 (0.0186)  time: 1.3217  data: 0.3150  max mem: 17021
Epoch: [13]  [20/95]  eta: 0:01:50  lr: 0.000100  loss: 0.0200 (0.0202)  loss_CrossEntropy: 0.0200 (0.0202)  time: 1.4699  data: 0.4547  max mem: 17021
Epoch: [13]  [30/95]  eta: 0:01:20  lr: 0.000100  loss: 0.0190 (0.0196)  loss_CrossEntropy: 0.0190 (0.0196)  time: 1.2367  data: 0.2478  max mem: 17021
Epoch: [13]  [40/95]  eta: 0:01:08  lr: 0.000100  loss: 0.0175 (0.0191)  loss_CrossEntropy: 0.0175 (0.0191)  time: 1.2513  data: 0.2486  max mem: 17021
Epoch: [13]  [50/95]  eta: 0:01:05  lr: 0.000100  loss: 0.0175 (0.0189)  loss_CrossEntropy: 0.0175 (0.0189)  time: 1.4570  data: 0.4831  max mem: 17021
Epoch: [13]  [60/95]  eta: 0:00:54  lr: 0.000100  loss: 0.0184 (0.0200)  loss_CrossEntropy: 0.0184 (0.0200)  time: 1.5575  data: 0.5738  max mem: 17021
Epoch: [13]  [70/95]  eta: 0:00:32  lr: 0.000100  loss: 0.0211 (0.0203)  loss_CrossEntropy: 0.0211 (0.0203)  time: 1.2863  data: 0.2944  max mem: 17021
Epoch: [13]  [80/95]  eta: 0:00:20  lr: 0.000100  loss: 0.0181 (0.0203)  loss_CrossEntropy: 0.0181 (0.0203)  time: 1.3378  data: 0.3509  max mem: 17021
Epoch: [13]  [90/95]  eta: 0:00:10  lr: 0.000100  loss: 0.0181 (0.0204)  loss_CrossEntropy: 0.0181 (0.0204)  time: 2.0188  data: 1.0297  max mem: 17021
Epoch: [13]  [94/95]  eta: 0:00:01  lr: 0.000100  loss: 0.0179 (0.0203)  loss_CrossEntropy: 0.0179 (0.0203)  time: 1.2009  data: 0.2072  max mem: 17021
Epoch: [13] Total time: 0:02:03 (1.3002 s / it)
Averaged stats: lr: 0.000100  loss: 0.0179 (0.0203)  loss_CrossEntropy: 0.0179 (0.0203)
Test:  [ 0/19]  eta: 0:00:05  loss: 2.2168 (2.2168)  loss_CrossEntropy: 2.2168 (2.2168)  Rv: 0.0000 (0.0000)  Lv: 0.0354 (0.0354)  Myo: 0.0314 (0.0314)  Avg: 0.0223 (0.0223)  time: 0.2978  data: 0.2505  max mem: 17021
Test:  [10/19]  eta: 0:00:03  loss: 1.7631 (1.7672)  loss_CrossEntropy: 1.7631 (1.7672)  Rv: 0.2527 (0.2655)  Lv: 0.0975 (0.0886)  Myo: 0.7677 (0.5752)  Avg: 0.3058 (0.3098)  time: 0.3599  data: 0.3272  max mem: 17021
Test:  [18/19]  eta: 0:00:00  loss: 1.7765 (1.7882)  loss_CrossEntropy: 1.7765 (1.7882)  Rv: 0.1184 (0.1785)  Lv: 0.0859 (0.0859)  Myo: 0.7443 (0.6422)  Avg: 0.3024 (0.3022)  time: 0.0401  data: 0.0223  max mem: 17021
Test: Total time: 0:00:03 (0.1616 s / it)
Averaged stats: loss: 1.7765 (1.7882)  loss_CrossEntropy: 1.7765 (1.7882)  Rv: 0.1184 (0.1785)  Lv: 0.0859 (0.0859)  Myo: 0.7443 (0.6422)  Avg: 0.3024 (0.3022)
dice score: 0.3021981985749383
Update best model!
cutout loss: 0.02204619161784649
original loss: 0.02094641886651516
integrity loss: 0.015791958197951317
invariant loss: 0.019042253494262695
Epoch: [14]  [ 0/95]  eta: 0:01:39  lr: 0.000100  loss: 0.0209 (0.0209)  loss_CrossEntropy: 0.0209 (0.0209)  time: 1.0489  data: 0.0466  max mem: 17021
Epoch: [14]  [10/95]  eta: 0:01:31  lr: 0.000100  loss: 0.0193 (0.0223)  loss_CrossEntropy: 0.0193 (0.0223)  time: 1.0714  data: 0.0882  max mem: 17021
Epoch: [14]  [20/95]  eta: 0:01:43  lr: 0.000100  loss: 0.0186 (0.0214)  loss_CrossEntropy: 0.0186 (0.0214)  time: 1.3863  data: 0.4006  max mem: 17021
Epoch: [14]  [30/95]  eta: 0:01:37  lr: 0.000100  loss: 0.0186 (0.0204)  loss_CrossEntropy: 0.0186 (0.0204)  time: 1.5021  data: 0.5140  max mem: 17021
Epoch: [14]  [40/95]  eta: 0:01:15  lr: 0.000100  loss: 0.0166 (0.0196)  loss_CrossEntropy: 0.0166 (0.0196)  time: 1.3769  data: 0.3867  max mem: 17021
Epoch: [14]  [50/95]  eta: 0:00:45  lr: 0.000100  loss: 0.0166 (0.0192)  loss_CrossEntropy: 0.0166 (0.0192)  time: 1.0081  data: 0.0313  max mem: 17021
Epoch: [14]  [60/95]  eta: 0:00:50  lr: 0.000100  loss: 0.0185 (0.0196)  loss_CrossEntropy: 0.0185 (0.0196)  time: 1.4485  data: 0.4348  max mem: 17021
Epoch: [14]  [70/95]  eta: 0:00:28  lr: 0.000100  loss: 0.0190 (0.0195)  loss_CrossEntropy: 0.0190 (0.0195)  time: 1.1412  data: 0.1443  max mem: 17021
Epoch: [14]  [80/95]  eta: 0:00:21  lr: 0.000100  loss: 0.0198 (0.0194)  loss_CrossEntropy: 0.0198 (0.0194)  time: 1.4067  data: 0.4158  max mem: 17021
Epoch: [14]  [90/95]  eta: 0:00:07  lr: 0.000100  loss: 0.0169 (0.0191)  loss_CrossEntropy: 0.0169 (0.0191)  time: 1.4334  data: 0.4475  max mem: 17021
Epoch: [14]  [94/95]  eta: 0:00:01  lr: 0.000100  loss: 0.0169 (0.0191)  loss_CrossEntropy: 0.0169 (0.0191)  time: 1.2526  data: 0.2663  max mem: 17021
Epoch: [14] Total time: 0:02:04 (1.3104 s / it)
Averaged stats: lr: 0.000100  loss: 0.0169 (0.0191)  loss_CrossEntropy: 0.0169 (0.0191)
Test:  [ 0/19]  eta: 0:00:04  loss: 1.8965 (1.8965)  loss_CrossEntropy: 1.8965 (1.8965)  Rv: 0.0000 (0.0000)  Lv: 0.0327 (0.0327)  Myo: 0.0369 (0.0369)  Avg: 0.0232 (0.0232)  time: 0.2521  data: 0.2313  max mem: 17021
Test:  [10/19]  eta: 0:00:02  loss: 1.8119 (1.7741)  loss_CrossEntropy: 1.8119 (1.7741)  Rv: 0.1174 (0.1514)  Lv: 0.0774 (0.0755)  Myo: 0.6915 (0.5236)  Avg: 0.2958 (0.2501)  time: 0.2675  data: 0.2464  max mem: 17021
Test:  [18/19]  eta: 0:00:00  loss: 1.8119 (1.7946)  loss_CrossEntropy: 1.8119 (1.7946)  Rv: 0.1048 (0.1055)  Lv: 0.0738 (0.0749)  Myo: 0.7089 (0.6204)  Avg: 0.2783 (0.2670)  time: 0.2200  data: 0.1891  max mem: 17021
Test: Total time: 0:00:04 (0.2269 s / it)
Averaged stats: loss: 1.8119 (1.7946)  loss_CrossEntropy: 1.8119 (1.7946)  Rv: 0.1048 (0.1055)  Lv: 0.0738 (0.0749)  Myo: 0.7089 (0.6204)  Avg: 0.2783 (0.2670)
dice score: 0.2669539254550871
cutout loss: 0.03395896032452583
original loss: 0.0139586441218853
integrity loss: 0.013900614343583584
invariant loss: 0.020363373681902885
Epoch: [15]  [ 0/95]  eta: 0:02:12  lr: 0.000100  loss: 0.0140 (0.0140)  loss_CrossEntropy: 0.0140 (0.0140)  time: 1.3913  data: 0.3740  max mem: 17021
Epoch: [15]  [10/95]  eta: 0:01:42  lr: 0.000100  loss: 0.0140 (0.0169)  loss_CrossEntropy: 0.0140 (0.0169)  time: 1.2035  data: 0.1579  max mem: 17021
Epoch: [15]  [20/95]  eta: 0:01:33  lr: 0.000100  loss: 0.0156 (0.0166)  loss_CrossEntropy: 0.0156 (0.0166)  time: 1.2513  data: 0.2512  max mem: 17021
Epoch: [15]  [30/95]  eta: 0:01:23  lr: 0.000100  loss: 0.0180 (0.0183)  loss_CrossEntropy: 0.0180 (0.0183)  time: 1.2772  data: 0.2734  max mem: 17021
Epoch: [15]  [40/95]  eta: 0:01:05  lr: 0.000100  loss: 0.0207 (0.0186)  loss_CrossEntropy: 0.0207 (0.0186)  time: 1.1863  data: 0.1876  max mem: 17021
Epoch: [15]  [50/95]  eta: 0:00:57  lr: 0.000100  loss: 0.0167 (0.0181)  loss_CrossEntropy: 0.0167 (0.0181)  time: 1.2842  data: 0.3084  max mem: 17021
Epoch: [15]  [60/95]  eta: 0:00:51  lr: 0.000100  loss: 0.0172 (0.0187)  loss_CrossEntropy: 0.0172 (0.0187)  time: 1.4708  data: 0.4708  max mem: 17021
Epoch: [15]  [70/95]  eta: 0:00:39  lr: 0.000100  loss: 0.0213 (0.0196)  loss_CrossEntropy: 0.0213 (0.0196)  time: 1.5866  data: 0.5951  max mem: 17021
Epoch: [15]  [80/95]  eta: 0:00:18  lr: 0.000100  loss: 0.0222 (0.0198)  loss_CrossEntropy: 0.0222 (0.0198)  time: 1.2656  data: 0.2823  max mem: 17021
Epoch: [15]  [90/95]  eta: 0:00:07  lr: 0.000100  loss: 0.0182 (0.0195)  loss_CrossEntropy: 0.0182 (0.0195)  time: 1.4670  data: 0.4792  max mem: 17021
Epoch: [15]  [94/95]  eta: 0:00:01  lr: 0.000100  loss: 0.0194 (0.0195)  loss_CrossEntropy: 0.0194 (0.0195)  time: 1.3759  data: 0.3831  max mem: 17021
Epoch: [15] Total time: 0:02:04 (1.3117 s / it)
Averaged stats: lr: 0.000100  loss: 0.0194 (0.0195)  loss_CrossEntropy: 0.0194 (0.0195)
Test:  [ 0/19]  eta: 0:00:02  loss: 2.0402 (2.0402)  loss_CrossEntropy: 2.0402 (2.0402)  Rv: 0.0000 (0.0000)  Lv: 0.0364 (0.0364)  Myo: 0.0338 (0.0338)  Avg: 0.0234 (0.0234)  time: 0.1398  data: 0.1194  max mem: 17021
Test:  [10/19]  eta: 0:00:00  loss: 1.8001 (1.8040)  loss_CrossEntropy: 1.8001 (1.8040)  Rv: 0.2603 (0.3003)  Lv: 0.0892 (0.0837)  Myo: 0.2739 (0.3203)  Avg: 0.2772 (0.2348)  time: 0.0504  data: 0.0288  max mem: 17021
Test:  [18/19]  eta: 0:00:00  loss: 1.7863 (1.7939)  loss_CrossEntropy: 1.7863 (1.7939)  Rv: 0.1190 (0.1993)  Lv: 0.0812 (0.0827)  Myo: 0.5004 (0.4480)  Avg: 0.2623 (0.2433)  time: 0.3073  data: 0.2795  max mem: 17021
Test: Total time: 0:00:03 (0.1818 s / it)
Averaged stats: loss: 1.7863 (1.7939)  loss_CrossEntropy: 1.7863 (1.7939)  Rv: 0.1190 (0.1993)  Lv: 0.0812 (0.0827)  Myo: 0.5004 (0.4480)  Avg: 0.2623 (0.2433)
dice score: 0.24332428037335999
cutout loss: 0.022395217791199684
original loss: 0.017473386600613594
integrity loss: 0.013728839345276356
invariant loss: 0.014813834801316261
Epoch: [16]  [ 0/95]  eta: 0:01:52  lr: 0.000100  loss: 0.0175 (0.0175)  loss_CrossEntropy: 0.0175 (0.0175)  time: 1.1858  data: 0.1933  max mem: 17021
Epoch: [16]  [10/95]  eta: 0:01:59  lr: 0.000100  loss: 0.0188 (0.0180)  loss_CrossEntropy: 0.0188 (0.0180)  time: 1.4025  data: 0.4196  max mem: 17021
Epoch: [16]  [20/95]  eta: 0:01:37  lr: 0.000100  loss: 0.0188 (0.0176)  loss_CrossEntropy: 0.0188 (0.0176)  time: 1.3040  data: 0.3036  max mem: 17021
Epoch: [16]  [30/95]  eta: 0:01:42  lr: 0.000100  loss: 0.0194 (0.0184)  loss_CrossEntropy: 0.0194 (0.0184)  time: 1.5762  data: 0.5880  max mem: 17021
Epoch: [16]  [40/95]  eta: 0:01:23  lr: 0.000100  loss: 0.0181 (0.0187)  loss_CrossEntropy: 0.0181 (0.0187)  time: 1.5189  data: 0.5109  max mem: 17021
Epoch: [16]  [50/95]  eta: 0:00:49  lr: 0.000100  loss: 0.0174 (0.0183)  loss_CrossEntropy: 0.0174 (0.0183)  time: 1.1047  data: 0.1243  max mem: 17021
Epoch: [16]  [60/95]  eta: 0:00:44  lr: 0.000100  loss: 0.0174 (0.0182)  loss_CrossEntropy: 0.0174 (0.0182)  time: 1.2662  data: 0.2745  max mem: 17021
Epoch: [16]  [70/95]  eta: 0:00:34  lr: 0.000100  loss: 0.0183 (0.0182)  loss_CrossEntropy: 0.0183 (0.0182)  time: 1.3799  data: 0.3910  max mem: 17021
Epoch: [16]  [80/95]  eta: 0:00:18  lr: 0.000100  loss: 0.0174 (0.0184)  loss_CrossEntropy: 0.0174 (0.0184)  time: 1.2345  data: 0.2427  max mem: 17021
Epoch: [16]  [90/95]  eta: 0:00:06  lr: 0.000100  loss: 0.0174 (0.0189)  loss_CrossEntropy: 0.0174 (0.0189)  time: 1.2433  data: 0.2447  max mem: 17021
Epoch: [16]  [94/95]  eta: 0:00:01  lr: 0.000100  loss: 0.0166 (0.0187)  loss_CrossEntropy: 0.0166 (0.0187)  time: 1.4996  data: 0.5176  max mem: 17021
Epoch: [16] Total time: 0:02:06 (1.3283 s / it)
Averaged stats: lr: 0.000100  loss: 0.0166 (0.0187)  loss_CrossEntropy: 0.0166 (0.0187)
Test:  [ 0/19]  eta: 0:00:00  loss: 1.8440 (1.8440)  loss_CrossEntropy: 1.8440 (1.8440)  Rv: 0.0000 (0.0000)  Lv: 0.0299 (0.0299)  Myo: 0.0261 (0.0261)  Avg: 0.0187 (0.0187)  time: 0.0523  data: 0.0318  max mem: 17021
Test:  [10/19]  eta: 0:00:01  loss: 1.5396 (1.5854)  loss_CrossEntropy: 1.5396 (1.5854)  Rv: 0.2588 (0.2691)  Lv: 0.0988 (0.0886)  Myo: 0.7514 (0.5290)  Avg: 0.3276 (0.2956)  time: 0.1119  data: 0.0914  max mem: 17021
Test:  [18/19]  eta: 0:00:00  loss: 1.6105 (1.6195)  loss_CrossEntropy: 1.6105 (1.6195)  Rv: 0.1235 (0.1815)  Lv: 0.0922 (0.0859)  Myo: 0.6242 (0.5578)  Avg: 0.2865 (0.2751)  time: 0.0770  data: 0.0598  max mem: 17021
Test: Total time: 0:00:02 (0.1492 s / it)
Averaged stats: loss: 1.6105 (1.6195)  loss_CrossEntropy: 1.6105 (1.6195)  Rv: 0.1235 (0.1815)  Lv: 0.0922 (0.0859)  Myo: 0.6242 (0.5578)  Avg: 0.2865 (0.2751)
dice score: 0.2750531984002967
cutout loss: 0.030460109934210777
original loss: 0.01586567983031273
integrity loss: 0.009949124418199062
invariant loss: 0.019019240513443947
Epoch: [17]  [ 0/95]  eta: 0:01:51  lr: 0.000100  loss: 0.0159 (0.0159)  loss_CrossEntropy: 0.0159 (0.0159)  time: 1.1779  data: 0.1928  max mem: 17021
Epoch: [17]  [10/95]  eta: 0:01:44  lr: 0.000100  loss: 0.0176 (0.0199)  loss_CrossEntropy: 0.0176 (0.0199)  time: 1.2300  data: 0.2514  max mem: 17021
Epoch: [17]  [20/95]  eta: 0:01:42  lr: 0.000100  loss: 0.0176 (0.0198)  loss_CrossEntropy: 0.0176 (0.0198)  time: 1.3629  data: 0.3469  max mem: 17021
Epoch: [17]  [30/95]  eta: 0:01:36  lr: 0.000100  loss: 0.0170 (0.0193)  loss_CrossEntropy: 0.0170 (0.0193)  time: 1.4856  data: 0.4617  max mem: 17021
Epoch: [17]  [40/95]  eta: 0:01:15  lr: 0.000100  loss: 0.0175 (0.0192)  loss_CrossEntropy: 0.0175 (0.0192)  time: 1.3696  data: 0.3842  max mem: 17021
Epoch: [17]  [50/95]  eta: 0:01:11  lr: 0.000100  loss: 0.0175 (0.0189)  loss_CrossEntropy: 0.0175 (0.0189)  time: 1.5961  data: 0.6124  max mem: 17021
Epoch: [17]  [60/95]  eta: 0:00:43  lr: 0.000100  loss: 0.0158 (0.0184)  loss_CrossEntropy: 0.0158 (0.0184)  time: 1.2382  data: 0.2625  max mem: 17021
Epoch: [17]  [70/95]  eta: 0:00:35  lr: 0.000100  loss: 0.0155 (0.0181)  loss_CrossEntropy: 0.0155 (0.0181)  time: 1.4395  data: 0.4500  max mem: 17021
Epoch: [17]  [80/95]  eta: 0:00:25  lr: 0.000100  loss: 0.0156 (0.0180)  loss_CrossEntropy: 0.0156 (0.0180)  time: 1.6783  data: 0.7031  max mem: 17021
Epoch: [17]  [90/95]  eta: 0:00:07  lr: 0.000100  loss: 0.0160 (0.0180)  loss_CrossEntropy: 0.0160 (0.0180)  time: 1.4392  data: 0.4567  max mem: 17021
Epoch: [17]  [94/95]  eta: 0:00:01  lr: 0.000100  loss: 0.0155 (0.0179)  loss_CrossEntropy: 0.0155 (0.0179)  time: 1.2665  data: 0.2762  max mem: 17021
Epoch: [17] Total time: 0:02:06 (1.3340 s / it)
Averaged stats: lr: 0.000100  loss: 0.0155 (0.0179)  loss_CrossEntropy: 0.0155 (0.0179)
Test:  [ 0/19]  eta: 0:00:03  loss: 1.7323 (1.7323)  loss_CrossEntropy: 1.7323 (1.7323)  Rv: 0.0000 (0.0000)  Lv: 0.0445 (0.0445)  Myo: 0.0366 (0.0366)  Avg: 0.0270 (0.0270)  time: 0.1855  data: 0.1632  max mem: 17021
Test:  [10/19]  eta: 0:00:00  loss: 1.5693 (1.5931)  loss_CrossEntropy: 1.5693 (1.5931)  Rv: 0.2943 (0.3074)  Lv: 0.0944 (0.0878)  Myo: 0.7213 (0.5470)  Avg: 0.3440 (0.3141)  time: 0.0496  data: 0.0285  max mem: 17021
Test:  [18/19]  eta: 0:00:00  loss: 1.5442 (1.5622)  loss_CrossEntropy: 1.5442 (1.5622)  Rv: 0.1482 (0.2137)  Lv: 0.0838 (0.0864)  Myo: 0.7609 (0.6511)  Avg: 0.3433 (0.3171)  time: 0.0331  data: 0.0158  max mem: 17021
Test: Total time: 0:00:02 (0.1497 s / it)
Averaged stats: loss: 1.5442 (1.5622)  loss_CrossEntropy: 1.5442 (1.5622)  Rv: 0.1482 (0.2137)  Lv: 0.0838 (0.0864)  Myo: 0.7609 (0.6511)  Avg: 0.3433 (0.3171)
dice score: 0.3170677741107188
Update best model!
cutout loss: 0.018053416162729263
original loss: 0.013807015493512154
integrity loss: 0.012420296669006348
invariant loss: 0.019045192748308182
Epoch: [18]  [ 0/95]  eta: 0:02:16  lr: 0.000100  loss: 0.0138 (0.0138)  loss_CrossEntropy: 0.0138 (0.0138)  time: 1.4351  data: 0.4403  max mem: 17021
Epoch: [18]  [10/95]  eta: 0:02:09  lr: 0.000100  loss: 0.0149 (0.0178)  loss_CrossEntropy: 0.0149 (0.0178)  time: 1.5220  data: 0.5450  max mem: 17021
Epoch: [18]  [20/95]  eta: 0:01:48  lr: 0.000100  loss: 0.0164 (0.0189)  loss_CrossEntropy: 0.0164 (0.0189)  time: 1.4417  data: 0.4566  max mem: 17021
Epoch: [18]  [30/95]  eta: 0:01:19  lr: 0.000100  loss: 0.0177 (0.0190)  loss_CrossEntropy: 0.0177 (0.0190)  time: 1.2184  data: 0.2172  max mem: 17021
Epoch: [18]  [40/95]  eta: 0:01:08  lr: 0.000100  loss: 0.0166 (0.0182)  loss_CrossEntropy: 0.0166 (0.0182)  time: 1.2388  data: 0.2395  max mem: 17021
Epoch: [18]  [50/95]  eta: 0:01:02  lr: 0.000100  loss: 0.0157 (0.0177)  loss_CrossEntropy: 0.0157 (0.0177)  time: 1.3876  data: 0.3987  max mem: 17021
Epoch: [18]  [60/95]  eta: 0:00:42  lr: 0.000100  loss: 0.0157 (0.0177)  loss_CrossEntropy: 0.0157 (0.0177)  time: 1.2095  data: 0.2200  max mem: 17021
Epoch: [18]  [70/95]  eta: 0:00:31  lr: 0.000100  loss: 0.0191 (0.0178)  loss_CrossEntropy: 0.0191 (0.0178)  time: 1.2671  data: 0.2653  max mem: 17021
Epoch: [18]  [80/95]  eta: 0:00:18  lr: 0.000100  loss: 0.0189 (0.0178)  loss_CrossEntropy: 0.0189 (0.0178)  time: 1.2140  data: 0.2396  max mem: 17021
Epoch: [18]  [90/95]  eta: 0:00:06  lr: 0.000100  loss: 0.0172 (0.0176)  loss_CrossEntropy: 0.0172 (0.0176)  time: 1.2572  data: 0.2668  max mem: 17021
Epoch: [18]  [94/95]  eta: 0:00:01  lr: 0.000100  loss: 0.0155 (0.0175)  loss_CrossEntropy: 0.0155 (0.0175)  time: 1.6114  data: 0.5703  max mem: 17021
Epoch: [18] Total time: 0:02:06 (1.3349 s / it)
Averaged stats: lr: 0.000100  loss: 0.0155 (0.0175)  loss_CrossEntropy: 0.0155 (0.0175)
Test:  [ 0/19]  eta: 0:00:08  loss: 1.8866 (1.8866)  loss_CrossEntropy: 1.8866 (1.8866)  Rv: 0.0000 (0.0000)  Lv: 0.0321 (0.0321)  Myo: 0.0390 (0.0390)  Avg: 0.0237 (0.0237)  time: 0.4472  data: 0.4141  max mem: 17021
Test:  [10/19]  eta: 0:00:00  loss: 1.7295 (1.7330)  loss_CrossEntropy: 1.7295 (1.7330)  Rv: 0.2604 (0.2832)  Lv: 0.0890 (0.0821)  Myo: 0.6917 (0.5682)  Avg: 0.3316 (0.3111)  time: 0.0968  data: 0.0757  max mem: 17021
Test:  [18/19]  eta: 0:00:00  loss: 1.7579 (1.7741)  loss_CrossEntropy: 1.7579 (1.7741)  Rv: 0.1249 (0.1917)  Lv: 0.0783 (0.0797)  Myo: 0.7549 (0.6555)  Avg: 0.3085 (0.3089)  time: 0.0325  data: 0.0154  max mem: 17021
Test: Total time: 0:00:03 (0.1702 s / it)
Averaged stats: loss: 1.7579 (1.7741)  loss_CrossEntropy: 1.7579 (1.7741)  Rv: 0.1249 (0.1917)  Lv: 0.0783 (0.0797)  Myo: 0.7549 (0.6555)  Avg: 0.3085 (0.3089)
dice score: 0.3089285660535097
cutout loss: 0.02699657902121544
original loss: 0.020514486357569695
integrity loss: 0.011607551947236061
invariant loss: 0.01814171113073826
Epoch: [19]  [ 0/95]  eta: 0:01:56  lr: 0.000100  loss: 0.0205 (0.0205)  loss_CrossEntropy: 0.0205 (0.0205)  time: 1.2269  data: 0.2394  max mem: 17021
Epoch: [19]  [10/95]  eta: 0:01:46  lr: 0.000100  loss: 0.0162 (0.0148)  loss_CrossEntropy: 0.0162 (0.0148)  time: 1.2546  data: 0.2587  max mem: 17021
Epoch: [19]  [20/95]  eta: 0:01:37  lr: 0.000100  loss: 0.0158 (0.0158)  loss_CrossEntropy: 0.0158 (0.0158)  time: 1.3017  data: 0.2581  max mem: 17021
Epoch: [19]  [30/95]  eta: 0:01:20  lr: 0.000100  loss: 0.0165 (0.0164)  loss_CrossEntropy: 0.0165 (0.0164)  time: 1.2454  data: 0.2623  max mem: 17021
Epoch: [19]  [40/95]  eta: 0:01:16  lr: 0.000100  loss: 0.0177 (0.0168)  loss_CrossEntropy: 0.0177 (0.0168)  time: 1.3960  data: 0.3630  max mem: 17021
Epoch: [19]  [50/95]  eta: 0:01:09  lr: 0.000100  loss: 0.0171 (0.0171)  loss_CrossEntropy: 0.0171 (0.0171)  time: 1.5507  data: 0.5477  max mem: 17021
Epoch: [19]  [60/95]  eta: 0:00:58  lr: 0.000100  loss: 0.0169 (0.0170)  loss_CrossEntropy: 0.0169 (0.0170)  time: 1.6689  data: 0.6832  max mem: 17021
Epoch: [19]  [70/95]  eta: 0:00:28  lr: 0.000100  loss: 0.0152 (0.0172)  loss_CrossEntropy: 0.0152 (0.0172)  time: 1.1390  data: 0.1534  max mem: 17021
Epoch: [19]  [80/95]  eta: 0:00:20  lr: 0.000100  loss: 0.0168 (0.0172)  loss_CrossEntropy: 0.0168 (0.0172)  time: 1.3638  data: 0.3754  max mem: 17021
Epoch: [19]  [90/95]  eta: 0:00:06  lr: 0.000100  loss: 0.0154 (0.0171)  loss_CrossEntropy: 0.0154 (0.0171)  time: 1.3414  data: 0.3566  max mem: 17021
Epoch: [19]  [94/95]  eta: 0:00:01  lr: 0.000100  loss: 0.0163 (0.0171)  loss_CrossEntropy: 0.0163 (0.0171)  time: 1.5170  data: 0.5245  max mem: 17021
Epoch: [19] Total time: 0:02:04 (1.3086 s / it)
Averaged stats: lr: 0.000100  loss: 0.0163 (0.0171)  loss_CrossEntropy: 0.0163 (0.0171)
Test:  [ 0/19]  eta: 0:00:07  loss: 1.9083 (1.9083)  loss_CrossEntropy: 1.9083 (1.9083)  Rv: 0.0000 (0.0000)  Lv: 0.0363 (0.0363)  Myo: 0.0156 (0.0156)  Avg: 0.0173 (0.0173)  time: 0.3934  data: 0.3611  max mem: 17021
Test:  [10/19]  eta: 0:00:00  loss: 1.6465 (1.6455)  loss_CrossEntropy: 1.6465 (1.6455)  Rv: 0.1726 (0.1992)  Lv: 0.0986 (0.0905)  Myo: 0.7390 (0.4982)  Avg: 0.3166 (0.2626)  time: 0.0514  data: 0.0304  max mem: 17021
Test:  [18/19]  eta: 0:00:00  loss: 1.6585 (1.6594)  loss_CrossEntropy: 1.6585 (1.6594)  Rv: 0.1162 (0.1364)  Lv: 0.0872 (0.0868)  Myo: 0.7155 (0.5728)  Avg: 0.2848 (0.2653)  time: 0.2567  data: 0.2385  max mem: 17021
Test: Total time: 0:00:04 (0.2190 s / it)
Averaged stats: loss: 1.6585 (1.6594)  loss_CrossEntropy: 1.6585 (1.6594)  Rv: 0.1162 (0.1364)  Lv: 0.0872 (0.0868)  Myo: 0.7155 (0.5728)  Avg: 0.2848 (0.2653)
dice score: 0.2653328458729543
cutout loss: 0.03508380427956581
original loss: 0.01430848240852356
integrity loss: 0.00958166178315878
invariant loss: 0.020087897777557373
Epoch: [20]  [ 0/95]  eta: 0:02:15  lr: 0.000100  loss: 0.0143 (0.0143)  loss_CrossEntropy: 0.0143 (0.0143)  time: 1.4227  data: 0.3941  max mem: 17021
Epoch: [20]  [10/95]  eta: 0:01:53  lr: 0.000100  loss: 0.0163 (0.0168)  loss_CrossEntropy: 0.0163 (0.0168)  time: 1.3334  data: 0.3295  max mem: 17021
Epoch: [20]  [20/95]  eta: 0:01:51  lr: 0.000100  loss: 0.0148 (0.0160)  loss_CrossEntropy: 0.0148 (0.0160)  time: 1.4801  data: 0.4999  max mem: 17021
Epoch: [20]  [30/95]  eta: 0:01:18  lr: 0.000100  loss: 0.0154 (0.0161)  loss_CrossEntropy: 0.0154 (0.0161)  time: 1.2058  data: 0.2255  max mem: 17021
Epoch: [20]  [40/95]  eta: 0:01:07  lr: 0.000100  loss: 0.0165 (0.0167)  loss_CrossEntropy: 0.0165 (0.0167)  time: 1.2314  data: 0.2440  max mem: 17021
Epoch: [20]  [50/95]  eta: 0:01:01  lr: 0.000100  loss: 0.0166 (0.0170)  loss_CrossEntropy: 0.0166 (0.0170)  time: 1.3661  data: 0.3806  max mem: 17021
Epoch: [20]  [60/95]  eta: 0:01:05  lr: 0.000100  loss: 0.0156 (0.0168)  loss_CrossEntropy: 0.0156 (0.0168)  time: 1.8801  data: 0.8752  max mem: 17021
Epoch: [20]  [70/95]  eta: 0:00:38  lr: 0.000100  loss: 0.0143 (0.0167)  loss_CrossEntropy: 0.0143 (0.0167)  time: 1.5426  data: 0.5511  max mem: 17021
Epoch: [20]  [80/95]  eta: 0:00:19  lr: 0.000100  loss: 0.0170 (0.0170)  loss_CrossEntropy: 0.0170 (0.0170)  time: 1.3035  data: 0.3253  max mem: 17021
Epoch: [20]  [90/95]  eta: 0:00:05  lr: 0.000100  loss: 0.0181 (0.0172)  loss_CrossEntropy: 0.0181 (0.0172)  time: 1.0724  data: 0.0316  max mem: 17021
Epoch: [20]  [94/95]  eta: 0:00:01  lr: 0.000100  loss: 0.0155 (0.0172)  loss_CrossEntropy: 0.0155 (0.0172)  time: 1.9716  data: 0.8994  max mem: 17021
Epoch: [20] Total time: 0:02:04 (1.3126 s / it)
Averaged stats: lr: 0.000100  loss: 0.0155 (0.0172)  loss_CrossEntropy: 0.0155 (0.0172)
Test:  [ 0/19]  eta: 0:00:03  loss: 1.7817 (1.7817)  loss_CrossEntropy: 1.7817 (1.7817)  Rv: 0.0000 (0.0000)  Lv: 0.0294 (0.0294)  Myo: 0.0360 (0.0360)  Avg: 0.0218 (0.0218)  time: 0.1852  data: 0.1647  max mem: 17021
Test:  [10/19]  eta: 0:00:00  loss: 1.7817 (1.8172)  loss_CrossEntropy: 1.7817 (1.8172)  Rv: 0.4018 (0.4417)  Lv: 0.0830 (0.0768)  Myo: 0.2278 (0.3076)  Avg: 0.2481 (0.2754)  time: 0.0442  data: 0.0239  max mem: 17021
Test:  [18/19]  eta: 0:00:00  loss: 1.8754 (1.8969)  loss_CrossEntropy: 1.8754 (1.8969)  Rv: 0.1255 (0.2720)  Lv: 0.0753 (0.0737)  Myo: 0.4178 (0.4261)  Avg: 0.2435 (0.2573)  time: 0.0478  data: 0.0298  max mem: 17021
Test: Total time: 0:00:02 (0.1180 s / it)
Averaged stats: loss: 1.8754 (1.8969)  loss_CrossEntropy: 1.8754 (1.8969)  Rv: 0.1255 (0.2720)  Lv: 0.0753 (0.0737)  Myo: 0.4178 (0.4261)  Avg: 0.2435 (0.2573)
dice score: 0.25725974377832916
cutout loss: 0.0393514521420002
original loss: 0.014652892015874386
integrity loss: 0.012063122354447842
invariant loss: 0.02063663676381111
Epoch: [21]  [ 0/95]  eta: 0:01:57  lr: 0.000100  loss: 0.0147 (0.0147)  loss_CrossEntropy: 0.0147 (0.0147)  time: 1.2413  data: 0.2451  max mem: 17021
Epoch: [21]  [10/95]  eta: 0:02:20  lr: 0.000100  loss: 0.0151 (0.0173)  loss_CrossEntropy: 0.0151 (0.0173)  time: 1.6568  data: 0.6364  max mem: 17021
Epoch: [21]  [20/95]  eta: 0:01:18  lr: 0.000100  loss: 0.0165 (0.0169)  loss_CrossEntropy: 0.0165 (0.0169)  time: 1.0512  data: 0.0560  max mem: 17021
Epoch: [21]  [30/95]  eta: 0:01:24  lr: 0.000100  loss: 0.0144 (0.0162)  loss_CrossEntropy: 0.0144 (0.0162)  time: 1.2946  data: 0.2531  max mem: 17021
Epoch: [21]  [40/95]  eta: 0:01:29  lr: 0.000100  loss: 0.0151 (0.0168)  loss_CrossEntropy: 0.0151 (0.0168)  time: 1.6186  data: 0.6162  max mem: 17021
Epoch: [21]  [50/95]  eta: 0:01:04  lr: 0.000100  loss: 0.0170 (0.0171)  loss_CrossEntropy: 0.0170 (0.0171)  time: 1.4419  data: 0.4439  max mem: 17021
Epoch: [21]  [60/95]  eta: 0:00:51  lr: 0.000100  loss: 0.0170 (0.0173)  loss_CrossEntropy: 0.0170 (0.0173)  time: 1.4659  data: 0.4923  max mem: 17021
Epoch: [21]  [70/95]  eta: 0:00:32  lr: 0.000100  loss: 0.0166 (0.0170)  loss_CrossEntropy: 0.0166 (0.0170)  time: 1.2936  data: 0.3134  max mem: 17021
Epoch: [21]  [80/95]  eta: 0:00:15  lr: 0.000100  loss: 0.0152 (0.0171)  loss_CrossEntropy: 0.0152 (0.0171)  time: 1.0180  data: 0.0410  max mem: 17021
Epoch: [21]  [90/95]  eta: 0:00:05  lr: 0.000100  loss: 0.0153 (0.0172)  loss_CrossEntropy: 0.0153 (0.0172)  time: 1.0302  data: 0.0434  max mem: 17021
Epoch: [21]  [94/95]  eta: 0:00:01  lr: 0.000100  loss: 0.0153 (0.0171)  loss_CrossEntropy: 0.0153 (0.0171)  time: 1.0256  data: 0.0380  max mem: 17021
Epoch: [21] Total time: 0:02:02 (1.2860 s / it)
Averaged stats: lr: 0.000100  loss: 0.0153 (0.0171)  loss_CrossEntropy: 0.0153 (0.0171)
Test:  [ 0/19]  eta: 0:00:03  loss: 1.8740 (1.8740)  loss_CrossEntropy: 1.8740 (1.8740)  Rv: 0.0000 (0.0000)  Lv: 0.0393 (0.0393)  Myo: 0.0316 (0.0316)  Avg: 0.0236 (0.0236)  time: 0.1653  data: 0.1449  max mem: 17021
Test:  [10/19]  eta: 0:00:00  loss: 1.6082 (1.6258)  loss_CrossEntropy: 1.6082 (1.6258)  Rv: 0.2834 (0.3109)  Lv: 0.0967 (0.0918)  Myo: 0.7223 (0.5368)  Avg: 0.3396 (0.3131)  time: 0.0440  data: 0.0237  max mem: 17021
Test:  [18/19]  eta: 0:00:00  loss: 1.6259 (1.6429)  loss_CrossEntropy: 1.6259 (1.6429)  Rv: 0.1390 (0.2133)  Lv: 0.0855 (0.0891)  Myo: 0.7582 (0.6315)  Avg: 0.3170 (0.3113)  time: 0.2667  data: 0.2368  max mem: 17021
Test: Total time: 0:00:02 (0.1295 s / it)
Averaged stats: loss: 1.6259 (1.6429)  loss_CrossEntropy: 1.6259 (1.6429)  Rv: 0.1390 (0.2133)  Lv: 0.0855 (0.0891)  Myo: 0.7582 (0.6315)  Avg: 0.3170 (0.3113)
dice score: 0.31131351543100255
cutout loss: 0.024757876992225647
original loss: 0.01413467712700367
integrity loss: 0.011109483428299427
invariant loss: 0.0193265862762928
Epoch: [22]  [ 0/95]  eta: 0:01:36  lr: 0.000100  loss: 0.0141 (0.0141)  loss_CrossEntropy: 0.0141 (0.0141)  time: 1.0173  data: 0.0283  max mem: 17021
Epoch: [22]  [10/95]  eta: 0:02:20  lr: 0.000100  loss: 0.0174 (0.0174)  loss_CrossEntropy: 0.0174 (0.0174)  time: 1.6482  data: 0.6545  max mem: 17021
Epoch: [22]  [20/95]  eta: 0:01:29  lr: 0.000100  loss: 0.0162 (0.0180)  loss_CrossEntropy: 0.0162 (0.0180)  time: 1.1900  data: 0.1891  max mem: 17021
Epoch: [22]  [30/95]  eta: 0:01:41  lr: 0.000100  loss: 0.0158 (0.0178)  loss_CrossEntropy: 0.0158 (0.0178)  time: 1.5653  data: 0.5796  max mem: 17021
Epoch: [22]  [40/95]  eta: 0:00:56  lr: 0.000100  loss: 0.0167 (0.0175)  loss_CrossEntropy: 0.0167 (0.0175)  time: 1.0287  data: 0.0380  max mem: 17021
Epoch: [22]  [50/95]  eta: 0:00:55  lr: 0.000100  loss: 0.0152 (0.0176)  loss_CrossEntropy: 0.0152 (0.0176)  time: 1.2304  data: 0.2132  max mem: 17021
Epoch: [22]  [60/95]  eta: 0:00:44  lr: 0.000100  loss: 0.0142 (0.0170)  loss_CrossEntropy: 0.0142 (0.0170)  time: 1.2650  data: 0.2722  max mem: 17021
Epoch: [22]  [70/95]  eta: 0:00:31  lr: 0.000100  loss: 0.0132 (0.0167)  loss_CrossEntropy: 0.0132 (0.0167)  time: 1.2793  data: 0.2644  max mem: 17021
Epoch: [22]  [80/95]  eta: 0:00:15  lr: 0.000100  loss: 0.0134 (0.0164)  loss_CrossEntropy: 0.0134 (0.0164)  time: 1.0252  data: 0.0325  max mem: 17021
Epoch: [22]  [90/95]  eta: 0:00:06  lr: 0.000100  loss: 0.0145 (0.0164)  loss_CrossEntropy: 0.0145 (0.0164)  time: 1.2210  data: 0.2473  max mem: 17021
Epoch: [22]  [94/95]  eta: 0:00:01  lr: 0.000100  loss: 0.0145 (0.0165)  loss_CrossEntropy: 0.0145 (0.0165)  time: 1.4101  data: 0.4075  max mem: 17021
Epoch: [22] Total time: 0:02:03 (1.3031 s / it)
Averaged stats: lr: 0.000100  loss: 0.0145 (0.0165)  loss_CrossEntropy: 0.0145 (0.0165)
Test:  [ 0/19]  eta: 0:00:08  loss: 1.8787 (1.8787)  loss_CrossEntropy: 1.8787 (1.8787)  Rv: 0.0000 (0.0000)  Lv: 0.0188 (0.0188)  Myo: 0.0244 (0.0244)  Avg: 0.0144 (0.0144)  time: 0.4376  data: 0.4044  max mem: 17021
Test:  [10/19]  eta: 0:00:00  loss: 1.6204 (1.6289)  loss_CrossEntropy: 1.6204 (1.6289)  Rv: 0.2860 (0.2361)  Lv: 0.0883 (0.0841)  Myo: 0.8247 (0.5730)  Avg: 0.3279 (0.2977)  time: 0.0626  data: 0.0409  max mem: 17021
Test:  [18/19]  eta: 0:00:00  loss: 1.6213 (1.6225)  loss_CrossEntropy: 1.6213 (1.6225)  Rv: 0.1360 (0.1655)  Lv: 0.0810 (0.0816)  Myo: 0.7418 (0.6326)  Avg: 0.2905 (0.2932)  time: 0.0413  data: 0.0237  max mem: 17021
Test: Total time: 0:00:04 (0.2144 s / it)
Averaged stats: loss: 1.6213 (1.6225)  loss_CrossEntropy: 1.6213 (1.6225)  Rv: 0.1360 (0.1655)  Lv: 0.0810 (0.0816)  Myo: 0.7418 (0.6326)  Avg: 0.2905 (0.2932)
dice score: 0.29323783860002695
cutout loss: 0.019431987777352333
original loss: 0.017639579251408577
integrity loss: 0.010340243577957153
invariant loss: 0.011886275373399258
Epoch: [23]  [ 0/95]  eta: 0:02:05  lr: 0.000100  loss: 0.0176 (0.0176)  loss_CrossEntropy: 0.0176 (0.0176)  time: 1.3177  data: 0.2933  max mem: 17021
Epoch: [23]  [10/95]  eta: 0:01:58  lr: 0.000100  loss: 0.0176 (0.0182)  loss_CrossEntropy: 0.0176 (0.0182)  time: 1.3902  data: 0.3706  max mem: 17021
Epoch: [23]  [20/95]  eta: 0:01:26  lr: 0.000100  loss: 0.0162 (0.0174)  loss_CrossEntropy: 0.0162 (0.0174)  time: 1.1492  data: 0.1507  max mem: 17021
Epoch: [23]  [30/95]  eta: 0:01:20  lr: 0.000100  loss: 0.0151 (0.0169)  loss_CrossEntropy: 0.0151 (0.0169)  time: 1.2350  data: 0.2519  max mem: 17021
Epoch: [23]  [40/95]  eta: 0:01:22  lr: 0.000100  loss: 0.0133 (0.0166)  loss_CrossEntropy: 0.0133 (0.0166)  time: 1.4951  data: 0.4430  max mem: 17021
Epoch: [23]  [50/95]  eta: 0:01:20  lr: 0.000100  loss: 0.0142 (0.0166)  loss_CrossEntropy: 0.0142 (0.0166)  time: 1.7860  data: 0.7475  max mem: 17021
Epoch: [23]  [60/95]  eta: 0:00:56  lr: 0.000100  loss: 0.0151 (0.0165)  loss_CrossEntropy: 0.0151 (0.0165)  time: 1.6092  data: 0.6100  max mem: 17021
Epoch: [23]  [70/95]  eta: 0:00:38  lr: 0.000100  loss: 0.0149 (0.0164)  loss_CrossEntropy: 0.0149 (0.0164)  time: 1.5538  data: 0.5526  max mem: 17021
Epoch: [23]  [80/95]  eta: 0:00:18  lr: 0.000100  loss: 0.0162 (0.0165)  loss_CrossEntropy: 0.0162 (0.0165)  time: 1.2510  data: 0.2660  max mem: 17021
Epoch: [23]  [90/95]  eta: 0:00:08  lr: 0.000100  loss: 0.0150 (0.0163)  loss_CrossEntropy: 0.0150 (0.0163)  time: 1.6453  data: 0.6589  max mem: 17021
Epoch: [23]  [94/95]  eta: 0:00:01  lr: 0.000100  loss: 0.0150 (0.0164)  loss_CrossEntropy: 0.0150 (0.0164)  time: 1.0156  data: 0.0292  max mem: 17021
Epoch: [23] Total time: 0:02:08 (1.3477 s / it)
Averaged stats: lr: 0.000100  loss: 0.0150 (0.0164)  loss_CrossEntropy: 0.0150 (0.0164)
Test:  [ 0/19]  eta: 0:00:00  loss: 1.5694 (1.5694)  loss_CrossEntropy: 1.5694 (1.5694)  Rv: 0.0000 (0.0000)  Lv: 0.0448 (0.0448)  Myo: 0.0368 (0.0368)  Avg: 0.0272 (0.0272)  time: 0.0520  data: 0.0308  max mem: 17021
Test:  [10/19]  eta: 0:00:00  loss: 1.4077 (1.4352)  loss_CrossEntropy: 1.4077 (1.4352)  Rv: 0.3133 (0.3244)  Lv: 0.1109 (0.1014)  Myo: 0.7264 (0.5622)  Avg: 0.3640 (0.3293)  time: 0.0454  data: 0.0244  max mem: 17021
Test:  [18/19]  eta: 0:00:00  loss: 1.4358 (1.4395)  loss_CrossEntropy: 1.4358 (1.4395)  Rv: 0.1733 (0.2281)  Lv: 0.0939 (0.0984)  Myo: 0.7264 (0.6342)  Avg: 0.3338 (0.3202)  time: 0.2873  data: 0.2517  max mem: 17021
Test: Total time: 0:00:03 (0.1652 s / it)
Averaged stats: loss: 1.4358 (1.4395)  loss_CrossEntropy: 1.4358 (1.4395)  Rv: 0.1733 (0.2281)  Lv: 0.0939 (0.0984)  Myo: 0.7264 (0.6342)  Avg: 0.3338 (0.3202)
dice score: 0.32024239787929937
Update best model!
cutout loss: 0.034735433757305145
original loss: 0.019520509988069534
integrity loss: 0.011007881723344326
invariant loss: 0.01798400841653347
Epoch: [24]  [ 0/95]  eta: 0:02:18  lr: 0.000100  loss: 0.0195 (0.0195)  loss_CrossEntropy: 0.0195 (0.0195)  time: 1.4534  data: 0.4663  max mem: 17021
Epoch: [24]  [10/95]  eta: 0:02:09  lr: 0.000100  loss: 0.0133 (0.0165)  loss_CrossEntropy: 0.0133 (0.0165)  time: 1.5283  data: 0.5340  max mem: 17021
Epoch: [24]  [20/95]  eta: 0:01:43  lr: 0.000100  loss: 0.0130 (0.0152)  loss_CrossEntropy: 0.0130 (0.0152)  time: 1.3859  data: 0.3983  max mem: 17021
Epoch: [24]  [30/95]  eta: 0:01:15  lr: 0.000100  loss: 0.0138 (0.0161)  loss_CrossEntropy: 0.0138 (0.0161)  time: 1.1562  data: 0.1540  max mem: 17021
Epoch: [24]  [40/95]  eta: 0:01:19  lr: 0.000100  loss: 0.0131 (0.0155)  loss_CrossEntropy: 0.0131 (0.0155)  time: 1.4402  data: 0.4342  max mem: 17021
Epoch: [24]  [50/95]  eta: 0:00:47  lr: 0.000100  loss: 0.0138 (0.0161)  loss_CrossEntropy: 0.0138 (0.0161)  time: 1.0634  data: 0.0744  max mem: 17021
Epoch: [24]  [60/95]  eta: 0:00:50  lr: 0.000100  loss: 0.0177 (0.0162)  loss_CrossEntropy: 0.0177 (0.0162)  time: 1.4469  data: 0.4327  max mem: 17021
Epoch: [24]  [70/95]  eta: 0:00:34  lr: 0.000100  loss: 0.0164 (0.0164)  loss_CrossEntropy: 0.0164 (0.0164)  time: 1.3615  data: 0.3482  max mem: 17021
Epoch: [24]  [80/95]  eta: 0:00:22  lr: 0.000100  loss: 0.0144 (0.0162)  loss_CrossEntropy: 0.0144 (0.0162)  time: 1.4970  data: 0.5087  max mem: 17021
Epoch: [24]  [90/95]  eta: 0:00:06  lr: 0.000100  loss: 0.0129 (0.0159)  loss_CrossEntropy: 0.0129 (0.0159)  time: 1.2491  data: 0.2692  max mem: 17021
Epoch: [24]  [94/95]  eta: 0:00:01  lr: 0.000100  loss: 0.0126 (0.0159)  loss_CrossEntropy: 0.0126 (0.0159)  time: 1.0223  data: 0.0359  max mem: 17021
Epoch: [24] Total time: 0:02:04 (1.3123 s / it)
Averaged stats: lr: 0.000100  loss: 0.0126 (0.0159)  loss_CrossEntropy: 0.0126 (0.0159)
Test:  [ 0/19]  eta: 0:00:00  loss: 1.9532 (1.9532)  loss_CrossEntropy: 1.9532 (1.9532)  Rv: 0.0000 (0.0000)  Lv: 0.0341 (0.0341)  Myo: 0.0302 (0.0302)  Avg: 0.0214 (0.0214)  time: 0.0514  data: 0.0310  max mem: 17021
Test:  [10/19]  eta: 0:00:03  loss: 1.8591 (1.8832)  loss_CrossEntropy: 1.8591 (1.8832)  Rv: 0.2387 (0.1993)  Lv: 0.0861 (0.0798)  Myo: 0.7711 (0.5408)  Avg: 0.3187 (0.2733)  time: 0.3432  data: 0.3154  max mem: 17021
Test:  [18/19]  eta: 0:00:00  loss: 1.9132 (1.9278)  loss_CrossEntropy: 1.9132 (1.9278)  Rv: 0.1230 (0.1345)  Lv: 0.0756 (0.0779)  Myo: 0.7623 (0.6292)  Avg: 0.2890 (0.2805)  time: 0.0415  data: 0.0238  max mem: 17021
Test: Total time: 0:00:03 (0.1621 s / it)
Averaged stats: loss: 1.9132 (1.9278)  loss_CrossEntropy: 1.9132 (1.9278)  Rv: 0.1230 (0.1345)  Lv: 0.0756 (0.0779)  Myo: 0.7623 (0.6292)  Avg: 0.2890 (0.2805)
dice score: 0.280548128642534
cutout loss: 0.013125726953148842
original loss: 0.011773227714002132
integrity loss: 0.012112075462937355
invariant loss: 0.017271125689148903
Epoch: [25]  [ 0/95]  eta: 0:01:58  lr: 0.000100  loss: 0.0118 (0.0118)  loss_CrossEntropy: 0.0118 (0.0118)  time: 1.2523  data: 0.2610  max mem: 17021
Epoch: [25]  [10/95]  eta: 0:01:42  lr: 0.000100  loss: 0.0118 (0.0142)  loss_CrossEntropy: 0.0118 (0.0142)  time: 1.2056  data: 0.2175  max mem: 17021
Epoch: [25]  [20/95]  eta: 0:01:18  lr: 0.000100  loss: 0.0153 (0.0163)  loss_CrossEntropy: 0.0153 (0.0163)  time: 1.0501  data: 0.0567  max mem: 17021
Epoch: [25]  [30/95]  eta: 0:01:17  lr: 0.000100  loss: 0.0165 (0.0166)  loss_CrossEntropy: 0.0165 (0.0166)  time: 1.1872  data: 0.2055  max mem: 17021
Epoch: [25]  [40/95]  eta: 0:01:22  lr: 0.000100  loss: 0.0150 (0.0165)  loss_CrossEntropy: 0.0150 (0.0165)  time: 1.4945  data: 0.4791  max mem: 17021
Epoch: [25]  [50/95]  eta: 0:00:46  lr: 0.000100  loss: 0.0150 (0.0161)  loss_CrossEntropy: 0.0150 (0.0161)  time: 1.0288  data: 0.0343  max mem: 17021
Epoch: [25]  [60/95]  eta: 0:00:43  lr: 0.000100  loss: 0.0138 (0.0161)  loss_CrossEntropy: 0.0138 (0.0161)  time: 1.2396  data: 0.2501  max mem: 17021
Epoch: [25]  [70/95]  eta: 0:00:26  lr: 0.000100  loss: 0.0141 (0.0159)  loss_CrossEntropy: 0.0141 (0.0159)  time: 1.0435  data: 0.0526  max mem: 17021
Epoch: [25]  [80/95]  eta: 0:00:22  lr: 0.000100  loss: 0.0144 (0.0158)  loss_CrossEntropy: 0.0144 (0.0158)  time: 1.4867  data: 0.4717  max mem: 17021
Epoch: [25]  [90/95]  eta: 0:00:07  lr: 0.000100  loss: 0.0144 (0.0160)  loss_CrossEntropy: 0.0144 (0.0160)  time: 1.4564  data: 0.4588  max mem: 17021
Epoch: [25]  [94/95]  eta: 0:00:01  lr: 0.000100  loss: 0.0144 (0.0159)  loss_CrossEntropy: 0.0144 (0.0159)  time: 1.4866  data: 0.5063  max mem: 17021
Epoch: [25] Total time: 0:02:03 (1.3005 s / it)
Averaged stats: lr: 0.000100  loss: 0.0144 (0.0159)  loss_CrossEntropy: 0.0144 (0.0159)
Test:  [ 0/19]  eta: 0:00:06  loss: 1.6677 (1.6677)  loss_CrossEntropy: 1.6677 (1.6677)  Rv: 0.0000 (0.0000)  Lv: 0.0375 (0.0375)  Myo: 0.0389 (0.0389)  Avg: 0.0255 (0.0255)  time: 0.3168  data: 0.2837  max mem: 17021
Test:  [10/19]  eta: 0:00:02  loss: 1.4723 (1.4992)  loss_CrossEntropy: 1.4723 (1.4992)  Rv: 0.3126 (0.3125)  Lv: 0.0996 (0.0905)  Myo: 0.7247 (0.5437)  Avg: 0.3498 (0.3156)  time: 0.3209  data: 0.2983  max mem: 17021
Test:  [18/19]  eta: 0:00:00  loss: 1.4736 (1.4969)  loss_CrossEntropy: 1.4736 (1.4969)  Rv: 0.1689 (0.2206)  Lv: 0.0851 (0.0869)  Myo: 0.7524 (0.6418)  Avg: 0.3395 (0.3164)  time: 0.0481  data: 0.0304  max mem: 17021
Test: Total time: 0:00:03 (0.1691 s / it)
Averaged stats: loss: 1.4736 (1.4969)  loss_CrossEntropy: 1.4736 (1.4969)  Rv: 0.1689 (0.2206)  Lv: 0.0851 (0.0869)  Myo: 0.7524 (0.6418)  Avg: 0.3395 (0.3164)
dice score: 0.31642655694955274
cutout loss: 0.023631757125258446
original loss: 0.023437293246388435
integrity loss: 0.01090086717158556
invariant loss: 0.005785179324448109
Epoch: [26]  [ 0/95]  eta: 0:01:42  lr: 0.000100  loss: 0.0234 (0.0234)  loss_CrossEntropy: 0.0234 (0.0234)  time: 1.0782  data: 0.0821  max mem: 17021
Epoch: [26]  [10/95]  eta: 0:01:56  lr: 0.000100  loss: 0.0136 (0.0148)  loss_CrossEntropy: 0.0136 (0.0148)  time: 1.3693  data: 0.3718  max mem: 17021
Epoch: [26]  [20/95]  eta: 0:01:46  lr: 0.000100  loss: 0.0136 (0.0148)  loss_CrossEntropy: 0.0136 (0.0148)  time: 1.4162  data: 0.4335  max mem: 17021
Epoch: [26]  [30/95]  eta: 0:01:22  lr: 0.000100  loss: 0.0149 (0.0155)  loss_CrossEntropy: 0.0149 (0.0155)  time: 1.2747  data: 0.2843  max mem: 17021
Epoch: [26]  [40/95]  eta: 0:01:13  lr: 0.000100  loss: 0.0134 (0.0152)  loss_CrossEntropy: 0.0134 (0.0152)  time: 1.3453  data: 0.3572  max mem: 17021
Epoch: [26]  [50/95]  eta: 0:01:05  lr: 0.000100  loss: 0.0134 (0.0149)  loss_CrossEntropy: 0.0134 (0.0149)  time: 1.4481  data: 0.4526  max mem: 17021
Epoch: [26]  [60/95]  eta: 0:00:44  lr: 0.000100  loss: 0.0132 (0.0147)  loss_CrossEntropy: 0.0132 (0.0147)  time: 1.2688  data: 0.2764  max mem: 17021
Epoch: [26]  [70/95]  eta: 0:00:30  lr: 0.000100  loss: 0.0134 (0.0146)  loss_CrossEntropy: 0.0134 (0.0146)  time: 1.2235  data: 0.2218  max mem: 17021
Epoch: [26]  [80/95]  eta: 0:00:16  lr: 0.000100  loss: 0.0140 (0.0153)  loss_CrossEntropy: 0.0140 (0.0153)  time: 1.0961  data: 0.0962  max mem: 17021
Epoch: [26]  [90/95]  eta: 0:00:06  lr: 0.000100  loss: 0.0151 (0.0157)  loss_CrossEntropy: 0.0151 (0.0157)  time: 1.2955  data: 0.3108  max mem: 17021
Epoch: [26]  [94/95]  eta: 0:00:01  lr: 0.000100  loss: 0.0142 (0.0156)  loss_CrossEntropy: 0.0142 (0.0156)  time: 1.2790  data: 0.2948  max mem: 17021
Epoch: [26] Total time: 0:02:05 (1.3184 s / it)
Averaged stats: lr: 0.000100  loss: 0.0142 (0.0156)  loss_CrossEntropy: 0.0142 (0.0156)
Test:  [ 0/19]  eta: 0:00:06  loss: 2.3287 (2.3287)  loss_CrossEntropy: 2.3287 (2.3287)  Rv: 0.0000 (0.0000)  Lv: 0.0328 (0.0328)  Myo: 0.0298 (0.0298)  Avg: 0.0209 (0.0209)  time: 0.3562  data: 0.3267  max mem: 17021
Test:  [10/19]  eta: 0:00:00  loss: 1.9397 (1.9634)  loss_CrossEntropy: 1.9397 (1.9634)  Rv: 0.2589 (0.3062)  Lv: 0.0810 (0.0748)  Myo: 0.7579 (0.5546)  Avg: 0.3301 (0.3119)  time: 0.0402  data: 0.0198  max mem: 17021
Test:  [18/19]  eta: 0:00:00  loss: 1.9496 (1.9660)  loss_CrossEntropy: 1.9496 (1.9660)  Rv: 0.1276 (0.2057)  Lv: 0.0702 (0.0702)  Myo: 0.7579 (0.6298)  Avg: 0.3245 (0.3019)  time: 0.3089  data: 0.2792  max mem: 17021
Test: Total time: 0:00:02 (0.1564 s / it)
Averaged stats: loss: 1.9496 (1.9660)  loss_CrossEntropy: 1.9496 (1.9660)  Rv: 0.1276 (0.2057)  Lv: 0.0702 (0.0702)  Myo: 0.7579 (0.6298)  Avg: 0.3245 (0.3019)
dice score: 0.3018818950574649
cutout loss: 0.017768049612641335
original loss: 0.012052229605615139
integrity loss: 0.01031483430415392
invariant loss: 0.016277998685836792
Epoch: [27]  [ 0/95]  eta: 0:02:40  lr: 0.000100  loss: 0.0121 (0.0121)  loss_CrossEntropy: 0.0121 (0.0121)  time: 1.6924  data: 0.6919  max mem: 17021
Epoch: [27]  [10/95]  eta: 0:01:53  lr: 0.000100  loss: 0.0140 (0.0146)  loss_CrossEntropy: 0.0140 (0.0146)  time: 1.3395  data: 0.3360  max mem: 17021
Epoch: [27]  [20/95]  eta: 0:02:05  lr: 0.000100  loss: 0.0147 (0.0156)  loss_CrossEntropy: 0.0147 (0.0156)  time: 1.6698  data: 0.6694  max mem: 17021
Epoch: [27]  [30/95]  eta: 0:01:21  lr: 0.000100  loss: 0.0149 (0.0157)  loss_CrossEntropy: 0.0149 (0.0157)  time: 1.2500  data: 0.2550  max mem: 17021
Epoch: [27]  [40/95]  eta: 0:01:16  lr: 0.000100  loss: 0.0149 (0.0158)  loss_CrossEntropy: 0.0149 (0.0158)  time: 1.3945  data: 0.3956  max mem: 17021
Epoch: [27]  [50/95]  eta: 0:00:48  lr: 0.000100  loss: 0.0142 (0.0156)  loss_CrossEntropy: 0.0142 (0.0156)  time: 1.0791  data: 0.0668  max mem: 17021
Epoch: [27]  [60/95]  eta: 0:00:48  lr: 0.000100  loss: 0.0142 (0.0153)  loss_CrossEntropy: 0.0142 (0.0153)  time: 1.3842  data: 0.3842  max mem: 17021
Epoch: [27]  [70/95]  eta: 0:00:31  lr: 0.000100  loss: 0.0125 (0.0148)  loss_CrossEntropy: 0.0125 (0.0148)  time: 1.2706  data: 0.2796  max mem: 17021
Epoch: [27]  [80/95]  eta: 0:00:23  lr: 0.000100  loss: 0.0126 (0.0148)  loss_CrossEntropy: 0.0126 (0.0148)  time: 1.5444  data: 0.5422  max mem: 17021
Epoch: [27]  [90/95]  eta: 0:00:07  lr: 0.000100  loss: 0.0148 (0.0150)  loss_CrossEntropy: 0.0148 (0.0150)  time: 1.4579  data: 0.4544  max mem: 17021
Epoch: [27]  [94/95]  eta: 0:00:01  lr: 0.000100  loss: 0.0147 (0.0149)  loss_CrossEntropy: 0.0147 (0.0149)  time: 1.5609  data: 0.5722  max mem: 17021
Epoch: [27] Total time: 0:02:05 (1.3238 s / it)
Averaged stats: lr: 0.000100  loss: 0.0147 (0.0149)  loss_CrossEntropy: 0.0147 (0.0149)
Test:  [ 0/19]  eta: 0:00:00  loss: 1.8333 (1.8333)  loss_CrossEntropy: 1.8333 (1.8333)  Rv: 0.0000 (0.0000)  Lv: 0.0264 (0.0264)  Myo: 0.0129 (0.0129)  Avg: 0.0131 (0.0131)  time: 0.0498  data: 0.0295  max mem: 17021
Test:  [10/19]  eta: 0:00:00  loss: 1.7028 (1.7156)  loss_CrossEntropy: 1.7028 (1.7156)  Rv: 0.4209 (0.4600)  Lv: 0.0830 (0.0724)  Myo: 0.1312 (0.2017)  Avg: 0.2633 (0.2447)  time: 0.0462  data: 0.0258  max mem: 17021
Test:  [18/19]  eta: 0:00:00  loss: 1.7171 (1.7476)  loss_CrossEntropy: 1.7171 (1.7476)  Rv: 0.2595 (0.3061)  Lv: 0.0713 (0.0671)  Myo: 0.1377 (0.2488)  Avg: 0.2079 (0.2073)  time: 0.0453  data: 0.0273  max mem: 17021
Test: Total time: 0:00:02 (0.1183 s / it)
Averaged stats: loss: 1.7171 (1.7476)  loss_CrossEntropy: 1.7171 (1.7476)  Rv: 0.2595 (0.3061)  Lv: 0.0713 (0.0671)  Myo: 0.1377 (0.2488)  Avg: 0.2079 (0.2073)
dice score: 0.20734715613683588
cutout loss: 0.015743959695100784
original loss: 0.013976491056382656
integrity loss: 0.010504740290343761
invariant loss: 0.017829054966568947
Epoch: [28]  [ 0/95]  eta: 0:01:41  lr: 0.000100  loss: 0.0140 (0.0140)  loss_CrossEntropy: 0.0140 (0.0140)  time: 1.0644  data: 0.0735  max mem: 17021
Epoch: [28]  [10/95]  eta: 0:02:16  lr: 0.000100  loss: 0.0162 (0.0161)  loss_CrossEntropy: 0.0162 (0.0161)  time: 1.6088  data: 0.6155  max mem: 17021
Epoch: [28]  [20/95]  eta: 0:01:43  lr: 0.000100  loss: 0.0122 (0.0142)  loss_CrossEntropy: 0.0122 (0.0142)  time: 1.3800  data: 0.3899  max mem: 17021
Epoch: [28]  [30/95]  eta: 0:01:19  lr: 0.000100  loss: 0.0122 (0.0154)  loss_CrossEntropy: 0.0122 (0.0154)  time: 1.2285  data: 0.2540  max mem: 17021
Epoch: [28]  [40/95]  eta: 0:00:57  lr: 0.000100  loss: 0.0137 (0.0148)  loss_CrossEntropy: 0.0137 (0.0148)  time: 1.0470  data: 0.0563  max mem: 17021
Epoch: [28]  [50/95]  eta: 0:01:15  lr: 0.000100  loss: 0.0134 (0.0148)  loss_CrossEntropy: 0.0134 (0.0148)  time: 1.6775  data: 0.6678  max mem: 17021
Epoch: [28]  [60/95]  eta: 0:00:38  lr: 0.000100  loss: 0.0145 (0.0149)  loss_CrossEntropy: 0.0145 (0.0149)  time: 1.1087  data: 0.1330  max mem: 17021
Epoch: [28]  [70/95]  eta: 0:00:33  lr: 0.000100  loss: 0.0143 (0.0149)  loss_CrossEntropy: 0.0143 (0.0149)  time: 1.3320  data: 0.3404  max mem: 17021
Epoch: [28]  [80/95]  eta: 0:00:19  lr: 0.000100  loss: 0.0121 (0.0148)  loss_CrossEntropy: 0.0121 (0.0148)  time: 1.3113  data: 0.3183  max mem: 17021
Epoch: [28]  [90/95]  eta: 0:00:06  lr: 0.000100  loss: 0.0129 (0.0148)  loss_CrossEntropy: 0.0129 (0.0148)  time: 1.2122  data: 0.2171  max mem: 17021
Epoch: [28]  [94/95]  eta: 0:00:01  lr: 0.000100  loss: 0.0131 (0.0147)  loss_CrossEntropy: 0.0131 (0.0147)  time: 1.1733  data: 0.1865  max mem: 17021
Epoch: [28] Total time: 0:02:05 (1.3258 s / it)
Averaged stats: lr: 0.000100  loss: 0.0131 (0.0147)  loss_CrossEntropy: 0.0131 (0.0147)
Test:  [ 0/19]  eta: 0:00:01  loss: 1.6283 (1.6283)  loss_CrossEntropy: 1.6283 (1.6283)  Rv: 0.0000 (0.0000)  Lv: 0.0294 (0.0294)  Myo: 0.0470 (0.0470)  Avg: 0.0255 (0.0255)  time: 0.0540  data: 0.0332  max mem: 17021
Test:  [10/19]  eta: 0:00:00  loss: 1.6856 (1.7159)  loss_CrossEntropy: 1.6856 (1.7159)  Rv: 0.6612 (0.5972)  Lv: 0.0780 (0.0771)  Myo: 0.1810 (0.1712)  Avg: 0.3185 (0.2818)  time: 0.0603  data: 0.0392  max mem: 17021
Test:  [18/19]  eta: 0:00:00  loss: 1.6992 (1.7378)  loss_CrossEntropy: 1.6992 (1.7378)  Rv: 0.4900 (0.4256)  Lv: 0.0774 (0.0773)  Myo: 0.2164 (0.2716)  Avg: 0.2729 (0.2582)  time: 0.0364  data: 0.0188  max mem: 17021
Test: Total time: 0:00:03 (0.1988 s / it)
Averaged stats: loss: 1.6992 (1.7378)  loss_CrossEntropy: 1.6992 (1.7378)  Rv: 0.4900 (0.4256)  Lv: 0.0774 (0.0773)  Myo: 0.2164 (0.2716)  Avg: 0.2729 (0.2582)
dice score: 0.25815113967186526
cutout loss: 0.018215272575616837
original loss: 0.008540353737771511
integrity loss: 0.009392136707901955
invariant loss: 0.016504133120179176
Epoch: [29]  [ 0/95]  eta: 0:02:10  lr: 0.000100  loss: 0.0085 (0.0085)  loss_CrossEntropy: 0.0085 (0.0085)  time: 1.3757  data: 0.3414  max mem: 17021
Epoch: [29]  [10/95]  eta: 0:01:43  lr: 0.000100  loss: 0.0119 (0.0132)  loss_CrossEntropy: 0.0119 (0.0132)  time: 1.2152  data: 0.2230  max mem: 17021
Epoch: [29]  [20/95]  eta: 0:01:37  lr: 0.000100  loss: 0.0123 (0.0134)  loss_CrossEntropy: 0.0123 (0.0134)  time: 1.2985  data: 0.2552  max mem: 17021
Epoch: [29]  [30/95]  eta: 0:01:50  lr: 0.000100  loss: 0.0130 (0.0135)  loss_CrossEntropy: 0.0130 (0.0135)  time: 1.6976  data: 0.7050  max mem: 17021
Epoch: [29]  [40/95]  eta: 0:01:06  lr: 0.000100  loss: 0.0129 (0.0133)  loss_CrossEntropy: 0.0129 (0.0133)  time: 1.2122  data: 0.2246  max mem: 17021
Epoch: [29]  [50/95]  eta: 0:00:48  lr: 0.000100  loss: 0.0129 (0.0137)  loss_CrossEntropy: 0.0129 (0.0137)  time: 1.0828  data: 0.0921  max mem: 17021
Epoch: [29]  [60/95]  eta: 0:00:43  lr: 0.000100  loss: 0.0134 (0.0135)  loss_CrossEntropy: 0.0134 (0.0135)  time: 1.2520  data: 0.2602  max mem: 17021
Epoch: [29]  [70/95]  eta: 0:00:29  lr: 0.000100  loss: 0.0118 (0.0135)  loss_CrossEntropy: 0.0118 (0.0135)  time: 1.1940  data: 0.1658  max mem: 17021
Epoch: [29]  [80/95]  eta: 0:00:15  lr: 0.000100  loss: 0.0127 (0.0137)  loss_CrossEntropy: 0.0127 (0.0137)  time: 1.0320  data: 0.0344  max mem: 17021
Epoch: [29]  [90/95]  eta: 0:00:05  lr: 0.000100  loss: 0.0140 (0.0140)  loss_CrossEntropy: 0.0140 (0.0140)  time: 1.1719  data: 0.1870  max mem: 17021
Epoch: [29]  [94/95]  eta: 0:00:01  lr: 0.000100  loss: 0.0137 (0.0140)  loss_CrossEntropy: 0.0137 (0.0140)  time: 1.4458  data: 0.4438  max mem: 17021
Epoch: [29] Total time: 0:02:05 (1.3235 s / it)
Averaged stats: lr: 0.000100  loss: 0.0137 (0.0140)  loss_CrossEntropy: 0.0137 (0.0140)
Test:  [ 0/19]  eta: 0:00:05  loss: 1.5230 (1.5230)  loss_CrossEntropy: 1.5230 (1.5230)  Rv: 0.0000 (0.0000)  Lv: 0.0367 (0.0367)  Myo: 0.0342 (0.0342)  Avg: 0.0236 (0.0236)  time: 0.2895  data: 0.2681  max mem: 17021
Test:  [10/19]  eta: 0:00:00  loss: 1.5619 (1.5987)  loss_CrossEntropy: 1.5619 (1.5987)  Rv: 0.3920 (0.3845)  Lv: 0.0892 (0.0852)  Myo: 0.2857 (0.3483)  Avg: 0.3100 (0.2727)  time: 0.0407  data: 0.0196  max mem: 17021
Test:  [18/19]  eta: 0:00:00  loss: 1.6755 (1.6756)  loss_CrossEntropy: 1.6755 (1.6756)  Rv: 0.1453 (0.2528)  Lv: 0.0814 (0.0821)  Myo: 0.6448 (0.5241)  Avg: 0.3031 (0.2863)  time: 0.1301  data: 0.1127  max mem: 17021
Test: Total time: 0:00:02 (0.1453 s / it)
Averaged stats: loss: 1.6755 (1.6756)  loss_CrossEntropy: 1.6755 (1.6756)  Rv: 0.1453 (0.2528)  Lv: 0.0814 (0.0821)  Myo: 0.6448 (0.5241)  Avg: 0.3031 (0.2863)
dice score: 0.2863094578252027
cutout loss: 0.022964103147387505
original loss: 0.00957933533936739
integrity loss: 0.012352317571640015
invariant loss: 0.014189982786774635
Epoch: [30]  [ 0/95]  eta: 0:02:35  lr: 0.000100  loss: 0.0096 (0.0096)  loss_CrossEntropy: 0.0096 (0.0096)  time: 1.6393  data: 0.6289  max mem: 17021
Epoch: [30]  [10/95]  eta: 0:01:48  lr: 0.000100  loss: 0.0110 (0.0123)  loss_CrossEntropy: 0.0110 (0.0123)  time: 1.2774  data: 0.2762  max mem: 17021
Epoch: [30]  [20/95]  eta: 0:01:51  lr: 0.000100  loss: 0.0125 (0.0147)  loss_CrossEntropy: 0.0125 (0.0147)  time: 1.4912  data: 0.4560  max mem: 17021
Epoch: [30]  [30/95]  eta: 0:01:34  lr: 0.000100  loss: 0.0123 (0.0144)  loss_CrossEntropy: 0.0123 (0.0144)  time: 1.4462  data: 0.4571  max mem: 17021
Epoch: [30]  [40/95]  eta: 0:01:07  lr: 0.000100  loss: 0.0123 (0.0143)  loss_CrossEntropy: 0.0123 (0.0143)  time: 1.2232  data: 0.2288  max mem: 17021
Epoch: [30]  [50/95]  eta: 0:00:54  lr: 0.000100  loss: 0.0150 (0.0146)  loss_CrossEntropy: 0.0150 (0.0146)  time: 1.2053  data: 0.2155  max mem: 17021
Epoch: [30]  [60/95]  eta: 0:00:50  lr: 0.000100  loss: 0.0136 (0.0145)  loss_CrossEntropy: 0.0136 (0.0145)  time: 1.4558  data: 0.4610  max mem: 17021
Epoch: [30]  [70/95]  eta: 0:00:32  lr: 0.000100  loss: 0.0136 (0.0144)  loss_CrossEntropy: 0.0136 (0.0144)  time: 1.2863  data: 0.3063  max mem: 17021
Epoch: [30]  [80/95]  eta: 0:00:22  lr: 0.000100  loss: 0.0128 (0.0143)  loss_CrossEntropy: 0.0128 (0.0143)  time: 1.4801  data: 0.5038  max mem: 17021
Epoch: [30]  [90/95]  eta: 0:00:07  lr: 0.000100  loss: 0.0122 (0.0142)  loss_CrossEntropy: 0.0122 (0.0142)  time: 1.5732  data: 0.5910  max mem: 17021
Epoch: [30]  [94/95]  eta: 0:00:01  lr: 0.000100  loss: 0.0128 (0.0142)  loss_CrossEntropy: 0.0128 (0.0142)  time: 1.5632  data: 0.5532  max mem: 17021
Epoch: [30] Total time: 0:02:05 (1.3216 s / it)
Averaged stats: lr: 0.000100  loss: 0.0128 (0.0142)  loss_CrossEntropy: 0.0128 (0.0142)
Test:  [ 0/19]  eta: 0:00:01  loss: 1.5533 (1.5533)  loss_CrossEntropy: 1.5533 (1.5533)  Rv: 0.0000 (0.0000)  Lv: 0.0344 (0.0344)  Myo: 0.0356 (0.0356)  Avg: 0.0234 (0.0234)  time: 0.0592  data: 0.0383  max mem: 17021
Test:  [10/19]  eta: 0:00:03  loss: 1.5280 (1.5166)  loss_CrossEntropy: 1.5280 (1.5166)  Rv: 0.2726 (0.2502)  Lv: 0.0938 (0.0868)  Myo: 0.6937 (0.4973)  Avg: 0.3064 (0.2781)  time: 0.3479  data: 0.3257  max mem: 17021
Test:  [18/19]  eta: 0:00:00  loss: 1.4663 (1.4670)  loss_CrossEntropy: 1.4663 (1.4670)  Rv: 0.1465 (0.1684)  Lv: 0.0866 (0.0870)  Myo: 0.6908 (0.5758)  Avg: 0.2847 (0.2771)  time: 0.0332  data: 0.0156  max mem: 17021
Test: Total time: 0:00:02 (0.1438 s / it)
Averaged stats: loss: 1.4663 (1.4670)  loss_CrossEntropy: 1.4663 (1.4670)  Rv: 0.1465 (0.1684)  Lv: 0.0866 (0.0870)  Myo: 0.6908 (0.5758)  Avg: 0.2847 (0.2771)
dice score: 0.2770653232736023
cutout loss: 0.014865071512758732
original loss: 0.01344335451722145
integrity loss: 0.009821212850511074
invariant loss: 0.013143623247742653
Epoch: [31]  [ 0/95]  eta: 0:02:03  lr: 0.000100  loss: 0.0134 (0.0134)  loss_CrossEntropy: 0.0134 (0.0134)  time: 1.3022  data: 0.3085  max mem: 17021
Epoch: [31]  [10/95]  eta: 0:01:48  lr: 0.000100  loss: 0.0135 (0.0148)  loss_CrossEntropy: 0.0135 (0.0148)  time: 1.2808  data: 0.2959  max mem: 17021
Epoch: [31]  [20/95]  eta: 0:01:53  lr: 0.000100  loss: 0.0127 (0.0139)  loss_CrossEntropy: 0.0127 (0.0139)  time: 1.5091  data: 0.5283  max mem: 17021
Epoch: [31]  [30/95]  eta: 0:01:20  lr: 0.000100  loss: 0.0125 (0.0134)  loss_CrossEntropy: 0.0125 (0.0134)  time: 1.2423  data: 0.2394  max mem: 17021
Epoch: [31]  [40/95]  eta: 0:01:01  lr: 0.000100  loss: 0.0122 (0.0138)  loss_CrossEntropy: 0.0122 (0.0138)  time: 1.1266  data: 0.1452  max mem: 17021
Epoch: [31]  [50/95]  eta: 0:00:46  lr: 0.000100  loss: 0.0118 (0.0137)  loss_CrossEntropy: 0.0118 (0.0137)  time: 1.0236  data: 0.0349  max mem: 17021
Epoch: [31]  [60/95]  eta: 0:00:52  lr: 0.000100  loss: 0.0100 (0.0134)  loss_CrossEntropy: 0.0100 (0.0134)  time: 1.5014  data: 0.5110  max mem: 17021
Epoch: [31]  [70/95]  eta: 0:00:34  lr: 0.000100  loss: 0.0125 (0.0134)  loss_CrossEntropy: 0.0125 (0.0134)  time: 1.3639  data: 0.3441  max mem: 17021
Epoch: [31]  [80/95]  eta: 0:00:25  lr: 0.000100  loss: 0.0135 (0.0137)  loss_CrossEntropy: 0.0135 (0.0137)  time: 1.6857  data: 0.6905  max mem: 17021
Epoch: [31]  [90/95]  eta: 0:00:05  lr: 0.000100  loss: 0.0135 (0.0139)  loss_CrossEntropy: 0.0135 (0.0139)  time: 1.1913  data: 0.2048  max mem: 17021
Epoch: [31]  [94/95]  eta: 0:00:01  lr: 0.000100  loss: 0.0134 (0.0139)  loss_CrossEntropy: 0.0134 (0.0139)  time: 1.0655  data: 0.0690  max mem: 17021
Epoch: [31] Total time: 0:02:04 (1.3092 s / it)
Averaged stats: lr: 0.000100  loss: 0.0134 (0.0139)  loss_CrossEntropy: 0.0134 (0.0139)
Test:  [ 0/19]  eta: 0:00:04  loss: 1.5827 (1.5827)  loss_CrossEntropy: 1.5827 (1.5827)  Rv: 0.0000 (0.0000)  Lv: 0.0395 (0.0395)  Myo: 0.0265 (0.0265)  Avg: 0.0220 (0.0220)  time: 0.2433  data: 0.2073  max mem: 17021
Test:  [10/19]  eta: 0:00:00  loss: 1.5124 (1.5530)  loss_CrossEntropy: 1.5124 (1.5530)  Rv: 0.2780 (0.3174)  Lv: 0.0989 (0.0913)  Myo: 0.7430 (0.5272)  Avg: 0.3311 (0.3119)  time: 0.0411  data: 0.0200  max mem: 17021
Test:  [18/19]  eta: 0:00:00  loss: 1.5827 (1.6321)  loss_CrossEntropy: 1.5827 (1.6321)  Rv: 0.1417 (0.2178)  Lv: 0.0860 (0.0873)  Myo: 0.7551 (0.6307)  Avg: 0.3271 (0.3120)  time: 0.0860  data: 0.0688  max mem: 17021
Test: Total time: 0:00:02 (0.1373 s / it)
Averaged stats: loss: 1.5827 (1.6321)  loss_CrossEntropy: 1.5827 (1.6321)  Rv: 0.1417 (0.2178)  Lv: 0.0860 (0.0873)  Myo: 0.7551 (0.6307)  Avg: 0.3271 (0.3120)
dice score: 0.31195660327610214
cutout loss: 0.017315490171313286
original loss: 0.013957136310636997
integrity loss: 0.0065750121138989925
invariant loss: 0.017852051183581352
Epoch: [32]  [ 0/95]  eta: 0:01:37  lr: 0.000100  loss: 0.0140 (0.0140)  loss_CrossEntropy: 0.0140 (0.0140)  time: 1.0247  data: 0.0339  max mem: 17021
Epoch: [32]  [10/95]  eta: 0:01:54  lr: 0.000100  loss: 0.0153 (0.0158)  loss_CrossEntropy: 0.0153 (0.0158)  time: 1.3505  data: 0.3426  max mem: 17021
Epoch: [32]  [20/95]  eta: 0:01:17  lr: 0.000100  loss: 0.0135 (0.0140)  loss_CrossEntropy: 0.0135 (0.0140)  time: 1.0314  data: 0.0343  max mem: 17021
Epoch: [32]  [30/95]  eta: 0:01:10  lr: 0.000100  loss: 0.0131 (0.0133)  loss_CrossEntropy: 0.0131 (0.0133)  time: 1.0848  data: 0.1119  max mem: 17021
Epoch: [32]  [40/95]  eta: 0:00:56  lr: 0.000100  loss: 0.0120 (0.0132)  loss_CrossEntropy: 0.0120 (0.0132)  time: 1.0273  data: 0.0329  max mem: 17021
Epoch: [32]  [50/95]  eta: 0:00:47  lr: 0.000100  loss: 0.0135 (0.0136)  loss_CrossEntropy: 0.0135 (0.0136)  time: 1.0456  data: 0.0574  max mem: 17021
Epoch: [32]  [60/95]  eta: 0:00:54  lr: 0.000100  loss: 0.0141 (0.0135)  loss_CrossEntropy: 0.0141 (0.0135)  time: 1.5479  data: 0.5506  max mem: 17021
Epoch: [32]  [70/95]  eta: 0:00:30  lr: 0.000100  loss: 0.0146 (0.0140)  loss_CrossEntropy: 0.0146 (0.0140)  time: 1.2018  data: 0.2121  max mem: 17021
Epoch: [32]  [80/95]  eta: 0:00:20  lr: 0.000100  loss: 0.0141 (0.0140)  loss_CrossEntropy: 0.0141 (0.0140)  time: 1.3694  data: 0.3938  max mem: 17021
Epoch: [32]  [90/95]  eta: 0:00:06  lr: 0.000100  loss: 0.0127 (0.0139)  loss_CrossEntropy: 0.0127 (0.0139)  time: 1.2120  data: 0.2116  max mem: 17021
Epoch: [32]  [94/95]  eta: 0:00:01  lr: 0.000100  loss: 0.0123 (0.0138)  loss_CrossEntropy: 0.0123 (0.0138)  time: 1.3283  data: 0.3220  max mem: 17021
Epoch: [32] Total time: 0:02:00 (1.2647 s / it)
Averaged stats: lr: 0.000100  loss: 0.0123 (0.0138)  loss_CrossEntropy: 0.0123 (0.0138)
Test:  [ 0/19]  eta: 0:00:04  loss: 2.2544 (2.2544)  loss_CrossEntropy: 2.2544 (2.2544)  Rv: 0.0000 (0.0000)  Lv: 0.0344 (0.0344)  Myo: 0.0334 (0.0334)  Avg: 0.0226 (0.0226)  time: 0.2554  data: 0.2324  max mem: 17021
Test:  [10/19]  eta: 0:00:03  loss: 1.9984 (1.9954)  loss_CrossEntropy: 1.9984 (1.9954)  Rv: 0.2476 (0.2771)  Lv: 0.0798 (0.0762)  Myo: 0.6366 (0.5150)  Avg: 0.2883 (0.2894)  time: 0.3799  data: 0.3584  max mem: 17021
Test:  [18/19]  eta: 0:00:00  loss: 2.0038 (1.9967)  loss_CrossEntropy: 2.0038 (1.9967)  Rv: 0.0879 (0.1798)  Lv: 0.0740 (0.0728)  Myo: 0.7739 (0.6358)  Avg: 0.2886 (0.2961)  time: 0.2848  data: 0.2553  max mem: 17021
Test: Total time: 0:00:03 (0.1717 s / it)
Averaged stats: loss: 2.0038 (1.9967)  loss_CrossEntropy: 2.0038 (1.9967)  Rv: 0.0879 (0.1798)  Lv: 0.0740 (0.0728)  Myo: 0.7739 (0.6358)  Avg: 0.2886 (0.2961)
dice score: 0.29611750005891446
cutout loss: 0.029836764559149742
original loss: 0.010697544552385807
integrity loss: 0.012186867184937
invariant loss: 0.017461782321333885
Epoch: [33]  [ 0/95]  eta: 0:01:44  lr: 0.000100  loss: 0.0107 (0.0107)  loss_CrossEntropy: 0.0107 (0.0107)  time: 1.0956  data: 0.0677  max mem: 17021
Epoch: [33]  [10/95]  eta: 0:01:29  lr: 0.000100  loss: 0.0113 (0.0145)  loss_CrossEntropy: 0.0113 (0.0145)  time: 1.0546  data: 0.0675  max mem: 17021
Epoch: [33]  [20/95]  eta: 0:01:23  lr: 0.000100  loss: 0.0116 (0.0137)  loss_CrossEntropy: 0.0116 (0.0137)  time: 1.1156  data: 0.1308  max mem: 17021
Epoch: [33]  [30/95]  eta: 0:01:19  lr: 0.000100  loss: 0.0124 (0.0135)  loss_CrossEntropy: 0.0124 (0.0135)  time: 1.2216  data: 0.2318  max mem: 17021
Epoch: [33]  [40/95]  eta: 0:01:10  lr: 0.000100  loss: 0.0126 (0.0138)  loss_CrossEntropy: 0.0126 (0.0138)  time: 1.2799  data: 0.2887  max mem: 17021
Epoch: [33]  [50/95]  eta: 0:00:57  lr: 0.000100  loss: 0.0143 (0.0142)  loss_CrossEntropy: 0.0143 (0.0142)  time: 1.2763  data: 0.2844  max mem: 17021
Epoch: [33]  [60/95]  eta: 0:00:49  lr: 0.000100  loss: 0.0126 (0.0141)  loss_CrossEntropy: 0.0126 (0.0141)  time: 1.4263  data: 0.4529  max mem: 17021
Epoch: [33]  [70/95]  eta: 0:00:29  lr: 0.000100  loss: 0.0125 (0.0142)  loss_CrossEntropy: 0.0125 (0.0142)  time: 1.1974  data: 0.2070  max mem: 17021
Epoch: [33]  [80/95]  eta: 0:00:18  lr: 0.000100  loss: 0.0114 (0.0139)  loss_CrossEntropy: 0.0114 (0.0139)  time: 1.2170  data: 0.2321  max mem: 17021
Epoch: [33]  [90/95]  eta: 0:00:06  lr: 0.000100  loss: 0.0121 (0.0139)  loss_CrossEntropy: 0.0121 (0.0139)  time: 1.2723  data: 0.2874  max mem: 17021
Epoch: [33]  [94/95]  eta: 0:00:01  lr: 0.000100  loss: 0.0114 (0.0139)  loss_CrossEntropy: 0.0114 (0.0139)  time: 1.2051  data: 0.1742  max mem: 17021
Epoch: [33] Total time: 0:02:03 (1.3021 s / it)
Averaged stats: lr: 0.000100  loss: 0.0114 (0.0139)  loss_CrossEntropy: 0.0114 (0.0139)
Test:  [ 0/19]  eta: 0:00:00  loss: 1.4848 (1.4848)  loss_CrossEntropy: 1.4848 (1.4848)  Rv: 0.0000 (0.0000)  Lv: 0.0343 (0.0343)  Myo: 0.0407 (0.0407)  Avg: 0.0250 (0.0250)  time: 0.0501  data: 0.0298  max mem: 17021
Test:  [10/19]  eta: 0:00:01  loss: 1.4993 (1.5152)  loss_CrossEntropy: 1.4993 (1.5152)  Rv: 0.4241 (0.3821)  Lv: 0.0874 (0.0858)  Myo: 0.2872 (0.3451)  Avg: 0.3014 (0.2710)  time: 0.2084  data: 0.1878  max mem: 17021
Test:  [18/19]  eta: 0:00:00  loss: 1.5089 (1.5084)  loss_CrossEntropy: 1.5089 (1.5084)  Rv: 0.1768 (0.2527)  Lv: 0.0828 (0.0831)  Myo: 0.5826 (0.4942)  Avg: 0.2873 (0.2767)  time: 0.3240  data: 0.2944  max mem: 17021
Test: Total time: 0:00:03 (0.1757 s / it)
Averaged stats: loss: 1.5089 (1.5084)  loss_CrossEntropy: 1.5089 (1.5084)  Rv: 0.1768 (0.2527)  Lv: 0.0828 (0.0831)  Myo: 0.5826 (0.4942)  Avg: 0.2873 (0.2767)
dice score: 0.2766780856212503
cutout loss: 0.02620605193078518
original loss: 0.021032754331827164
integrity loss: 0.007688683457672596
invariant loss: 0.009885973297059536
Epoch: [34]  [ 0/95]  eta: 0:01:54  lr: 0.000100  loss: 0.0210 (0.0210)  loss_CrossEntropy: 0.0210 (0.0210)  time: 1.2026  data: 0.2201  max mem: 17021
Epoch: [34]  [10/95]  eta: 0:01:57  lr: 0.000100  loss: 0.0117 (0.0131)  loss_CrossEntropy: 0.0117 (0.0131)  time: 1.3819  data: 0.3767  max mem: 17021
Epoch: [34]  [20/95]  eta: 0:01:48  lr: 0.000100  loss: 0.0117 (0.0123)  loss_CrossEntropy: 0.0117 (0.0123)  time: 1.4482  data: 0.4669  max mem: 17021
Epoch: [34]  [30/95]  eta: 0:01:21  lr: 0.000100  loss: 0.0120 (0.0130)  loss_CrossEntropy: 0.0120 (0.0130)  time: 1.2526  data: 0.2750  max mem: 17021
Epoch: [34]  [40/95]  eta: 0:01:14  lr: 0.000100  loss: 0.0121 (0.0130)  loss_CrossEntropy: 0.0121 (0.0130)  time: 1.3572  data: 0.3751  max mem: 17021
Epoch: [34]  [50/95]  eta: 0:00:54  lr: 0.000100  loss: 0.0119 (0.0134)  loss_CrossEntropy: 0.0119 (0.0134)  time: 1.2199  data: 0.2428  max mem: 17021
Epoch: [34]  [60/95]  eta: 0:00:44  lr: 0.000100  loss: 0.0119 (0.0134)  loss_CrossEntropy: 0.0119 (0.0134)  time: 1.2748  data: 0.2893  max mem: 17021
Epoch: [34]  [70/95]  eta: 0:00:35  lr: 0.000100  loss: 0.0127 (0.0136)  loss_CrossEntropy: 0.0127 (0.0136)  time: 1.4052  data: 0.3750  max mem: 17021
Epoch: [34]  [80/95]  eta: 0:00:26  lr: 0.000100  loss: 0.0120 (0.0135)  loss_CrossEntropy: 0.0120 (0.0135)  time: 1.7765  data: 0.7817  max mem: 17021
Epoch: [34]  [90/95]  eta: 0:00:05  lr: 0.000100  loss: 0.0110 (0.0134)  loss_CrossEntropy: 0.0110 (0.0134)  time: 1.0196  data: 0.0408  max mem: 17021
Epoch: [34]  [94/95]  eta: 0:00:01  lr: 0.000100  loss: 0.0122 (0.0135)  loss_CrossEntropy: 0.0122 (0.0135)  time: 1.1775  data: 0.1908  max mem: 17021
Epoch: [34] Total time: 0:02:07 (1.3385 s / it)
Averaged stats: lr: 0.000100  loss: 0.0122 (0.0135)  loss_CrossEntropy: 0.0122 (0.0135)
Test:  [ 0/19]  eta: 0:00:05  loss: 2.0449 (2.0449)  loss_CrossEntropy: 2.0449 (2.0449)  Rv: 0.0000 (0.0000)  Lv: 0.0346 (0.0346)  Myo: 0.0325 (0.0325)  Avg: 0.0224 (0.0224)  time: 0.2872  data: 0.2539  max mem: 17021
Test:  [10/19]  eta: 0:00:00  loss: 1.8448 (1.8430)  loss_CrossEntropy: 1.8448 (1.8430)  Rv: 0.2755 (0.3106)  Lv: 0.0796 (0.0752)  Myo: 0.2742 (0.3120)  Avg: 0.2736 (0.2326)  time: 0.0405  data: 0.0195  max mem: 17021
Test:  [18/19]  eta: 0:00:00  loss: 1.8065 (1.7971)  loss_CrossEntropy: 1.8065 (1.7971)  Rv: 0.1083 (0.2059)  Lv: 0.0761 (0.0712)  Myo: 0.5821 (0.4780)  Avg: 0.2736 (0.2517)  time: 0.0335  data: 0.0159  max mem: 17021
Test: Total time: 0:00:04 (0.2256 s / it)
Averaged stats: loss: 1.8065 (1.7971)  loss_CrossEntropy: 1.8065 (1.7971)  Rv: 0.1083 (0.2059)  Lv: 0.0761 (0.0712)  Myo: 0.5821 (0.4780)  Avg: 0.2736 (0.2517)
dice score: 0.2517088824196866
cutout loss: 0.015241697430610657
original loss: 0.017034994438290596
integrity loss: 0.008837229572236538
invariant loss: 0.015301108360290527
Epoch: [35]  [ 0/95]  eta: 0:02:13  lr: 0.000100  loss: 0.0170 (0.0170)  loss_CrossEntropy: 0.0170 (0.0170)  time: 1.4052  data: 0.4110  max mem: 17021
Epoch: [35]  [10/95]  eta: 0:01:47  lr: 0.000100  loss: 0.0126 (0.0135)  loss_CrossEntropy: 0.0126 (0.0135)  time: 1.2622  data: 0.2847  max mem: 17021
Epoch: [35]  [20/95]  eta: 0:01:49  lr: 0.000100  loss: 0.0108 (0.0127)  loss_CrossEntropy: 0.0108 (0.0127)  time: 1.4550  data: 0.4624  max mem: 17021
Epoch: [35]  [30/95]  eta: 0:01:21  lr: 0.000100  loss: 0.0115 (0.0128)  loss_CrossEntropy: 0.0115 (0.0128)  time: 1.2556  data: 0.2710  max mem: 17021
Epoch: [35]  [40/95]  eta: 0:01:09  lr: 0.000100  loss: 0.0117 (0.0126)  loss_CrossEntropy: 0.0117 (0.0126)  time: 1.2605  data: 0.2721  max mem: 17021
Epoch: [35]  [50/95]  eta: 0:01:07  lr: 0.000100  loss: 0.0113 (0.0123)  loss_CrossEntropy: 0.0113 (0.0123)  time: 1.4925  data: 0.5058  max mem: 17021
Epoch: [35]  [60/95]  eta: 0:00:49  lr: 0.000100  loss: 0.0116 (0.0124)  loss_CrossEntropy: 0.0116 (0.0124)  time: 1.4065  data: 0.4201  max mem: 17021
Epoch: [35]  [70/95]  eta: 0:00:30  lr: 0.000100  loss: 0.0119 (0.0126)  loss_CrossEntropy: 0.0119 (0.0126)  time: 1.2399  data: 0.2607  max mem: 17021
Epoch: [35]  [80/95]  eta: 0:00:19  lr: 0.000100  loss: 0.0129 (0.0129)  loss_CrossEntropy: 0.0129 (0.0129)  time: 1.3183  data: 0.3428  max mem: 17021
Epoch: [35]  [90/95]  eta: 0:00:07  lr: 0.000100  loss: 0.0129 (0.0129)  loss_CrossEntropy: 0.0129 (0.0129)  time: 1.4708  data: 0.4861  max mem: 17021
Epoch: [35]  [94/95]  eta: 0:00:01  lr: 0.000100  loss: 0.0109 (0.0130)  loss_CrossEntropy: 0.0109 (0.0130)  time: 1.4587  data: 0.4646  max mem: 17021
Epoch: [35] Total time: 0:02:06 (1.3268 s / it)
Averaged stats: lr: 0.000100  loss: 0.0109 (0.0130)  loss_CrossEntropy: 0.0109 (0.0130)
Test:  [ 0/19]  eta: 0:00:01  loss: 2.0082 (2.0082)  loss_CrossEntropy: 2.0082 (2.0082)  Rv: 0.0000 (0.0000)  Lv: 0.0355 (0.0355)  Myo: 0.0331 (0.0331)  Avg: 0.0229 (0.0229)  time: 0.0674  data: 0.0470  max mem: 17021
Test:  [10/19]  eta: 0:00:00  loss: 1.5962 (1.6005)  loss_CrossEntropy: 1.5962 (1.6005)  Rv: 0.4221 (0.4034)  Lv: 0.0972 (0.0875)  Myo: 0.2915 (0.3646)  Avg: 0.3257 (0.2851)  time: 0.0394  data: 0.0191  max mem: 17021
Test:  [18/19]  eta: 0:00:00  loss: 1.5527 (1.5739)  loss_CrossEntropy: 1.5527 (1.5739)  Rv: 0.1563 (0.2676)  Lv: 0.0805 (0.0836)  Myo: 0.7474 (0.5495)  Avg: 0.3247 (0.3003)  time: 0.2521  data: 0.2218  max mem: 17021
Test: Total time: 0:00:02 (0.1190 s / it)
Averaged stats: loss: 1.5527 (1.5739)  loss_CrossEntropy: 1.5527 (1.5739)  Rv: 0.1563 (0.2676)  Lv: 0.0805 (0.0836)  Myo: 0.7474 (0.5495)  Avg: 0.3247 (0.3003)
dice score: 0.3002623686272847
cutout loss: 0.01498374156653881
original loss: 0.010173101909458637
integrity loss: 0.010381740517914295
invariant loss: 0.009038537740707397
Epoch: [36]  [ 0/95]  eta: 0:01:37  lr: 0.000100  loss: 0.0102 (0.0102)  loss_CrossEntropy: 0.0102 (0.0102)  time: 1.0307  data: 0.0371  max mem: 17021
Epoch: [36]  [10/95]  eta: 0:01:54  lr: 0.000100  loss: 0.0110 (0.0111)  loss_CrossEntropy: 0.0110 (0.0111)  time: 1.3450  data: 0.3527  max mem: 17021
Epoch: [36]  [20/95]  eta: 0:01:17  lr: 0.000100  loss: 0.0116 (0.0121)  loss_CrossEntropy: 0.0116 (0.0121)  time: 1.0377  data: 0.0612  max mem: 17021
Epoch: [36]  [30/95]  eta: 0:01:56  lr: 0.000100  loss: 0.0122 (0.0121)  loss_CrossEntropy: 0.0122 (0.0121)  time: 1.7859  data: 0.7965  max mem: 17021
Epoch: [36]  [40/95]  eta: 0:01:22  lr: 0.000100  loss: 0.0115 (0.0122)  loss_CrossEntropy: 0.0115 (0.0122)  time: 1.5000  data: 0.5042  max mem: 17021
Epoch: [36]  [50/95]  eta: 0:01:01  lr: 0.000100  loss: 0.0127 (0.0125)  loss_CrossEntropy: 0.0127 (0.0125)  time: 1.3656  data: 0.3764  max mem: 17021
Epoch: [36]  [60/95]  eta: 0:00:44  lr: 0.000100  loss: 0.0103 (0.0124)  loss_CrossEntropy: 0.0103 (0.0124)  time: 1.2712  data: 0.2483  max mem: 17021
Epoch: [36]  [70/95]  eta: 0:00:31  lr: 0.000100  loss: 0.0110 (0.0124)  loss_CrossEntropy: 0.0110 (0.0124)  time: 1.2413  data: 0.2596  max mem: 17021
Epoch: [36]  [80/95]  eta: 0:00:24  lr: 0.000100  loss: 0.0132 (0.0125)  loss_CrossEntropy: 0.0132 (0.0125)  time: 1.6118  data: 0.6230  max mem: 17021
Epoch: [36]  [90/95]  eta: 0:00:07  lr: 0.000100  loss: 0.0132 (0.0125)  loss_CrossEntropy: 0.0132 (0.0125)  time: 1.5348  data: 0.5551  max mem: 17021
Epoch: [36]  [94/95]  eta: 0:00:01  lr: 0.000100  loss: 0.0132 (0.0127)  loss_CrossEntropy: 0.0132 (0.0127)  time: 1.5033  data: 0.5243  max mem: 17021
Epoch: [36] Total time: 0:02:02 (1.2938 s / it)
Averaged stats: lr: 0.000100  loss: 0.0132 (0.0127)  loss_CrossEntropy: 0.0132 (0.0127)
Test:  [ 0/19]  eta: 0:00:01  loss: 1.7895 (1.7895)  loss_CrossEntropy: 1.7895 (1.7895)  Rv: 0.0000 (0.0000)  Lv: 0.0410 (0.0410)  Myo: 0.0377 (0.0377)  Avg: 0.0262 (0.0262)  time: 0.0706  data: 0.0470  max mem: 17021
Test:  [10/19]  eta: 0:00:03  loss: 1.5857 (1.5787)  loss_CrossEntropy: 1.5857 (1.5787)  Rv: 0.5181 (0.5528)  Lv: 0.1017 (0.1015)  Myo: 0.1547 (0.1735)  Avg: 0.3052 (0.2759)  time: 0.3555  data: 0.3341  max mem: 17021
Test:  [18/19]  eta: 0:00:00  loss: 1.6198 (1.6347)  loss_CrossEntropy: 1.6198 (1.6347)  Rv: 0.4435 (0.3948)  Lv: 0.0943 (0.0923)  Myo: 0.1625 (0.2686)  Avg: 0.2608 (0.2519)  time: 0.2746  data: 0.2567  max mem: 17021
Test: Total time: 0:00:03 (0.1858 s / it)
Averaged stats: loss: 1.6198 (1.6347)  loss_CrossEntropy: 1.6198 (1.6347)  Rv: 0.4435 (0.3948)  Lv: 0.0943 (0.0923)  Myo: 0.1625 (0.2686)  Avg: 0.2608 (0.2519)
dice score: 0.25188444495985385
cutout loss: 0.011529885232448578
original loss: 0.014055464416742325
integrity loss: 0.01129838265478611
invariant loss: 0.011587405577301979
Epoch: [37]  [ 0/95]  eta: 0:02:07  lr: 0.000100  loss: 0.0141 (0.0141)  loss_CrossEntropy: 0.0141 (0.0141)  time: 1.3413  data: 0.3178  max mem: 17021
Epoch: [37]  [10/95]  eta: 0:02:28  lr: 0.000100  loss: 0.0127 (0.0127)  loss_CrossEntropy: 0.0127 (0.0127)  time: 1.7529  data: 0.7673  max mem: 17021
Epoch: [37]  [20/95]  eta: 0:01:58  lr: 0.000100  loss: 0.0125 (0.0133)  loss_CrossEntropy: 0.0125 (0.0133)  time: 1.5808  data: 0.5935  max mem: 17021
Epoch: [37]  [30/95]  eta: 0:01:36  lr: 0.000100  loss: 0.0122 (0.0128)  loss_CrossEntropy: 0.0122 (0.0128)  time: 1.4834  data: 0.4975  max mem: 17021
Epoch: [37]  [40/95]  eta: 0:01:20  lr: 0.000100  loss: 0.0121 (0.0128)  loss_CrossEntropy: 0.0121 (0.0128)  time: 1.4563  data: 0.4552  max mem: 17021
Epoch: [37]  [50/95]  eta: 0:00:52  lr: 0.000100  loss: 0.0100 (0.0124)  loss_CrossEntropy: 0.0100 (0.0124)  time: 1.1773  data: 0.1831  max mem: 17021
Epoch: [37]  [60/95]  eta: 0:00:50  lr: 0.000100  loss: 0.0120 (0.0132)  loss_CrossEntropy: 0.0120 (0.0132)  time: 1.4388  data: 0.4291  max mem: 17021
Epoch: [37]  [70/95]  eta: 0:00:31  lr: 0.000100  loss: 0.0128 (0.0130)  loss_CrossEntropy: 0.0128 (0.0130)  time: 1.2646  data: 0.2879  max mem: 17021
Epoch: [37]  [80/95]  eta: 0:00:26  lr: 0.000100  loss: 0.0109 (0.0129)  loss_CrossEntropy: 0.0109 (0.0129)  time: 1.7904  data: 0.7699  max mem: 17021
Epoch: [37]  [90/95]  eta: 0:00:07  lr: 0.000100  loss: 0.0110 (0.0128)  loss_CrossEntropy: 0.0110 (0.0128)  time: 1.4686  data: 0.4812  max mem: 17021
Epoch: [37]  [94/95]  eta: 0:00:01  lr: 0.000100  loss: 0.0110 (0.0128)  loss_CrossEntropy: 0.0110 (0.0128)  time: 1.5254  data: 0.5280  max mem: 17021
Epoch: [37] Total time: 0:02:08 (1.3513 s / it)
Averaged stats: lr: 0.000100  loss: 0.0110 (0.0128)  loss_CrossEntropy: 0.0110 (0.0128)
Test:  [ 0/19]  eta: 0:00:08  loss: 1.9038 (1.9038)  loss_CrossEntropy: 1.9038 (1.9038)  Rv: 0.0000 (0.0000)  Lv: 0.0331 (0.0331)  Myo: 0.0319 (0.0319)  Avg: 0.0217 (0.0217)  time: 0.4220  data: 0.3888  max mem: 17021
Test:  [10/19]  eta: 0:00:01  loss: 1.7295 (1.7533)  loss_CrossEntropy: 1.7295 (1.7533)  Rv: 0.5977 (0.5370)  Lv: 0.0839 (0.0804)  Myo: 0.2243 (0.2964)  Avg: 0.3211 (0.3046)  time: 0.2033  data: 0.1816  max mem: 17021
Test:  [18/19]  eta: 0:00:00  loss: 1.7452 (1.7535)  loss_CrossEntropy: 1.7452 (1.7535)  Rv: 0.1664 (0.3460)  Lv: 0.0800 (0.0756)  Myo: 0.5386 (0.4806)  Avg: 0.3171 (0.3007)  time: 0.0356  data: 0.0182  max mem: 17021
Test: Total time: 0:00:03 (0.2071 s / it)
Averaged stats: loss: 1.7452 (1.7535)  loss_CrossEntropy: 1.7452 (1.7535)  Rv: 0.1664 (0.3460)  Lv: 0.0800 (0.0756)  Myo: 0.5386 (0.4806)  Avg: 0.3171 (0.3007)
dice score: 0.3007160820262997
cutout loss: 0.028508633375167847
original loss: 0.014043258503079414
integrity loss: 0.011627322994172573
invariant loss: 0.01667618751525879
Epoch: [38]  [ 0/95]  eta: 0:02:19  lr: 0.000100  loss: 0.0140 (0.0140)  loss_CrossEntropy: 0.0140 (0.0140)  time: 1.4653  data: 0.4733  max mem: 17021
Epoch: [38]  [10/95]  eta: 0:01:27  lr: 0.000100  loss: 0.0107 (0.0122)  loss_CrossEntropy: 0.0107 (0.0122)  time: 1.0332  data: 0.0388  max mem: 17021
Epoch: [38]  [20/95]  eta: 0:01:23  lr: 0.000100  loss: 0.0111 (0.0118)  loss_CrossEntropy: 0.0111 (0.0118)  time: 1.1176  data: 0.1361  max mem: 17021
Epoch: [38]  [30/95]  eta: 0:01:18  lr: 0.000100  loss: 0.0117 (0.0133)  loss_CrossEntropy: 0.0117 (0.0133)  time: 1.2099  data: 0.2214  max mem: 17021
Epoch: [38]  [40/95]  eta: 0:01:18  lr: 0.000100  loss: 0.0114 (0.0126)  loss_CrossEntropy: 0.0114 (0.0126)  time: 1.4257  data: 0.4298  max mem: 17023
Epoch: [38]  [50/95]  eta: 0:00:52  lr: 0.000100  loss: 0.0114 (0.0125)  loss_CrossEntropy: 0.0114 (0.0125)  time: 1.1613  data: 0.1890  max mem: 17023
Epoch: [38]  [60/95]  eta: 0:00:58  lr: 0.000100  loss: 0.0102 (0.0122)  loss_CrossEntropy: 0.0102 (0.0122)  time: 1.6595  data: 0.6386  max mem: 17023
Epoch: [38]  [70/95]  eta: 0:00:36  lr: 0.000100  loss: 0.0097 (0.0122)  loss_CrossEntropy: 0.0097 (0.0122)  time: 1.4586  data: 0.4390  max mem: 17023
Epoch: [38]  [80/95]  eta: 0:00:17  lr: 0.000100  loss: 0.0102 (0.0122)  loss_CrossEntropy: 0.0102 (0.0122)  time: 1.1638  data: 0.1813  max mem: 17023
Epoch: [38]  [90/95]  eta: 0:00:06  lr: 0.000100  loss: 0.0112 (0.0122)  loss_CrossEntropy: 0.0112 (0.0122)  time: 1.2167  data: 0.2236  max mem: 17023
Epoch: [38]  [94/95]  eta: 0:00:01  lr: 0.000100  loss: 0.0120 (0.0122)  loss_CrossEntropy: 0.0120 (0.0122)  time: 1.3253  data: 0.3354  max mem: 17023
Epoch: [38] Total time: 0:02:04 (1.3080 s / it)
Averaged stats: lr: 0.000100  loss: 0.0120 (0.0122)  loss_CrossEntropy: 0.0120 (0.0122)
Test:  [ 0/19]  eta: 0:00:05  loss: 2.0316 (2.0316)  loss_CrossEntropy: 2.0316 (2.0316)  Rv: 0.0000 (0.0000)  Lv: 0.0388 (0.0388)  Myo: 0.0265 (0.0265)  Avg: 0.0218 (0.0218)  time: 0.2807  data: 0.2595  max mem: 17023
Test:  [10/19]  eta: 0:00:01  loss: 1.6454 (1.6590)  loss_CrossEntropy: 1.6454 (1.6590)  Rv: 0.2994 (0.3031)  Lv: 0.0917 (0.0909)  Myo: 0.3152 (0.3418)  Avg: 0.2578 (0.2453)  time: 0.2169  data: 0.1969  max mem: 17023
Test:  [18/19]  eta: 0:00:00  loss: 1.5758 (1.6057)  loss_CrossEntropy: 1.5758 (1.6057)  Rv: 0.1668 (0.2031)  Lv: 0.0901 (0.0875)  Myo: 0.4346 (0.4949)  Avg: 0.2849 (0.2618)  time: 0.0322  data: 0.0152  max mem: 17023
Test: Total time: 0:00:02 (0.1095 s / it)
Averaged stats: loss: 1.5758 (1.6057)  loss_CrossEntropy: 1.5758 (1.6057)  Rv: 0.1668 (0.2031)  Lv: 0.0901 (0.0875)  Myo: 0.4346 (0.4949)  Avg: 0.2849 (0.2618)
dice score: 0.26181914176987975
cutout loss: 0.024024654179811478
original loss: 0.014208565466105938
integrity loss: 0.013750487938523293
invariant loss: 0.010258805938065052
Epoch: [39]  [ 0/95]  eta: 0:02:20  lr: 0.000100  loss: 0.0142 (0.0142)  loss_CrossEntropy: 0.0142 (0.0142)  time: 1.4754  data: 0.4794  max mem: 17023
Epoch: [39]  [10/95]  eta: 0:01:30  lr: 0.000100  loss: 0.0115 (0.0128)  loss_CrossEntropy: 0.0115 (0.0128)  time: 1.0623  data: 0.0433  max mem: 17023
Epoch: [39]  [20/95]  eta: 0:01:15  lr: 0.000100  loss: 0.0115 (0.0134)  loss_CrossEntropy: 0.0115 (0.0134)  time: 1.0097  data: 0.0329  max mem: 17023
Epoch: [39]  [30/95]  eta: 0:01:49  lr: 0.000100  loss: 0.0111 (0.0125)  loss_CrossEntropy: 0.0111 (0.0125)  time: 1.6921  data: 0.7019  max mem: 17023
Epoch: [39]  [40/95]  eta: 0:01:09  lr: 0.000100  loss: 0.0121 (0.0130)  loss_CrossEntropy: 0.0121 (0.0130)  time: 1.2662  data: 0.2882  max mem: 17023
Epoch: [39]  [50/95]  eta: 0:01:00  lr: 0.000100  loss: 0.0121 (0.0127)  loss_CrossEntropy: 0.0121 (0.0127)  time: 1.3457  data: 0.3616  max mem: 17023
Epoch: [39]  [60/95]  eta: 0:00:58  lr: 0.000100  loss: 0.0102 (0.0123)  loss_CrossEntropy: 0.0102 (0.0123)  time: 1.6822  data: 0.6949  max mem: 17023
Epoch: [39]  [70/95]  eta: 0:00:34  lr: 0.000100  loss: 0.0112 (0.0125)  loss_CrossEntropy: 0.0112 (0.0125)  time: 1.3799  data: 0.4025  max mem: 17023
Epoch: [39]  [80/95]  eta: 0:00:19  lr: 0.000100  loss: 0.0112 (0.0122)  loss_CrossEntropy: 0.0112 (0.0122)  time: 1.2694  data: 0.2942  max mem: 17023
Epoch: [39]  [90/95]  eta: 0:00:06  lr: 0.000100  loss: 0.0105 (0.0122)  loss_CrossEntropy: 0.0105 (0.0122)  time: 1.3200  data: 0.3291  max mem: 17023
Epoch: [39]  [94/95]  eta: 0:00:01  lr: 0.000100  loss: 0.0105 (0.0121)  loss_CrossEntropy: 0.0105 (0.0121)  time: 1.7396  data: 0.7481  max mem: 17023
Epoch: [39] Total time: 0:02:04 (1.3114 s / it)
Averaged stats: lr: 0.000100  loss: 0.0105 (0.0121)  loss_CrossEntropy: 0.0105 (0.0121)
Test:  [ 0/19]  eta: 0:00:04  loss: 1.7357 (1.7357)  loss_CrossEntropy: 1.7357 (1.7357)  Rv: 0.0000 (0.0000)  Lv: 0.0377 (0.0377)  Myo: 0.0356 (0.0356)  Avg: 0.0244 (0.0244)  time: 0.2565  data: 0.2331  max mem: 17023
Test:  [10/19]  eta: 0:00:01  loss: 1.5520 (1.5860)  loss_CrossEntropy: 1.5520 (1.5860)  Rv: 0.5880 (0.5320)  Lv: 0.0994 (0.0907)  Myo: 0.2554 (0.3366)  Avg: 0.3503 (0.3198)  time: 0.1445  data: 0.1226  max mem: 17023
Test:  [18/19]  eta: 0:00:00  loss: 1.5659 (1.5830)  loss_CrossEntropy: 1.5659 (1.5830)  Rv: 0.2298 (0.3512)  Lv: 0.0881 (0.0877)  Myo: 0.2838 (0.4193)  Avg: 0.3003 (0.2860)  time: 0.0327  data: 0.0156  max mem: 17023
Test: Total time: 0:00:03 (0.1654 s / it)
Averaged stats: loss: 1.5659 (1.5830)  loss_CrossEntropy: 1.5659 (1.5830)  Rv: 0.2298 (0.3512)  Lv: 0.0881 (0.0877)  Myo: 0.2838 (0.4193)  Avg: 0.3003 (0.2860)
dice score: 0.2860482560568734
cutout loss: 0.036845963448286057
original loss: 0.025836771354079247
integrity loss: 0.010581433773040771
invariant loss: 0.01667516864836216
Epoch: [40]  [ 0/95]  eta: 0:02:09  lr: 0.000100  loss: 0.0258 (0.0258)  loss_CrossEntropy: 0.0258 (0.0258)  time: 1.3584  data: 0.3575  max mem: 17023
Epoch: [40]  [10/95]  eta: 0:01:28  lr: 0.000100  loss: 0.0093 (0.0123)  loss_CrossEntropy: 0.0093 (0.0123)  time: 1.0415  data: 0.0614  max mem: 17023
Epoch: [40]  [20/95]  eta: 0:01:17  lr: 0.000100  loss: 0.0104 (0.0131)  loss_CrossEntropy: 0.0104 (0.0131)  time: 1.0307  data: 0.0387  max mem: 17023
Epoch: [40]  [30/95]  eta: 0:02:10  lr: 0.000100  loss: 0.0107 (0.0127)  loss_CrossEntropy: 0.0107 (0.0127)  time: 2.0038  data: 1.0044  max mem: 17023
Epoch: [40]  [40/95]  eta: 0:01:20  lr: 0.000100  loss: 0.0105 (0.0123)  loss_CrossEntropy: 0.0105 (0.0123)  time: 1.4648  data: 0.4834  max mem: 17023
Epoch: [40]  [50/95]  eta: 0:00:55  lr: 0.000100  loss: 0.0101 (0.0124)  loss_CrossEntropy: 0.0101 (0.0124)  time: 1.2438  data: 0.2554  max mem: 17023
Epoch: [40]  [60/95]  eta: 0:00:44  lr: 0.000100  loss: 0.0102 (0.0123)  loss_CrossEntropy: 0.0102 (0.0123)  time: 1.2831  data: 0.2711  max mem: 17023
Epoch: [40]  [70/95]  eta: 0:00:26  lr: 0.000100  loss: 0.0106 (0.0123)  loss_CrossEntropy: 0.0106 (0.0123)  time: 1.0705  data: 0.0874  max mem: 17023
Epoch: [40]  [80/95]  eta: 0:00:21  lr: 0.000100  loss: 0.0117 (0.0124)  loss_CrossEntropy: 0.0117 (0.0124)  time: 1.4279  data: 0.4447  max mem: 17023
Epoch: [40]  [90/95]  eta: 0:00:07  lr: 0.000100  loss: 0.0124 (0.0126)  loss_CrossEntropy: 0.0124 (0.0126)  time: 1.4009  data: 0.4252  max mem: 17023
Epoch: [40]  [94/95]  eta: 0:00:01  lr: 0.000100  loss: 0.0126 (0.0126)  loss_CrossEntropy: 0.0126 (0.0126)  time: 1.2365  data: 0.2350  max mem: 17023
Epoch: [40] Total time: 0:02:03 (1.3032 s / it)
Averaged stats: lr: 0.000100  loss: 0.0126 (0.0126)  loss_CrossEntropy: 0.0126 (0.0126)
Test:  [ 0/19]  eta: 0:00:05  loss: 2.2526 (2.2526)  loss_CrossEntropy: 2.2526 (2.2526)  Rv: 0.0000 (0.0000)  Lv: 0.0290 (0.0290)  Myo: 0.0257 (0.0257)  Avg: 0.0182 (0.0182)  time: 0.3137  data: 0.2934  max mem: 17023
Test:  [10/19]  eta: 0:00:00  loss: 1.8232 (1.8276)  loss_CrossEntropy: 1.8232 (1.8276)  Rv: 0.1318 (0.2018)  Lv: 0.0781 (0.0782)  Myo: 0.7123 (0.5079)  Avg: 0.2738 (0.2626)  time: 0.0454  data: 0.0241  max mem: 17023
Test:  [18/19]  eta: 0:00:00  loss: 1.7859 (1.8010)  loss_CrossEntropy: 1.7859 (1.8010)  Rv: 0.0791 (0.1322)  Lv: 0.0775 (0.0742)  Myo: 0.7134 (0.5936)  Avg: 0.2726 (0.2667)  time: 0.2260  data: 0.1956  max mem: 17023
Test: Total time: 0:00:02 (0.1523 s / it)
Averaged stats: loss: 1.7859 (1.8010)  loss_CrossEntropy: 1.7859 (1.8010)  Rv: 0.0791 (0.1322)  Lv: 0.0775 (0.0742)  Myo: 0.7134 (0.5936)  Avg: 0.2726 (0.2667)
dice score: 0.2666714853165965
cutout loss: 0.02157818153500557
original loss: 0.013306763954460621
integrity loss: 0.01127483882009983
invariant loss: 0.018330812454223633
Epoch: [41]  [ 0/95]  eta: 0:01:47  lr: 0.000100  loss: 0.0133 (0.0133)  loss_CrossEntropy: 0.0133 (0.0133)  time: 1.1267  data: 0.1390  max mem: 17023
Epoch: [41]  [10/95]  eta: 0:01:51  lr: 0.000100  loss: 0.0119 (0.0128)  loss_CrossEntropy: 0.0119 (0.0128)  time: 1.3137  data: 0.2863  max mem: 17023
Epoch: [41]  [20/95]  eta: 0:01:36  lr: 0.000100  loss: 0.0118 (0.0134)  loss_CrossEntropy: 0.0118 (0.0134)  time: 1.2809  data: 0.2833  max mem: 17023
Epoch: [41]  [30/95]  eta: 0:01:27  lr: 0.000100  loss: 0.0118 (0.0134)  loss_CrossEntropy: 0.0118 (0.0134)  time: 1.3409  data: 0.3429  max mem: 17023
Epoch: [41]  [40/95]  eta: 0:01:07  lr: 0.000100  loss: 0.0106 (0.0128)  loss_CrossEntropy: 0.0106 (0.0128)  time: 1.2296  data: 0.2404  max mem: 17023
Epoch: [41]  [50/95]  eta: 0:00:58  lr: 0.000100  loss: 0.0122 (0.0129)  loss_CrossEntropy: 0.0122 (0.0129)  time: 1.2984  data: 0.3086  max mem: 17023
Epoch: [41]  [60/95]  eta: 0:00:53  lr: 0.000100  loss: 0.0129 (0.0131)  loss_CrossEntropy: 0.0129 (0.0131)  time: 1.5388  data: 0.5614  max mem: 17023
Epoch: [41]  [70/95]  eta: 0:00:33  lr: 0.000100  loss: 0.0109 (0.0130)  loss_CrossEntropy: 0.0109 (0.0130)  time: 1.3443  data: 0.3663  max mem: 17023
Epoch: [41]  [80/95]  eta: 0:00:17  lr: 0.000100  loss: 0.0100 (0.0127)  loss_CrossEntropy: 0.0100 (0.0127)  time: 1.1578  data: 0.1769  max mem: 17023
Epoch: [41]  [90/95]  eta: 0:00:07  lr: 0.000100  loss: 0.0103 (0.0125)  loss_CrossEntropy: 0.0103 (0.0125)  time: 1.4060  data: 0.4277  max mem: 17023
Epoch: [41]  [94/95]  eta: 0:00:01  lr: 0.000100  loss: 0.0100 (0.0124)  loss_CrossEntropy: 0.0100 (0.0124)  time: 1.4349  data: 0.4540  max mem: 17023
Epoch: [41] Total time: 0:02:03 (1.2986 s / it)
Averaged stats: lr: 0.000100  loss: 0.0100 (0.0124)  loss_CrossEntropy: 0.0100 (0.0124)
Test:  [ 0/19]  eta: 0:00:01  loss: 1.9098 (1.9098)  loss_CrossEntropy: 1.9098 (1.9098)  Rv: 0.0000 (0.0000)  Lv: 0.0364 (0.0364)  Myo: 0.0385 (0.0385)  Avg: 0.0250 (0.0250)  time: 0.0578  data: 0.0372  max mem: 17023
Test:  [10/19]  eta: 0:00:00  loss: 1.7051 (1.7023)  loss_CrossEntropy: 1.7051 (1.7023)  Rv: 0.2779 (0.2642)  Lv: 0.0900 (0.0855)  Myo: 0.7499 (0.5459)  Avg: 0.3296 (0.2985)  time: 0.0451  data: 0.0239  max mem: 17023
Test:  [18/19]  eta: 0:00:00  loss: 1.6767 (1.6904)  loss_CrossEntropy: 1.6767 (1.6904)  Rv: 0.1334 (0.1796)  Lv: 0.0833 (0.0833)  Myo: 0.7707 (0.6547)  Avg: 0.3035 (0.3059)  time: 0.2771  data: 0.2471  max mem: 17023
Test: Total time: 0:00:03 (0.1699 s / it)
Averaged stats: loss: 1.6767 (1.6904)  loss_CrossEntropy: 1.6767 (1.6904)  Rv: 0.1334 (0.1796)  Lv: 0.0833 (0.0833)  Myo: 0.7707 (0.6547)  Avg: 0.3035 (0.3059)
dice score: 0.305861026636864
cutout loss: 0.020235586911439896
original loss: 0.01282124500721693
integrity loss: 0.010196864604949951
invariant loss: 0.014313382096588612
Epoch: [42]  [ 0/95]  eta: 0:02:39  lr: 0.000100  loss: 0.0128 (0.0128)  loss_CrossEntropy: 0.0128 (0.0128)  time: 1.6837  data: 0.6825  max mem: 17023
Epoch: [42]  [10/95]  eta: 0:01:29  lr: 0.000100  loss: 0.0116 (0.0116)  loss_CrossEntropy: 0.0116 (0.0116)  time: 1.0477  data: 0.0644  max mem: 17023
Epoch: [42]  [20/95]  eta: 0:01:40  lr: 0.000100  loss: 0.0113 (0.0110)  loss_CrossEntropy: 0.0113 (0.0110)  time: 1.3431  data: 0.3522  max mem: 17023
Epoch: [42]  [30/95]  eta: 0:01:21  lr: 0.000100  loss: 0.0099 (0.0107)  loss_CrossEntropy: 0.0099 (0.0107)  time: 1.2595  data: 0.2433  max mem: 17023
Epoch: [42]  [40/95]  eta: 0:01:09  lr: 0.000100  loss: 0.0103 (0.0111)  loss_CrossEntropy: 0.0103 (0.0111)  time: 1.2708  data: 0.2860  max mem: 17023
Epoch: [42]  [50/95]  eta: 0:00:52  lr: 0.000100  loss: 0.0101 (0.0108)  loss_CrossEntropy: 0.0101 (0.0108)  time: 1.1585  data: 0.1546  max mem: 17023
Epoch: [42]  [60/95]  eta: 0:00:48  lr: 0.000100  loss: 0.0096 (0.0109)  loss_CrossEntropy: 0.0096 (0.0109)  time: 1.3909  data: 0.3396  max mem: 17023
Epoch: [42]  [70/95]  eta: 0:00:26  lr: 0.000100  loss: 0.0110 (0.0111)  loss_CrossEntropy: 0.0110 (0.0111)  time: 1.0579  data: 0.0657  max mem: 17023
Epoch: [42]  [80/95]  eta: 0:00:21  lr: 0.000100  loss: 0.0111 (0.0113)  loss_CrossEntropy: 0.0111 (0.0113)  time: 1.4223  data: 0.4120  max mem: 17023
Epoch: [42]  [90/95]  eta: 0:00:06  lr: 0.000100  loss: 0.0123 (0.0115)  loss_CrossEntropy: 0.0123 (0.0115)  time: 1.2028  data: 0.1898  max mem: 17023
Epoch: [42]  [94/95]  eta: 0:00:01  lr: 0.000100  loss: 0.0123 (0.0115)  loss_CrossEntropy: 0.0123 (0.0115)  time: 1.4058  data: 0.4125  max mem: 17023
Epoch: [42] Total time: 0:02:02 (1.2904 s / it)
Averaged stats: lr: 0.000100  loss: 0.0123 (0.0115)  loss_CrossEntropy: 0.0123 (0.0115)
Test:  [ 0/19]  eta: 0:00:05  loss: 1.1607 (1.1607)  loss_CrossEntropy: 1.1607 (1.1607)  Rv: 0.0000 (0.0000)  Lv: 0.0429 (0.0429)  Myo: 0.0632 (0.0632)  Avg: 0.0354 (0.0354)  time: 0.2861  data: 0.2538  max mem: 17023
Test:  [10/19]  eta: 0:00:00  loss: 1.3519 (1.3349)  loss_CrossEntropy: 1.3519 (1.3349)  Rv: 0.3126 (0.3242)  Lv: 0.1018 (0.0962)  Myo: 0.7863 (0.5906)  Avg: 0.3684 (0.3370)  time: 0.0892  data: 0.0676  max mem: 17023
Test:  [18/19]  eta: 0:00:00  loss: 1.3293 (1.3270)  loss_CrossEntropy: 1.3293 (1.3270)  Rv: 0.1721 (0.2247)  Lv: 0.0885 (0.0947)  Myo: 0.7962 (0.6873)  Avg: 0.3491 (0.3355)  time: 0.0574  data: 0.0393  max mem: 17023
Test: Total time: 0:00:03 (0.1626 s / it)
Averaged stats: loss: 1.3293 (1.3270)  loss_CrossEntropy: 1.3293 (1.3270)  Rv: 0.1721 (0.2247)  Lv: 0.0885 (0.0947)  Myo: 0.7962 (0.6873)  Avg: 0.3491 (0.3355)
dice score: 0.3355462686403802
Update best model!
cutout loss: 0.025164568796753883
original loss: 0.010971499606966972
integrity loss: 0.010324186645448208
invariant loss: 0.01656043529510498
Epoch: [43]  [ 0/95]  eta: 0:01:59  lr: 0.000100  loss: 0.0110 (0.0110)  loss_CrossEntropy: 0.0110 (0.0110)  time: 1.2570  data: 0.2664  max mem: 17023
Epoch: [43]  [10/95]  eta: 0:02:13  lr: 0.000100  loss: 0.0105 (0.0114)  loss_CrossEntropy: 0.0105 (0.0114)  time: 1.5660  data: 0.5806  max mem: 17023
Epoch: [43]  [20/95]  eta: 0:01:40  lr: 0.000100  loss: 0.0100 (0.0109)  loss_CrossEntropy: 0.0100 (0.0109)  time: 1.3357  data: 0.3561  max mem: 17023
Epoch: [43]  [30/95]  eta: 0:01:17  lr: 0.000100  loss: 0.0084 (0.0103)  loss_CrossEntropy: 0.0084 (0.0103)  time: 1.1938  data: 0.2178  max mem: 17023
Epoch: [43]  [40/95]  eta: 0:01:08  lr: 0.000100  loss: 0.0082 (0.0098)  loss_CrossEntropy: 0.0082 (0.0098)  time: 1.2412  data: 0.2636  max mem: 17023
Epoch: [43]  [50/95]  eta: 0:00:59  lr: 0.000100  loss: 0.0090 (0.0102)  loss_CrossEntropy: 0.0090 (0.0102)  time: 1.3158  data: 0.3185  max mem: 17023
Epoch: [43]  [60/95]  eta: 0:00:43  lr: 0.000100  loss: 0.0125 (0.0110)  loss_CrossEntropy: 0.0125 (0.0110)  time: 1.2456  data: 0.2583  max mem: 17023
Epoch: [43]  [70/95]  eta: 0:00:26  lr: 0.000100  loss: 0.0098 (0.0110)  loss_CrossEntropy: 0.0098 (0.0110)  time: 1.0520  data: 0.0777  max mem: 17023
Epoch: [43]  [80/95]  eta: 0:00:20  lr: 0.000100  loss: 0.0107 (0.0113)  loss_CrossEntropy: 0.0107 (0.0113)  time: 1.3816  data: 0.4052  max mem: 17023
Epoch: [43]  [90/95]  eta: 0:00:07  lr: 0.000100  loss: 0.0114 (0.0114)  loss_CrossEntropy: 0.0114 (0.0114)  time: 1.4865  data: 0.4864  max mem: 17023
Epoch: [43]  [94/95]  eta: 0:00:01  lr: 0.000100  loss: 0.0108 (0.0113)  loss_CrossEntropy: 0.0108 (0.0113)  time: 1.4879  data: 0.4894  max mem: 17023
Epoch: [43] Total time: 0:02:02 (1.2859 s / it)
Averaged stats: lr: 0.000100  loss: 0.0108 (0.0113)  loss_CrossEntropy: 0.0108 (0.0113)
Test:  [ 0/19]  eta: 0:00:06  loss: 1.8517 (1.8517)  loss_CrossEntropy: 1.8517 (1.8517)  Rv: 0.0000 (0.0000)  Lv: 0.0524 (0.0524)  Myo: 0.0376 (0.0376)  Avg: 0.0300 (0.0300)  time: 0.3386  data: 0.3172  max mem: 17023
Test:  [10/19]  eta: 0:00:00  loss: 1.1713 (1.2461)  loss_CrossEntropy: 1.1713 (1.2461)  Rv: 0.3988 (0.3478)  Lv: 0.1381 (0.1259)  Myo: 0.7698 (0.5510)  Avg: 0.3614 (0.3416)  time: 0.0789  data: 0.0578  max mem: 17023
Test:  [18/19]  eta: 0:00:00  loss: 1.0193 (1.1306)  loss_CrossEntropy: 1.0193 (1.1306)  Rv: 0.2608 (0.2577)  Lv: 0.1304 (0.1266)  Myo: 0.7814 (0.6269)  Avg: 0.3470 (0.3371)  time: 0.0330  data: 0.0158  max mem: 17023
Test: Total time: 0:00:03 (0.1709 s / it)
Averaged stats: loss: 1.0193 (1.1306)  loss_CrossEntropy: 1.0193 (1.1306)  Rv: 0.2608 (0.2577)  Lv: 0.1304 (0.1266)  Myo: 0.7814 (0.6269)  Avg: 0.3470 (0.3371)
dice score: 0.3370778882189801
Update best model!
cutout loss: 0.02270815335214138
original loss: 0.009106040000915527
integrity loss: 0.009429317899048328
invariant loss: 0.021358758211135864
Epoch: [44]  [ 0/95]  eta: 0:01:47  lr: 0.000100  loss: 0.0091 (0.0091)  loss_CrossEntropy: 0.0091 (0.0091)  time: 1.1351  data: 0.1414  max mem: 17023
Epoch: [44]  [10/95]  eta: 0:01:59  lr: 0.000100  loss: 0.0115 (0.0117)  loss_CrossEntropy: 0.0115 (0.0117)  time: 1.4027  data: 0.4028  max mem: 17023
Epoch: [44]  [20/95]  eta: 0:01:43  lr: 0.000100  loss: 0.0115 (0.0114)  loss_CrossEntropy: 0.0115 (0.0114)  time: 1.3831  data: 0.3852  max mem: 17023
Epoch: [44]  [30/95]  eta: 0:01:17  lr: 0.000100  loss: 0.0115 (0.0119)  loss_CrossEntropy: 0.0115 (0.0119)  time: 1.1947  data: 0.2035  max mem: 17023
Epoch: [44]  [40/95]  eta: 0:01:09  lr: 0.000100  loss: 0.0094 (0.0112)  loss_CrossEntropy: 0.0094 (0.0112)  time: 1.2588  data: 0.2429  max mem: 17023
Epoch: [44]  [50/95]  eta: 0:00:52  lr: 0.000100  loss: 0.0097 (0.0112)  loss_CrossEntropy: 0.0097 (0.0112)  time: 1.1632  data: 0.1744  max mem: 17023
Epoch: [44]  [60/95]  eta: 0:00:50  lr: 0.000100  loss: 0.0101 (0.0111)  loss_CrossEntropy: 0.0101 (0.0111)  time: 1.4403  data: 0.4486  max mem: 17023
Epoch: [44]  [70/95]  eta: 0:00:27  lr: 0.000100  loss: 0.0100 (0.0112)  loss_CrossEntropy: 0.0100 (0.0112)  time: 1.1054  data: 0.1152  max mem: 17023
Epoch: [44]  [80/95]  eta: 0:00:15  lr: 0.000100  loss: 0.0110 (0.0114)  loss_CrossEntropy: 0.0110 (0.0114)  time: 1.0260  data: 0.0259  max mem: 17023
Epoch: [44]  [90/95]  eta: 0:00:08  lr: 0.000100  loss: 0.0099 (0.0111)  loss_CrossEntropy: 0.0099 (0.0111)  time: 1.7043  data: 0.7133  max mem: 17023
Epoch: [44]  [94/95]  eta: 0:00:01  lr: 0.000100  loss: 0.0099 (0.0112)  loss_CrossEntropy: 0.0099 (0.0112)  time: 1.2003  data: 0.2232  max mem: 17023
Epoch: [44] Total time: 0:02:05 (1.3202 s / it)
Averaged stats: lr: 0.000100  loss: 0.0099 (0.0112)  loss_CrossEntropy: 0.0099 (0.0112)
Test:  [ 0/19]  eta: 0:00:02  loss: 1.9092 (1.9092)  loss_CrossEntropy: 1.9092 (1.9092)  Rv: 0.0000 (0.0000)  Lv: 0.0391 (0.0391)  Myo: 0.0351 (0.0351)  Avg: 0.0247 (0.0247)  time: 0.1140  data: 0.0936  max mem: 17023
Test:  [10/19]  eta: 0:00:01  loss: 1.6565 (1.6797)  loss_CrossEntropy: 1.6565 (1.6797)  Rv: 0.2932 (0.3124)  Lv: 0.0983 (0.0899)  Myo: 0.7682 (0.5786)  Avg: 0.3586 (0.3270)  time: 0.1850  data: 0.1628  max mem: 17023
Test:  [18/19]  eta: 0:00:00  loss: 1.6953 (1.7239)  loss_CrossEntropy: 1.6953 (1.7239)  Rv: 0.1532 (0.2150)  Lv: 0.0828 (0.0845)  Myo: 0.8028 (0.6776)  Avg: 0.3203 (0.3257)  time: 0.3110  data: 0.2806  max mem: 17023
Test: Total time: 0:00:02 (0.1532 s / it)
Averaged stats: loss: 1.6953 (1.7239)  loss_CrossEntropy: 1.6953 (1.7239)  Rv: 0.1532 (0.2150)  Lv: 0.0828 (0.0845)  Myo: 0.8028 (0.6776)  Avg: 0.3203 (0.3257)
dice score: 0.3257020029582475
cutout loss: 0.019171729683876038
original loss: 0.011748752556741238
integrity loss: 0.007488304283469915
invariant loss: 0.019103068858385086
Epoch: [45]  [ 0/95]  eta: 0:01:50  lr: 0.000100  loss: 0.0117 (0.0117)  loss_CrossEntropy: 0.0117 (0.0117)  time: 1.1585  data: 0.1601  max mem: 17023
Epoch: [45]  [10/95]  eta: 0:01:52  lr: 0.000100  loss: 0.0089 (0.0103)  loss_CrossEntropy: 0.0089 (0.0103)  time: 1.3238  data: 0.3128  max mem: 17023
Epoch: [45]  [20/95]  eta: 0:01:51  lr: 0.000100  loss: 0.0087 (0.0098)  loss_CrossEntropy: 0.0087 (0.0098)  time: 1.4923  data: 0.5015  max mem: 17023
Epoch: [45]  [30/95]  eta: 0:01:57  lr: 0.000100  loss: 0.0091 (0.0100)  loss_CrossEntropy: 0.0091 (0.0100)  time: 1.8004  data: 0.8149  max mem: 17023
Epoch: [45]  [40/95]  eta: 0:01:09  lr: 0.000100  loss: 0.0111 (0.0105)  loss_CrossEntropy: 0.0111 (0.0105)  time: 1.2621  data: 0.2838  max mem: 17023
Epoch: [45]  [50/95]  eta: 0:01:04  lr: 0.000100  loss: 0.0114 (0.0111)  loss_CrossEntropy: 0.0114 (0.0111)  time: 1.4410  data: 0.4528  max mem: 17023
Epoch: [45]  [60/95]  eta: 0:00:45  lr: 0.000100  loss: 0.0115 (0.0112)  loss_CrossEntropy: 0.0115 (0.0112)  time: 1.3118  data: 0.3181  max mem: 17023
Epoch: [45]  [70/95]  eta: 0:00:30  lr: 0.000100  loss: 0.0109 (0.0112)  loss_CrossEntropy: 0.0109 (0.0112)  time: 1.2387  data: 0.2592  max mem: 17023
Epoch: [45]  [80/95]  eta: 0:00:21  lr: 0.000100  loss: 0.0087 (0.0110)  loss_CrossEntropy: 0.0087 (0.0110)  time: 1.4105  data: 0.4128  max mem: 17023
Epoch: [45]  [90/95]  eta: 0:00:08  lr: 0.000100  loss: 0.0105 (0.0111)  loss_CrossEntropy: 0.0105 (0.0111)  time: 1.6681  data: 0.6769  max mem: 17023
Epoch: [45]  [94/95]  eta: 0:00:01  lr: 0.000100  loss: 0.0113 (0.0112)  loss_CrossEntropy: 0.0113 (0.0112)  time: 1.4201  data: 0.4441  max mem: 17023
Epoch: [45] Total time: 0:02:06 (1.3304 s / it)
Averaged stats: lr: 0.000100  loss: 0.0113 (0.0112)  loss_CrossEntropy: 0.0113 (0.0112)
Test:  [ 0/19]  eta: 0:00:01  loss: 1.6256 (1.6256)  loss_CrossEntropy: 1.6256 (1.6256)  Rv: 0.0000 (0.0000)  Lv: 0.0389 (0.0389)  Myo: 0.0413 (0.0413)  Avg: 0.0267 (0.0267)  time: 0.0585  data: 0.0380  max mem: 17023
Test:  [10/19]  eta: 0:00:01  loss: 1.5701 (1.5539)  loss_CrossEntropy: 1.5701 (1.5539)  Rv: 0.2610 (0.3228)  Lv: 0.0944 (0.0908)  Myo: 0.7722 (0.5610)  Avg: 0.3459 (0.3249)  time: 0.1686  data: 0.1468  max mem: 17023
Test:  [18/19]  eta: 0:00:00  loss: 1.5990 (1.5961)  loss_CrossEntropy: 1.5990 (1.5961)  Rv: 0.1619 (0.2207)  Lv: 0.0911 (0.0890)  Myo: 0.7750 (0.6668)  Avg: 0.3397 (0.3255)  time: 0.0321  data: 0.0150  max mem: 17023
Test: Total time: 0:00:03 (0.1601 s / it)
Averaged stats: loss: 1.5990 (1.5961)  loss_CrossEntropy: 1.5990 (1.5961)  Rv: 0.1619 (0.2207)  Lv: 0.0911 (0.0890)  Myo: 0.7750 (0.6668)  Avg: 0.3397 (0.3255)
dice score: 0.32550354762689065
cutout loss: 0.020943621173501015
original loss: 0.010038155131042004
integrity loss: 0.010740327648818493
invariant loss: 0.01687341369688511
Epoch: [46]  [ 0/95]  eta: 0:02:04  lr: 0.000100  loss: 0.0100 (0.0100)  loss_CrossEntropy: 0.0100 (0.0100)  time: 1.3141  data: 0.3163  max mem: 17023
Epoch: [46]  [10/95]  eta: 0:02:28  lr: 0.000100  loss: 0.0091 (0.0088)  loss_CrossEntropy: 0.0091 (0.0088)  time: 1.7503  data: 0.7571  max mem: 17023
Epoch: [46]  [20/95]  eta: 0:01:17  lr: 0.000100  loss: 0.0088 (0.0100)  loss_CrossEntropy: 0.0088 (0.0100)  time: 1.0343  data: 0.0261  max mem: 17023
Epoch: [46]  [30/95]  eta: 0:01:28  lr: 0.000100  loss: 0.0094 (0.0103)  loss_CrossEntropy: 0.0094 (0.0103)  time: 1.3675  data: 0.3654  max mem: 17023
Epoch: [46]  [40/95]  eta: 0:01:21  lr: 0.000100  loss: 0.0106 (0.0105)  loss_CrossEntropy: 0.0106 (0.0105)  time: 1.4798  data: 0.5022  max mem: 17023
Epoch: [46]  [50/95]  eta: 0:00:59  lr: 0.000100  loss: 0.0116 (0.0111)  loss_CrossEntropy: 0.0116 (0.0111)  time: 1.3314  data: 0.3201  max mem: 17023
Epoch: [46]  [60/95]  eta: 0:00:35  lr: 0.000100  loss: 0.0113 (0.0113)  loss_CrossEntropy: 0.0113 (0.0113)  time: 1.0226  data: 0.0447  max mem: 17023
Epoch: [46]  [70/95]  eta: 0:00:35  lr: 0.000100  loss: 0.0098 (0.0113)  loss_CrossEntropy: 0.0098 (0.0113)  time: 1.4261  data: 0.4447  max mem: 17023
Epoch: [46]  [80/95]  eta: 0:00:16  lr: 0.000100  loss: 0.0097 (0.0114)  loss_CrossEntropy: 0.0097 (0.0114)  time: 1.0702  data: 0.0698  max mem: 17023
Epoch: [46]  [90/95]  eta: 0:00:05  lr: 0.000100  loss: 0.0104 (0.0114)  loss_CrossEntropy: 0.0104 (0.0114)  time: 1.0445  data: 0.0513  max mem: 17023
Epoch: [46]  [94/95]  eta: 0:00:01  lr: 0.000100  loss: 0.0101 (0.0114)  loss_CrossEntropy: 0.0101 (0.0114)  time: 1.3956  data: 0.3654  max mem: 17023
Epoch: [46] Total time: 0:02:05 (1.3243 s / it)
Averaged stats: lr: 0.000100  loss: 0.0101 (0.0114)  loss_CrossEntropy: 0.0101 (0.0114)
Test:  [ 0/19]  eta: 0:00:04  loss: 0.9382 (0.9382)  loss_CrossEntropy: 0.9382 (0.9382)  Rv: 0.0000 (0.0000)  Lv: 0.0363 (0.0363)  Myo: 0.2720 (0.2720)  Avg: 0.1028 (0.1028)  time: 0.2171  data: 0.1967  max mem: 17023
Test:  [10/19]  eta: 0:00:03  loss: 1.6776 (1.5201)  loss_CrossEntropy: 1.6776 (1.5201)  Rv: 0.5463 (0.5170)  Lv: 0.0878 (0.0856)  Myo: 0.4197 (0.4645)  Avg: 0.3983 (0.3557)  time: 0.4274  data: 0.4010  max mem: 17023
Test:  [18/19]  eta: 0:00:00  loss: 1.8045 (1.6686)  loss_CrossEntropy: 1.8045 (1.6686)  Rv: 0.1806 (0.3362)  Lv: 0.0816 (0.0800)  Myo: 0.6410 (0.5860)  Avg: 0.3526 (0.3341)  time: 0.0358  data: 0.0184  max mem: 17023
Test: Total time: 0:00:03 (0.1585 s / it)
Averaged stats: loss: 1.8045 (1.6686)  loss_CrossEntropy: 1.8045 (1.6686)  Rv: 0.1806 (0.3362)  Lv: 0.0816 (0.0800)  Myo: 0.6410 (0.5860)  Avg: 0.3526 (0.3341)
dice score: 0.3340694029864512
cutout loss: 0.011224317364394665
original loss: 0.008063791319727898
integrity loss: 0.007937604561448097
invariant loss: 0.016266334801912308
Epoch: [47]  [ 0/95]  eta: 0:01:57  lr: 0.000100  loss: 0.0081 (0.0081)  loss_CrossEntropy: 0.0081 (0.0081)  time: 1.2323  data: 0.2033  max mem: 17023
Epoch: [47]  [10/95]  eta: 0:01:53  lr: 0.000100  loss: 0.0116 (0.0121)  loss_CrossEntropy: 0.0116 (0.0121)  time: 1.3357  data: 0.3512  max mem: 17023
Epoch: [47]  [20/95]  eta: 0:01:31  lr: 0.000100  loss: 0.0110 (0.0118)  loss_CrossEntropy: 0.0110 (0.0118)  time: 1.2158  data: 0.2397  max mem: 17023
Epoch: [47]  [30/95]  eta: 0:01:33  lr: 0.000100  loss: 0.0108 (0.0118)  loss_CrossEntropy: 0.0108 (0.0118)  time: 1.4378  data: 0.4076  max mem: 17023
Epoch: [47]  [40/95]  eta: 0:01:07  lr: 0.000100  loss: 0.0104 (0.0111)  loss_CrossEntropy: 0.0104 (0.0111)  time: 1.2358  data: 0.2366  max mem: 17023
Epoch: [47]  [50/95]  eta: 0:00:59  lr: 0.000100  loss: 0.0095 (0.0108)  loss_CrossEntropy: 0.0095 (0.0108)  time: 1.3167  data: 0.3351  max mem: 17023
Epoch: [47]  [60/95]  eta: 0:00:36  lr: 0.000100  loss: 0.0095 (0.0109)  loss_CrossEntropy: 0.0095 (0.0109)  time: 1.0472  data: 0.0588  max mem: 17023
Epoch: [47]  [70/95]  eta: 0:00:28  lr: 0.000100  loss: 0.0095 (0.0107)  loss_CrossEntropy: 0.0095 (0.0107)  time: 1.1367  data: 0.1434  max mem: 17023
Epoch: [47]  [80/95]  eta: 0:00:16  lr: 0.000100  loss: 0.0091 (0.0106)  loss_CrossEntropy: 0.0091 (0.0106)  time: 1.0837  data: 0.0648  max mem: 17023
Epoch: [47]  [90/95]  eta: 0:00:05  lr: 0.000100  loss: 0.0109 (0.0110)  loss_CrossEntropy: 0.0109 (0.0110)  time: 1.1301  data: 0.1336  max mem: 17023
Epoch: [47]  [94/95]  eta: 0:00:01  lr: 0.000100  loss: 0.0098 (0.0109)  loss_CrossEntropy: 0.0098 (0.0109)  time: 1.4507  data: 0.4654  max mem: 17023
Epoch: [47] Total time: 0:02:04 (1.3097 s / it)
Averaged stats: lr: 0.000100  loss: 0.0098 (0.0109)  loss_CrossEntropy: 0.0098 (0.0109)
Test:  [ 0/19]  eta: 0:00:04  loss: 1.7893 (1.7893)  loss_CrossEntropy: 1.7893 (1.7893)  Rv: 0.0000 (0.0000)  Lv: 0.0365 (0.0365)  Myo: 0.0193 (0.0193)  Avg: 0.0186 (0.0186)  time: 0.2213  data: 0.1960  max mem: 17023
Test:  [10/19]  eta: 0:00:02  loss: 1.3849 (1.4363)  loss_CrossEntropy: 1.3849 (1.4363)  Rv: 0.2739 (0.3126)  Lv: 0.0999 (0.0993)  Myo: 0.7436 (0.4962)  Avg: 0.3369 (0.3027)  time: 0.2635  data: 0.2427  max mem: 17023
Test:  [18/19]  eta: 0:00:00  loss: 1.3999 (1.4284)  loss_CrossEntropy: 1.3999 (1.4284)  Rv: 0.1338 (0.2092)  Lv: 0.0970 (0.0867)  Myo: 0.6325 (0.5156)  Avg: 0.3052 (0.2705)  time: 0.0331  data: 0.0155  max mem: 17023
Test: Total time: 0:00:02 (0.1330 s / it)
Averaged stats: loss: 1.3999 (1.4284)  loss_CrossEntropy: 1.3999 (1.4284)  Rv: 0.1338 (0.2092)  Lv: 0.0970 (0.0867)  Myo: 0.6325 (0.5156)  Avg: 0.3052 (0.2705)
dice score: 0.27048448159506444
cutout loss: 0.02140779234468937
original loss: 0.010802707634866238
integrity loss: 0.008268511854112148
invariant loss: 0.02184544876217842
Epoch: [48]  [ 0/95]  eta: 0:01:43  lr: 0.000100  loss: 0.0108 (0.0108)  loss_CrossEntropy: 0.0108 (0.0108)  time: 1.0933  data: 0.0801  max mem: 17023
Epoch: [48]  [10/95]  eta: 0:02:05  lr: 0.000100  loss: 0.0132 (0.0140)  loss_CrossEntropy: 0.0132 (0.0140)  time: 1.4788  data: 0.4928  max mem: 17023
Epoch: [48]  [20/95]  eta: 0:01:29  lr: 0.000100  loss: 0.0115 (0.0120)  loss_CrossEntropy: 0.0115 (0.0120)  time: 1.1879  data: 0.2103  max mem: 17023
Epoch: [48]  [30/95]  eta: 0:01:08  lr: 0.000100  loss: 0.0093 (0.0114)  loss_CrossEntropy: 0.0093 (0.0114)  time: 1.0486  data: 0.0580  max mem: 17023
Epoch: [48]  [40/95]  eta: 0:00:58  lr: 0.000100  loss: 0.0093 (0.0109)  loss_CrossEntropy: 0.0093 (0.0109)  time: 1.0609  data: 0.0860  max mem: 17023
Epoch: [48]  [50/95]  eta: 0:01:03  lr: 0.000100  loss: 0.0101 (0.0108)  loss_CrossEntropy: 0.0101 (0.0108)  time: 1.4185  data: 0.4287  max mem: 17023
Epoch: [48]  [60/95]  eta: 0:00:51  lr: 0.000100  loss: 0.0104 (0.0111)  loss_CrossEntropy: 0.0104 (0.0111)  time: 1.4783  data: 0.4912  max mem: 17023
Epoch: [48]  [70/95]  eta: 0:00:33  lr: 0.000100  loss: 0.0097 (0.0110)  loss_CrossEntropy: 0.0097 (0.0110)  time: 1.3371  data: 0.3538  max mem: 17023
Epoch: [48]  [80/95]  eta: 0:00:21  lr: 0.000100  loss: 0.0098 (0.0110)  loss_CrossEntropy: 0.0098 (0.0110)  time: 1.4218  data: 0.4392  max mem: 17023
Epoch: [48]  [90/95]  eta: 0:00:06  lr: 0.000100  loss: 0.0117 (0.0112)  loss_CrossEntropy: 0.0117 (0.0112)  time: 1.3507  data: 0.3674  max mem: 17023
Epoch: [48]  [94/95]  eta: 0:00:01  lr: 0.000100  loss: 0.0116 (0.0114)  loss_CrossEntropy: 0.0116 (0.0114)  time: 1.3385  data: 0.3339  max mem: 17023
Epoch: [48] Total time: 0:02:04 (1.3054 s / it)
Averaged stats: lr: 0.000100  loss: 0.0116 (0.0114)  loss_CrossEntropy: 0.0116 (0.0114)
Test:  [ 0/19]  eta: 0:00:08  loss: 1.3048 (1.3048)  loss_CrossEntropy: 1.3048 (1.3048)  Rv: 0.0000 (0.0000)  Lv: 0.0252 (0.0252)  Myo: 0.4950 (0.4950)  Avg: 0.1734 (0.1734)  time: 0.4233  data: 0.3908  max mem: 17023
Test:  [10/19]  eta: 0:00:03  loss: 1.1030 (1.1221)  loss_CrossEntropy: 1.1030 (1.1221)  Rv: 0.8005 (0.6581)  Lv: 0.1048 (0.0929)  Myo: 0.4932 (0.4693)  Avg: 0.4615 (0.4068)  time: 0.4029  data: 0.3697  max mem: 17023
Test:  [18/19]  eta: 0:00:00  loss: 1.0440 (1.0580)  loss_CrossEntropy: 1.0440 (1.0580)  Rv: 0.6306 (0.5721)  Lv: 0.1029 (0.0934)  Myo: 0.2967 (0.3603)  Avg: 0.3401 (0.3420)  time: 0.0360  data: 0.0185  max mem: 17023
Test: Total time: 0:00:03 (0.2050 s / it)
Averaged stats: loss: 1.0440 (1.0580)  loss_CrossEntropy: 1.0440 (1.0580)  Rv: 0.6306 (0.5721)  Lv: 0.1029 (0.0934)  Myo: 0.2967 (0.3603)  Avg: 0.3401 (0.3420)
dice score: 0.34195186236971303
Update best model!
cutout loss: 0.017516786232590675
original loss: 0.008586972020566463
integrity loss: 0.009767956100404263
invariant loss: 0.019630325958132744
Epoch: [49]  [ 0/95]  eta: 0:02:19  lr: 0.000100  loss: 0.0086 (0.0086)  loss_CrossEntropy: 0.0086 (0.0086)  time: 1.4704  data: 0.4751  max mem: 17023
Epoch: [49]  [10/95]  eta: 0:01:58  lr: 0.000100  loss: 0.0112 (0.0115)  loss_CrossEntropy: 0.0112 (0.0115)  time: 1.3952  data: 0.4074  max mem: 17023
Epoch: [49]  [20/95]  eta: 0:01:24  lr: 0.000100  loss: 0.0112 (0.0120)  loss_CrossEntropy: 0.0112 (0.0120)  time: 1.1264  data: 0.1471  max mem: 17023
Epoch: [49]  [30/95]  eta: 0:01:30  lr: 0.000100  loss: 0.0102 (0.0114)  loss_CrossEntropy: 0.0102 (0.0114)  time: 1.3971  data: 0.4143  max mem: 17023
Epoch: [49]  [40/95]  eta: 0:01:09  lr: 0.000100  loss: 0.0091 (0.0109)  loss_CrossEntropy: 0.0091 (0.0109)  time: 1.2637  data: 0.2783  max mem: 17023
Epoch: [49]  [50/95]  eta: 0:00:45  lr: 0.000100  loss: 0.0083 (0.0106)  loss_CrossEntropy: 0.0083 (0.0106)  time: 1.0128  data: 0.0344  max mem: 17023
Epoch: [49]  [60/95]  eta: 0:00:51  lr: 0.000100  loss: 0.0082 (0.0105)  loss_CrossEntropy: 0.0082 (0.0105)  time: 1.4659  data: 0.4744  max mem: 17023
Epoch: [49]  [70/95]  eta: 0:00:31  lr: 0.000100  loss: 0.0108 (0.0106)  loss_CrossEntropy: 0.0108 (0.0106)  time: 1.2553  data: 0.2648  max mem: 17023
Epoch: [49]  [80/95]  eta: 0:00:20  lr: 0.000100  loss: 0.0111 (0.0106)  loss_CrossEntropy: 0.0111 (0.0106)  time: 1.3745  data: 0.3673  max mem: 17023
Epoch: [49]  [90/95]  eta: 0:00:06  lr: 0.000100  loss: 0.0112 (0.0109)  loss_CrossEntropy: 0.0112 (0.0109)  time: 1.2429  data: 0.2104  max mem: 17023
Epoch: [49]  [94/95]  eta: 0:00:01  lr: 0.000100  loss: 0.0112 (0.0110)  loss_CrossEntropy: 0.0112 (0.0110)  time: 1.6113  data: 0.6357  max mem: 17023
Epoch: [49] Total time: 0:02:03 (1.2975 s / it)
Averaged stats: lr: 0.000100  loss: 0.0112 (0.0110)  loss_CrossEntropy: 0.0112 (0.0110)
Test:  [ 0/19]  eta: 0:00:01  loss: 1.5234 (1.5234)  loss_CrossEntropy: 1.5234 (1.5234)  Rv: 0.0000 (0.0000)  Lv: 0.0200 (0.0200)  Myo: 0.6657 (0.6657)  Avg: 0.2286 (0.2286)  time: 0.0934  data: 0.0727  max mem: 17023
Test:  [10/19]  eta: 0:00:00  loss: 1.5363 (1.5791)  loss_CrossEntropy: 1.5363 (1.5791)  Rv: 0.6659 (0.6350)  Lv: 0.0721 (0.0707)  Myo: 0.2525 (0.3893)  Avg: 0.4223 (0.3650)  time: 0.0404  data: 0.0201  max mem: 17023
Test:  [18/19]  eta: 0:00:00  loss: 1.5730 (1.6020)  loss_CrossEntropy: 1.5730 (1.6020)  Rv: 0.5915 (0.5306)  Lv: 0.0721 (0.0699)  Myo: 0.1817 (0.2873)  Avg: 0.2965 (0.2960)  time: 0.0322  data: 0.0152  max mem: 17023
Test: Total time: 0:00:01 (0.0934 s / it)
Averaged stats: loss: 1.5730 (1.6020)  loss_CrossEntropy: 1.5730 (1.6020)  Rv: 0.5915 (0.5306)  Lv: 0.0721 (0.0699)  Myo: 0.1817 (0.2873)  Avg: 0.2965 (0.2960)
dice score: 0.2959671120502447
cutout loss: 0.015028622932732105
original loss: 0.007945481687784195
integrity loss: 0.0087418919429183
invariant loss: 0.017355764284729958
Epoch: [50]  [ 0/95]  eta: 0:01:37  lr: 0.000100  loss: 0.0079 (0.0079)  loss_CrossEntropy: 0.0079 (0.0079)  time: 1.0309  data: 0.0472  max mem: 17023
Epoch: [50]  [10/95]  eta: 0:01:50  lr: 0.000100  loss: 0.0098 (0.0097)  loss_CrossEntropy: 0.0098 (0.0097)  time: 1.3042  data: 0.3093  max mem: 17023
Epoch: [50]  [20/95]  eta: 0:02:07  lr: 0.000100  loss: 0.0097 (0.0107)  loss_CrossEntropy: 0.0097 (0.0107)  time: 1.6984  data: 0.7097  max mem: 17023
Epoch: [50]  [30/95]  eta: 0:01:37  lr: 0.000100  loss: 0.0091 (0.0107)  loss_CrossEntropy: 0.0091 (0.0107)  time: 1.5024  data: 0.5232  max mem: 17023
Epoch: [50]  [40/95]  eta: 0:01:07  lr: 0.000100  loss: 0.0116 (0.0115)  loss_CrossEntropy: 0.0116 (0.0115)  time: 1.2362  data: 0.2416  max mem: 17023
Epoch: [50]  [50/95]  eta: 0:01:20  lr: 0.000100  loss: 0.0125 (0.0117)  loss_CrossEntropy: 0.0125 (0.0117)  time: 1.7944  data: 0.7637  max mem: 17023
Epoch: [50]  [60/95]  eta: 0:00:44  lr: 0.000100  loss: 0.0115 (0.0117)  loss_CrossEntropy: 0.0115 (0.0117)  time: 1.2746  data: 0.2503  max mem: 17023
Epoch: [50]  [70/95]  eta: 0:00:41  lr: 0.000100  loss: 0.0115 (0.0115)  loss_CrossEntropy: 0.0115 (0.0115)  time: 1.6668  data: 0.6545  max mem: 17023
Epoch: [50]  [80/95]  eta: 0:00:19  lr: 0.000100  loss: 0.0095 (0.0114)  loss_CrossEntropy: 0.0095 (0.0114)  time: 1.3030  data: 0.3208  max mem: 17023
Epoch: [50]  [90/95]  eta: 0:00:05  lr: 0.000100  loss: 0.0100 (0.0112)  loss_CrossEntropy: 0.0100 (0.0112)  time: 1.0741  data: 0.0808  max mem: 17023
Epoch: [50]  [94/95]  eta: 0:00:01  lr: 0.000100  loss: 0.0103 (0.0111)  loss_CrossEntropy: 0.0103 (0.0111)  time: 1.4766  data: 0.4954  max mem: 17023
Epoch: [50] Total time: 0:02:01 (1.2826 s / it)
Averaged stats: lr: 0.000100  loss: 0.0103 (0.0111)  loss_CrossEntropy: 0.0103 (0.0111)
Test:  [ 0/19]  eta: 0:00:05  loss: 1.9687 (1.9687)  loss_CrossEntropy: 1.9687 (1.9687)  Rv: 0.0000 (0.0000)  Lv: 0.0360 (0.0360)  Myo: 0.0403 (0.0403)  Avg: 0.0254 (0.0254)  time: 0.2780  data: 0.2571  max mem: 17023
Test:  [10/19]  eta: 0:00:00  loss: 1.5555 (1.6393)  loss_CrossEntropy: 1.5555 (1.6393)  Rv: 0.7954 (0.6831)  Lv: 0.0770 (0.0725)  Myo: 0.7912 (0.5338)  Avg: 0.5092 (0.4298)  time: 0.0409  data: 0.0196  max mem: 17023
Test:  [18/19]  eta: 0:00:00  loss: 1.5093 (1.5686)  loss_CrossEntropy: 1.5093 (1.5686)  Rv: 0.6331 (0.5843)  Lv: 0.0656 (0.0647)  Myo: 0.7912 (0.6435)  Avg: 0.4642 (0.4309)  time: 0.0817  data: 0.0645  max mem: 17023
Test: Total time: 0:00:03 (0.1988 s / it)
Averaged stats: loss: 1.5093 (1.5686)  loss_CrossEntropy: 1.5093 (1.5686)  Rv: 0.6331 (0.5843)  Lv: 0.0656 (0.0647)  Myo: 0.7912 (0.6435)  Avg: 0.4642 (0.4309)
dice score: 0.4308559180874574
Update best model!
cutout loss: 0.01531051006168127
original loss: 0.007944381795823574
integrity loss: 0.00710606575012207
invariant loss: 0.013174730353057384
Epoch: [51]  [ 0/95]  eta: 0:02:22  lr: 0.000100  loss: 0.0079 (0.0079)  loss_CrossEntropy: 0.0079 (0.0079)  time: 1.5003  data: 0.5128  max mem: 17023
Epoch: [51]  [10/95]  eta: 0:02:02  lr: 0.000100  loss: 0.0093 (0.0093)  loss_CrossEntropy: 0.0093 (0.0093)  time: 1.4383  data: 0.4448  max mem: 17023
Epoch: [51]  [20/95]  eta: 0:01:34  lr: 0.000100  loss: 0.0100 (0.0101)  loss_CrossEntropy: 0.0100 (0.0101)  time: 1.2655  data: 0.2772  max mem: 17023
Epoch: [51]  [30/95]  eta: 0:01:58  lr: 0.000100  loss: 0.0104 (0.0106)  loss_CrossEntropy: 0.0104 (0.0106)  time: 1.8298  data: 0.7616  max mem: 17023
Epoch: [51]  [40/95]  eta: 0:01:26  lr: 0.000100  loss: 0.0104 (0.0103)  loss_CrossEntropy: 0.0104 (0.0103)  time: 1.5648  data: 0.5726  max mem: 17023
Epoch: [51]  [50/95]  eta: 0:01:04  lr: 0.000100  loss: 0.0104 (0.0104)  loss_CrossEntropy: 0.0104 (0.0104)  time: 1.4308  data: 0.4213  max mem: 17023
Epoch: [51]  [60/95]  eta: 0:00:53  lr: 0.000100  loss: 0.0106 (0.0106)  loss_CrossEntropy: 0.0106 (0.0106)  time: 1.5222  data: 0.5457  max mem: 17023
Epoch: [51]  [70/95]  eta: 0:00:25  lr: 0.000100  loss: 0.0105 (0.0105)  loss_CrossEntropy: 0.0105 (0.0105)  time: 1.0061  data: 0.0273  max mem: 17023
Epoch: [51]  [80/95]  eta: 0:00:20  lr: 0.000100  loss: 0.0098 (0.0107)  loss_CrossEntropy: 0.0098 (0.0107)  time: 1.3612  data: 0.3789  max mem: 17023
Epoch: [51]  [90/95]  eta: 0:00:08  lr: 0.000100  loss: 0.0094 (0.0106)  loss_CrossEntropy: 0.0094 (0.0106)  time: 1.6451  data: 0.6583  max mem: 17023
Epoch: [51]  [94/95]  eta: 0:00:01  lr: 0.000100  loss: 0.0095 (0.0107)  loss_CrossEntropy: 0.0095 (0.0107)  time: 1.0786  data: 0.0978  max mem: 17023
Epoch: [51] Total time: 0:02:03 (1.3023 s / it)
Averaged stats: lr: 0.000100  loss: 0.0095 (0.0107)  loss_CrossEntropy: 0.0095 (0.0107)
Test:  [ 0/19]  eta: 0:00:01  loss: 1.2680 (1.2680)  loss_CrossEntropy: 1.2680 (1.2680)  Rv: 0.0000 (0.0000)  Lv: 0.0366 (0.0366)  Myo: 0.0598 (0.0598)  Avg: 0.0321 (0.0321)  time: 0.0582  data: 0.0372  max mem: 17023
Test:  [10/19]  eta: 0:00:00  loss: 1.2823 (1.3012)  loss_CrossEntropy: 1.2823 (1.3012)  Rv: 0.8715 (0.6904)  Lv: 0.0955 (0.0940)  Myo: 0.2284 (0.2094)  Avg: 0.3999 (0.3313)  time: 0.0675  data: 0.0458  max mem: 17023
Test:  [18/19]  eta: 0:00:00  loss: 1.2680 (1.2790)  loss_CrossEntropy: 1.2680 (1.2790)  Rv: 0.6555 (0.6092)  Lv: 0.0934 (0.0889)  Myo: 0.2011 (0.2055)  Avg: 0.3150 (0.3012)  time: 0.2258  data: 0.2086  max mem: 17023
Test: Total time: 0:00:03 (0.1768 s / it)
Averaged stats: loss: 1.2680 (1.2790)  loss_CrossEntropy: 1.2680 (1.2790)  Rv: 0.6555 (0.6092)  Lv: 0.0934 (0.0889)  Myo: 0.2011 (0.2055)  Avg: 0.3150 (0.3012)
dice score: 0.30118993787389053
cutout loss: 0.014872726984322071
original loss: 0.010963347740471363
integrity loss: 0.010524570941925049
invariant loss: 0.009813732467591763
Epoch: [52]  [ 0/95]  eta: 0:02:04  lr: 0.000100  loss: 0.0110 (0.0110)  loss_CrossEntropy: 0.0110 (0.0110)  time: 1.3153  data: 0.3231  max mem: 17023
Epoch: [52]  [10/95]  eta: 0:02:09  lr: 0.000100  loss: 0.0086 (0.0109)  loss_CrossEntropy: 0.0086 (0.0109)  time: 1.5274  data: 0.5507  max mem: 17023
Epoch: [52]  [20/95]  eta: 0:01:32  lr: 0.000100  loss: 0.0095 (0.0111)  loss_CrossEntropy: 0.0095 (0.0111)  time: 1.2389  data: 0.2352  max mem: 17023
Epoch: [52]  [30/95]  eta: 0:01:09  lr: 0.000100  loss: 0.0096 (0.0114)  loss_CrossEntropy: 0.0096 (0.0114)  time: 1.0766  data: 0.0978  max mem: 17023
Epoch: [52]  [40/95]  eta: 0:01:08  lr: 0.000100  loss: 0.0111 (0.0117)  loss_CrossEntropy: 0.0111 (0.0117)  time: 1.2441  data: 0.2641  max mem: 17023
Epoch: [52]  [50/95]  eta: 0:01:06  lr: 0.000100  loss: 0.0107 (0.0119)  loss_CrossEntropy: 0.0107 (0.0119)  time: 1.4833  data: 0.4781  max mem: 17023
Epoch: [52]  [60/95]  eta: 0:00:46  lr: 0.000100  loss: 0.0101 (0.0115)  loss_CrossEntropy: 0.0101 (0.0115)  time: 1.3417  data: 0.3606  max mem: 17023
Epoch: [52]  [70/95]  eta: 0:00:38  lr: 0.000100  loss: 0.0091 (0.0113)  loss_CrossEntropy: 0.0091 (0.0113)  time: 1.5573  data: 0.5816  max mem: 17023
Epoch: [52]  [80/95]  eta: 0:00:20  lr: 0.000100  loss: 0.0090 (0.0111)  loss_CrossEntropy: 0.0090 (0.0111)  time: 1.3689  data: 0.3838  max mem: 17023
Epoch: [52]  [90/95]  eta: 0:00:05  lr: 0.000100  loss: 0.0097 (0.0111)  loss_CrossEntropy: 0.0097 (0.0111)  time: 1.0822  data: 0.0923  max mem: 17023
Epoch: [52]  [94/95]  eta: 0:00:01  lr: 0.000100  loss: 0.0102 (0.0111)  loss_CrossEntropy: 0.0102 (0.0111)  time: 1.4148  data: 0.4384  max mem: 17023
Epoch: [52] Total time: 0:02:05 (1.3200 s / it)
Averaged stats: lr: 0.000100  loss: 0.0102 (0.0111)  loss_CrossEntropy: 0.0102 (0.0111)
Test:  [ 0/19]  eta: 0:00:01  loss: 1.6142 (1.6142)  loss_CrossEntropy: 1.6142 (1.6142)  Rv: 0.0000 (0.0000)  Lv: 0.0289 (0.0289)  Myo: 0.0509 (0.0509)  Avg: 0.0266 (0.0266)  time: 0.0527  data: 0.0321  max mem: 17023
Test:  [10/19]  eta: 0:00:00  loss: 1.6312 (1.6552)  loss_CrossEntropy: 1.6312 (1.6552)  Rv: 0.7704 (0.6708)  Lv: 0.0780 (0.0736)  Myo: 0.2070 (0.1881)  Avg: 0.3602 (0.3108)  time: 0.0515  data: 0.0304  max mem: 17023
Test:  [18/19]  eta: 0:00:00  loss: 1.5764 (1.5791)  loss_CrossEntropy: 1.5764 (1.5791)  Rv: 0.6762 (0.5883)  Lv: 0.0759 (0.0733)  Myo: 0.1870 (0.1893)  Avg: 0.3141 (0.2837)  time: 0.2896  data: 0.2601  max mem: 17023
Test: Total time: 0:00:03 (0.1959 s / it)
Averaged stats: loss: 1.5764 (1.5791)  loss_CrossEntropy: 1.5764 (1.5791)  Rv: 0.6762 (0.5883)  Lv: 0.0759 (0.0733)  Myo: 0.1870 (0.1893)  Avg: 0.3141 (0.2837)
dice score: 0.2836705436439891
cutout loss: 0.028040651232004166
original loss: 0.011001412756741047
integrity loss: 0.008210408501327038
invariant loss: 0.016174674034118652
Epoch: [53]  [ 0/95]  eta: 0:01:51  lr: 0.000100  loss: 0.0110 (0.0110)  loss_CrossEntropy: 0.0110 (0.0110)  time: 1.1733  data: 0.1967  max mem: 17023
Epoch: [53]  [10/95]  eta: 0:01:46  lr: 0.000100  loss: 0.0101 (0.0123)  loss_CrossEntropy: 0.0101 (0.0123)  time: 1.2471  data: 0.2713  max mem: 17023
Epoch: [53]  [20/95]  eta: 0:01:59  lr: 0.000100  loss: 0.0091 (0.0111)  loss_CrossEntropy: 0.0091 (0.0111)  time: 1.5899  data: 0.6129  max mem: 17023
Epoch: [53]  [30/95]  eta: 0:01:21  lr: 0.000100  loss: 0.0082 (0.0103)  loss_CrossEntropy: 0.0082 (0.0103)  time: 1.2540  data: 0.2637  max mem: 17023
Epoch: [53]  [40/95]  eta: 0:01:14  lr: 0.000100  loss: 0.0084 (0.0104)  loss_CrossEntropy: 0.0084 (0.0104)  time: 1.3500  data: 0.3436  max mem: 17023
Epoch: [53]  [50/95]  eta: 0:00:52  lr: 0.000100  loss: 0.0096 (0.0102)  loss_CrossEntropy: 0.0096 (0.0102)  time: 1.1670  data: 0.1762  max mem: 17023
Epoch: [53]  [60/95]  eta: 0:00:47  lr: 0.000100  loss: 0.0094 (0.0102)  loss_CrossEntropy: 0.0094 (0.0102)  time: 1.3475  data: 0.3573  max mem: 17023
Epoch: [53]  [70/95]  eta: 0:00:28  lr: 0.000100  loss: 0.0086 (0.0101)  loss_CrossEntropy: 0.0086 (0.0101)  time: 1.1572  data: 0.1786  max mem: 17023
Epoch: [53]  [80/95]  eta: 0:00:23  lr: 0.000100  loss: 0.0091 (0.0102)  loss_CrossEntropy: 0.0091 (0.0102)  time: 1.5632  data: 0.5771  max mem: 17023
Epoch: [53]  [90/95]  eta: 0:00:06  lr: 0.000100  loss: 0.0100 (0.0104)  loss_CrossEntropy: 0.0100 (0.0104)  time: 1.2108  data: 0.2375  max mem: 17023
Epoch: [53]  [94/95]  eta: 0:00:01  lr: 0.000100  loss: 0.0100 (0.0104)  loss_CrossEntropy: 0.0100 (0.0104)  time: 1.3758  data: 0.3900  max mem: 17023
Epoch: [53] Total time: 0:02:04 (1.3151 s / it)
Averaged stats: lr: 0.000100  loss: 0.0100 (0.0104)  loss_CrossEntropy: 0.0100 (0.0104)
Test:  [ 0/19]  eta: 0:00:02  loss: 1.1433 (1.1433)  loss_CrossEntropy: 1.1433 (1.1433)  Rv: 0.0000 (0.0000)  Lv: 0.0437 (0.0437)  Myo: 0.0480 (0.0480)  Avg: 0.0306 (0.0306)  time: 0.1160  data: 0.0947  max mem: 17023
Test:  [10/19]  eta: 0:00:00  loss: 1.1892 (1.2227)  loss_CrossEntropy: 1.1892 (1.2227)  Rv: 0.7654 (0.6904)  Lv: 0.1124 (0.1003)  Myo: 0.2290 (0.2062)  Avg: 0.3829 (0.3323)  time: 0.1042  data: 0.0830  max mem: 17023
Test:  [18/19]  eta: 0:00:00  loss: 1.1977 (1.2105)  loss_CrossEntropy: 1.1977 (1.2105)  Rv: 0.6930 (0.6048)  Lv: 0.0934 (0.0928)  Myo: 0.2048 (0.1907)  Avg: 0.3258 (0.2961)  time: 0.2074  data: 0.1900  max mem: 17023
Test: Total time: 0:00:03 (0.1862 s / it)
Averaged stats: loss: 1.1977 (1.2105)  loss_CrossEntropy: 1.1977 (1.2105)  Rv: 0.6930 (0.6048)  Lv: 0.0934 (0.0928)  Myo: 0.2048 (0.1907)  Avg: 0.3258 (0.2961)
dice score: 0.2961223754835756
cutout loss: 0.026978962123394012
original loss: 0.0130007304251194
integrity loss: 0.009914690628647804
invariant loss: 0.01876009814441204
Epoch: [54]  [ 0/95]  eta: 0:02:07  lr: 0.000100  loss: 0.0130 (0.0130)  loss_CrossEntropy: 0.0130 (0.0130)  time: 1.3447  data: 0.3539  max mem: 17023
Epoch: [54]  [10/95]  eta: 0:01:56  lr: 0.000100  loss: 0.0083 (0.0089)  loss_CrossEntropy: 0.0083 (0.0089)  time: 1.3650  data: 0.3787  max mem: 17023
Epoch: [54]  [20/95]  eta: 0:01:32  lr: 0.000100  loss: 0.0087 (0.0098)  loss_CrossEntropy: 0.0087 (0.0098)  time: 1.2267  data: 0.2377  max mem: 17023
Epoch: [54]  [30/95]  eta: 0:01:34  lr: 0.000100  loss: 0.0089 (0.0096)  loss_CrossEntropy: 0.0089 (0.0096)  time: 1.4535  data: 0.4716  max mem: 17023
Epoch: [54]  [40/95]  eta: 0:01:16  lr: 0.000100  loss: 0.0091 (0.0099)  loss_CrossEntropy: 0.0091 (0.0099)  time: 1.3970  data: 0.4062  max mem: 17023
Epoch: [54]  [50/95]  eta: 0:00:55  lr: 0.000100  loss: 0.0092 (0.0102)  loss_CrossEntropy: 0.0092 (0.0102)  time: 1.2258  data: 0.2426  max mem: 17023
Epoch: [54]  [60/95]  eta: 0:00:37  lr: 0.000100  loss: 0.0092 (0.0103)  loss_CrossEntropy: 0.0092 (0.0103)  time: 1.0797  data: 0.0905  max mem: 17023
Epoch: [54]  [70/95]  eta: 0:00:36  lr: 0.000100  loss: 0.0085 (0.0101)  loss_CrossEntropy: 0.0085 (0.0101)  time: 1.4670  data: 0.4747  max mem: 17023
Epoch: [54]  [80/95]  eta: 0:00:17  lr: 0.000100  loss: 0.0088 (0.0103)  loss_CrossEntropy: 0.0088 (0.0103)  time: 1.1867  data: 0.1758  max mem: 17023
Epoch: [54]  [90/95]  eta: 0:00:06  lr: 0.000100  loss: 0.0100 (0.0102)  loss_CrossEntropy: 0.0100 (0.0102)  time: 1.2146  data: 0.2167  max mem: 17023
Epoch: [54]  [94/95]  eta: 0:00:01  lr: 0.000100  loss: 0.0097 (0.0103)  loss_CrossEntropy: 0.0097 (0.0103)  time: 1.5427  data: 0.5516  max mem: 17023
Epoch: [54] Total time: 0:02:08 (1.3503 s / it)
Averaged stats: lr: 0.000100  loss: 0.0097 (0.0103)  loss_CrossEntropy: 0.0097 (0.0103)
Test:  [ 0/19]  eta: 0:00:07  loss: 1.5166 (1.5166)  loss_CrossEntropy: 1.5166 (1.5166)  Rv: 0.0000 (0.0000)  Lv: 0.0397 (0.0397)  Myo: 0.0420 (0.0420)  Avg: 0.0272 (0.0272)  time: 0.3695  data: 0.3372  max mem: 17023
Test:  [10/19]  eta: 0:00:03  loss: 1.5166 (1.5270)  loss_CrossEntropy: 1.5166 (1.5270)  Rv: 0.8292 (0.7067)  Lv: 0.0926 (0.0912)  Myo: 0.1816 (0.1717)  Avg: 0.3811 (0.3232)  time: 0.3887  data: 0.3527  max mem: 17023
Test:  [18/19]  eta: 0:00:00  loss: 1.5166 (1.5269)  loss_CrossEntropy: 1.5166 (1.5269)  Rv: 0.6901 (0.6128)  Lv: 0.0884 (0.0855)  Myo: 0.1762 (0.1607)  Avg: 0.3242 (0.2863)  time: 0.2033  data: 0.1852  max mem: 17023
Test: Total time: 0:00:03 (0.1886 s / it)
Averaged stats: loss: 1.5166 (1.5269)  loss_CrossEntropy: 1.5166 (1.5269)  Rv: 0.6901 (0.6128)  Lv: 0.0884 (0.0855)  Myo: 0.1762 (0.1607)  Avg: 0.3242 (0.2863)
dice score: 0.2863244698627999
cutout loss: 0.013052349910140038
original loss: 0.007925971411168575
integrity loss: 0.009103811345994473
invariant loss: 0.01195073127746582
Epoch: [55]  [ 0/95]  eta: 0:01:56  lr: 0.000100  loss: 0.0079 (0.0079)  loss_CrossEntropy: 0.0079 (0.0079)  time: 1.2262  data: 0.2436  max mem: 17023
Epoch: [55]  [10/95]  eta: 0:01:37  lr: 0.000100  loss: 0.0088 (0.0093)  loss_CrossEntropy: 0.0088 (0.0093)  time: 1.1419  data: 0.1401  max mem: 17023
Epoch: [55]  [20/95]  eta: 0:01:53  lr: 0.000100  loss: 0.0085 (0.0095)  loss_CrossEntropy: 0.0085 (0.0095)  time: 1.5079  data: 0.5224  max mem: 17023
Epoch: [55]  [30/95]  eta: 0:01:26  lr: 0.000100  loss: 0.0086 (0.0101)  loss_CrossEntropy: 0.0086 (0.0101)  time: 1.3351  data: 0.3545  max mem: 17023
Epoch: [55]  [40/95]  eta: 0:01:16  lr: 0.000100  loss: 0.0104 (0.0106)  loss_CrossEntropy: 0.0104 (0.0106)  time: 1.3957  data: 0.3835  max mem: 17023
Epoch: [55]  [50/95]  eta: 0:00:50  lr: 0.000100  loss: 0.0110 (0.0106)  loss_CrossEntropy: 0.0110 (0.0106)  time: 1.1284  data: 0.1405  max mem: 17023
Epoch: [55]  [60/95]  eta: 0:00:43  lr: 0.000100  loss: 0.0095 (0.0106)  loss_CrossEntropy: 0.0095 (0.0106)  time: 1.2300  data: 0.2379  max mem: 17023
Epoch: [55]  [70/95]  eta: 0:00:31  lr: 0.000100  loss: 0.0086 (0.0102)  loss_CrossEntropy: 0.0086 (0.0102)  time: 1.2754  data: 0.2438  max mem: 17023
Epoch: [55]  [80/95]  eta: 0:00:17  lr: 0.000100  loss: 0.0085 (0.0103)  loss_CrossEntropy: 0.0085 (0.0103)  time: 1.1371  data: 0.1612  max mem: 17023
Epoch: [55]  [90/95]  eta: 0:00:06  lr: 0.000100  loss: 0.0109 (0.0103)  loss_CrossEntropy: 0.0109 (0.0103)  time: 1.2322  data: 0.2516  max mem: 17023
Epoch: [55]  [94/95]  eta: 0:00:01  lr: 0.000100  loss: 0.0097 (0.0102)  loss_CrossEntropy: 0.0097 (0.0102)  time: 1.2463  data: 0.2623  max mem: 17023
Epoch: [55] Total time: 0:02:05 (1.3179 s / it)
Averaged stats: lr: 0.000100  loss: 0.0097 (0.0102)  loss_CrossEntropy: 0.0097 (0.0102)
Test:  [ 0/19]  eta: 0:00:06  loss: 1.6704 (1.6704)  loss_CrossEntropy: 1.6704 (1.6704)  Rv: 0.0000 (0.0000)  Lv: 0.0345 (0.0345)  Myo: 0.0409 (0.0409)  Avg: 0.0252 (0.0252)  time: 0.3172  data: 0.2964  max mem: 17023
Test:  [10/19]  eta: 0:00:01  loss: 1.5378 (1.5669)  loss_CrossEntropy: 1.5378 (1.5669)  Rv: 0.7910 (0.6834)  Lv: 0.0884 (0.0860)  Myo: 0.2081 (0.1961)  Avg: 0.3403 (0.3218)  time: 0.1947  data: 0.1731  max mem: 17023
Test:  [18/19]  eta: 0:00:00  loss: 1.5321 (1.5437)  loss_CrossEntropy: 1.5321 (1.5437)  Rv: 0.6190 (0.5936)  Lv: 0.0819 (0.0811)  Myo: 0.2002 (0.1886)  Avg: 0.3089 (0.2878)  time: 0.0361  data: 0.0187  max mem: 17023
Test: Total time: 0:00:02 (0.1514 s / it)
Averaged stats: loss: 1.5321 (1.5437)  loss_CrossEntropy: 1.5321 (1.5437)  Rv: 0.6190 (0.5936)  Lv: 0.0819 (0.0811)  Myo: 0.2002 (0.1886)  Avg: 0.3089 (0.2878)
dice score: 0.2877562653861548
cutout loss: 0.01619120128452778
original loss: 0.010224749334156513
integrity loss: 0.007134479470551014
invariant loss: 0.01192138809710741
Epoch: [56]  [ 0/95]  eta: 0:02:22  lr: 0.000100  loss: 0.0102 (0.0102)  loss_CrossEntropy: 0.0102 (0.0102)  time: 1.5040  data: 0.5254  max mem: 17023
Epoch: [56]  [10/95]  eta: 0:01:26  lr: 0.000100  loss: 0.0094 (0.0112)  loss_CrossEntropy: 0.0094 (0.0112)  time: 1.0126  data: 0.0359  max mem: 17023
Epoch: [56]  [20/95]  eta: 0:01:40  lr: 0.000100  loss: 0.0096 (0.0110)  loss_CrossEntropy: 0.0096 (0.0110)  time: 1.3438  data: 0.3357  max mem: 17023
Epoch: [56]  [30/95]  eta: 0:01:12  lr: 0.000100  loss: 0.0095 (0.0106)  loss_CrossEntropy: 0.0095 (0.0106)  time: 1.1098  data: 0.1041  max mem: 17023
Epoch: [56]  [40/95]  eta: 0:01:01  lr: 0.000100  loss: 0.0091 (0.0104)  loss_CrossEntropy: 0.0091 (0.0104)  time: 1.1105  data: 0.1112  max mem: 17023
Epoch: [56]  [50/95]  eta: 0:00:51  lr: 0.000100  loss: 0.0093 (0.0104)  loss_CrossEntropy: 0.0093 (0.0104)  time: 1.1367  data: 0.1345  max mem: 17023
Epoch: [56]  [60/95]  eta: 0:00:39  lr: 0.000100  loss: 0.0089 (0.0104)  loss_CrossEntropy: 0.0089 (0.0104)  time: 1.1174  data: 0.1154  max mem: 17023
Epoch: [56]  [70/95]  eta: 0:00:27  lr: 0.000100  loss: 0.0084 (0.0101)  loss_CrossEntropy: 0.0084 (0.0101)  time: 1.0888  data: 0.0691  max mem: 17023
Epoch: [56]  [80/95]  eta: 0:00:18  lr: 0.000100  loss: 0.0081 (0.0104)  loss_CrossEntropy: 0.0081 (0.0104)  time: 1.2615  data: 0.2769  max mem: 17023
Epoch: [56]  [90/95]  eta: 0:00:07  lr: 0.000100  loss: 0.0072 (0.0101)  loss_CrossEntropy: 0.0072 (0.0101)  time: 1.5002  data: 0.5189  max mem: 17023
Epoch: [56]  [94/95]  eta: 0:00:01  lr: 0.000100  loss: 0.0077 (0.0101)  loss_CrossEntropy: 0.0077 (0.0101)  time: 1.0321  data: 0.0346  max mem: 17023
Epoch: [56] Total time: 0:02:07 (1.3425 s / it)
Averaged stats: lr: 0.000100  loss: 0.0077 (0.0101)  loss_CrossEntropy: 0.0077 (0.0101)
Test:  [ 0/19]  eta: 0:00:04  loss: 1.3761 (1.3761)  loss_CrossEntropy: 1.3761 (1.3761)  Rv: 0.0000 (0.0000)  Lv: 0.0393 (0.0393)  Myo: 0.0500 (0.0500)  Avg: 0.0298 (0.0298)  time: 0.2617  data: 0.2407  max mem: 17023
Test:  [10/19]  eta: 0:00:03  loss: 1.4512 (1.4922)  loss_CrossEntropy: 1.4512 (1.4922)  Rv: 0.8472 (0.7304)  Lv: 0.0997 (0.0879)  Myo: 0.2341 (0.2104)  Avg: 0.4047 (0.3429)  time: 0.3529  data: 0.3317  max mem: 17023
Test:  [18/19]  eta: 0:00:00  loss: 1.4556 (1.5003)  loss_CrossEntropy: 1.4556 (1.5003)  Rv: 0.7041 (0.6333)  Lv: 0.0821 (0.0806)  Myo: 0.2103 (0.1956)  Avg: 0.3376 (0.3032)  time: 0.2866  data: 0.2571  max mem: 17023
Test: Total time: 0:00:03 (0.2088 s / it)
Averaged stats: loss: 1.4556 (1.5003)  loss_CrossEntropy: 1.4556 (1.5003)  Rv: 0.7041 (0.6333)  Lv: 0.0821 (0.0806)  Myo: 0.2103 (0.1956)  Avg: 0.3376 (0.3032)
dice score: 0.3031744566795073
cutout loss: 0.017980730161070824
original loss: 0.007783256471157074
integrity loss: 0.008968728594481945
invariant loss: 0.02111111395061016
Epoch: [57]  [ 0/95]  eta: 0:02:13  lr: 0.000100  loss: 0.0078 (0.0078)  loss_CrossEntropy: 0.0078 (0.0078)  time: 1.4079  data: 0.4200  max mem: 17023
Epoch: [57]  [10/95]  eta: 0:01:45  lr: 0.000100  loss: 0.0091 (0.0103)  loss_CrossEntropy: 0.0091 (0.0103)  time: 1.2420  data: 0.2650  max mem: 17023
Epoch: [57]  [20/95]  eta: 0:01:33  lr: 0.000100  loss: 0.0091 (0.0095)  loss_CrossEntropy: 0.0091 (0.0095)  time: 1.2514  data: 0.2707  max mem: 17023
Epoch: [57]  [30/95]  eta: 0:01:33  lr: 0.000100  loss: 0.0085 (0.0091)  loss_CrossEntropy: 0.0085 (0.0091)  time: 1.4314  data: 0.4510  max mem: 17023
Epoch: [57]  [40/95]  eta: 0:01:22  lr: 0.000100  loss: 0.0075 (0.0089)  loss_CrossEntropy: 0.0075 (0.0089)  time: 1.5056  data: 0.5301  max mem: 17023
Epoch: [57]  [50/95]  eta: 0:00:56  lr: 0.000100  loss: 0.0084 (0.0091)  loss_CrossEntropy: 0.0084 (0.0091)  time: 1.2663  data: 0.2808  max mem: 17023
Epoch: [57]  [60/95]  eta: 0:00:46  lr: 0.000100  loss: 0.0099 (0.0095)  loss_CrossEntropy: 0.0099 (0.0095)  time: 1.3242  data: 0.3369  max mem: 17023
Epoch: [57]  [70/95]  eta: 0:00:32  lr: 0.000100  loss: 0.0093 (0.0095)  loss_CrossEntropy: 0.0093 (0.0095)  time: 1.3030  data: 0.3094  max mem: 17023
Epoch: [57]  [80/95]  eta: 0:00:22  lr: 0.000100  loss: 0.0089 (0.0098)  loss_CrossEntropy: 0.0089 (0.0098)  time: 1.4943  data: 0.5056  max mem: 17023
Epoch: [57]  [90/95]  eta: 0:00:06  lr: 0.000100  loss: 0.0087 (0.0097)  loss_CrossEntropy: 0.0087 (0.0097)  time: 1.3642  data: 0.3726  max mem: 17023
Epoch: [57]  [94/95]  eta: 0:00:01  lr: 0.000100  loss: 0.0102 (0.0098)  loss_CrossEntropy: 0.0102 (0.0098)  time: 1.3259  data: 0.3300  max mem: 17023
Epoch: [57] Total time: 0:02:04 (1.3111 s / it)
Averaged stats: lr: 0.000100  loss: 0.0102 (0.0098)  loss_CrossEntropy: 0.0102 (0.0098)
Test:  [ 0/19]  eta: 0:00:00  loss: 1.0997 (1.0997)  loss_CrossEntropy: 1.0997 (1.0997)  Rv: 0.0000 (0.0000)  Lv: 0.0363 (0.0363)  Myo: 0.6518 (0.6518)  Avg: 0.2294 (0.2294)  time: 0.0518  data: 0.0313  max mem: 17023
Test:  [10/19]  eta: 0:00:02  loss: 1.3117 (1.2920)  loss_CrossEntropy: 1.3117 (1.2920)  Rv: 0.8098 (0.7020)  Lv: 0.0950 (0.0887)  Myo: 0.8434 (0.7867)  Avg: 0.5955 (0.5258)  time: 0.2440  data: 0.2170  max mem: 17023
Test:  [18/19]  eta: 0:00:00  loss: 1.2700 (1.2650)  loss_CrossEntropy: 1.2700 (1.2650)  Rv: 0.6921 (0.6199)  Lv: 0.0873 (0.0832)  Myo: 0.7552 (0.7207)  Avg: 0.4984 (0.4746)  time: 0.0320  data: 0.0149  max mem: 17023
Test: Total time: 0:00:01 (0.0958 s / it)
Averaged stats: loss: 1.2700 (1.2650)  loss_CrossEntropy: 1.2700 (1.2650)  Rv: 0.6921 (0.6199)  Lv: 0.0873 (0.0832)  Myo: 0.7552 (0.7207)  Avg: 0.4984 (0.4746)
dice score: 0.4746063775137851
Update best model!
cutout loss: 0.012780771590769291
original loss: 0.010275721549987793
integrity loss: 0.009306997060775757
invariant loss: 0.018419642001390457
Epoch: [58]  [ 0/95]  eta: 0:01:43  lr: 0.000100  loss: 0.0103 (0.0103)  loss_CrossEntropy: 0.0103 (0.0103)  time: 1.0926  data: 0.0963  max mem: 17023
Epoch: [58]  [10/95]  eta: 0:01:49  lr: 0.000100  loss: 0.0089 (0.0099)  loss_CrossEntropy: 0.0089 (0.0099)  time: 1.2880  data: 0.3054  max mem: 17023
Epoch: [58]  [20/95]  eta: 0:01:16  lr: 0.000100  loss: 0.0109 (0.0111)  loss_CrossEntropy: 0.0109 (0.0111)  time: 1.0226  data: 0.0367  max mem: 17023
Epoch: [58]  [30/95]  eta: 0:01:23  lr: 0.000100  loss: 0.0101 (0.0107)  loss_CrossEntropy: 0.0101 (0.0107)  time: 1.2858  data: 0.3056  max mem: 17023
Epoch: [58]  [40/95]  eta: 0:01:16  lr: 0.000100  loss: 0.0087 (0.0105)  loss_CrossEntropy: 0.0087 (0.0105)  time: 1.3879  data: 0.3824  max mem: 17023
Epoch: [58]  [50/95]  eta: 0:01:04  lr: 0.000100  loss: 0.0104 (0.0108)  loss_CrossEntropy: 0.0104 (0.0108)  time: 1.4424  data: 0.4513  max mem: 17023
Epoch: [58]  [60/95]  eta: 0:00:49  lr: 0.000100  loss: 0.0103 (0.0108)  loss_CrossEntropy: 0.0103 (0.0108)  time: 1.4061  data: 0.4096  max mem: 17023
Epoch: [58]  [70/95]  eta: 0:00:39  lr: 0.000100  loss: 0.0089 (0.0106)  loss_CrossEntropy: 0.0089 (0.0106)  time: 1.5628  data: 0.5805  max mem: 17023
Epoch: [58]  [80/95]  eta: 0:00:18  lr: 0.000100  loss: 0.0089 (0.0105)  loss_CrossEntropy: 0.0089 (0.0105)  time: 1.2312  data: 0.2332  max mem: 17023
Epoch: [58]  [90/95]  eta: 0:00:07  lr: 0.000100  loss: 0.0100 (0.0105)  loss_CrossEntropy: 0.0100 (0.0105)  time: 1.4595  data: 0.4112  max mem: 17023
Epoch: [58]  [94/95]  eta: 0:00:01  lr: 0.000100  loss: 0.0100 (0.0105)  loss_CrossEntropy: 0.0100 (0.0105)  time: 1.1941  data: 0.1987  max mem: 17023
Epoch: [58] Total time: 0:02:03 (1.3006 s / it)
Averaged stats: lr: 0.000100  loss: 0.0100 (0.0105)  loss_CrossEntropy: 0.0100 (0.0105)
Test:  [ 0/19]  eta: 0:00:01  loss: 1.1295 (1.1295)  loss_CrossEntropy: 1.1295 (1.1295)  Rv: 0.0000 (0.0000)  Lv: 0.0357 (0.0357)  Myo: 0.6607 (0.6607)  Avg: 0.2321 (0.2321)  time: 0.0547  data: 0.0342  max mem: 17023
Test:  [10/19]  eta: 0:00:01  loss: 1.6210 (1.5108)  loss_CrossEntropy: 1.6210 (1.5108)  Rv: 0.8180 (0.7183)  Lv: 0.0845 (0.0794)  Myo: 0.8384 (0.7907)  Avg: 0.6089 (0.5295)  time: 0.1146  data: 0.0928  max mem: 17023
Test:  [18/19]  eta: 0:00:00  loss: 1.5527 (1.4960)  loss_CrossEntropy: 1.5527 (1.4960)  Rv: 0.7076 (0.6167)  Lv: 0.0742 (0.0733)  Myo: 0.8200 (0.7960)  Avg: 0.5554 (0.4954)  time: 0.3206  data: 0.2906  max mem: 17023
Test: Total time: 0:00:03 (0.1696 s / it)
Averaged stats: loss: 1.5527 (1.4960)  loss_CrossEntropy: 1.5527 (1.4960)  Rv: 0.7076 (0.6167)  Lv: 0.0742 (0.0733)  Myo: 0.8200 (0.7960)  Avg: 0.5554 (0.4954)
dice score: 0.49535382656674637
Update best model!
cutout loss: 0.010814911685883999
original loss: 0.010513036511838436
integrity loss: 0.010756755247712135
invariant loss: 0.014971203170716763
Epoch: [59]  [ 0/95]  eta: 0:02:21  lr: 0.000100  loss: 0.0105 (0.0105)  loss_CrossEntropy: 0.0105 (0.0105)  time: 1.4924  data: 0.4969  max mem: 17023
Epoch: [59]  [10/95]  eta: 0:01:29  lr: 0.000100  loss: 0.0110 (0.0118)  loss_CrossEntropy: 0.0110 (0.0118)  time: 1.0506  data: 0.0763  max mem: 17023
Epoch: [59]  [20/95]  eta: 0:01:32  lr: 0.000100  loss: 0.0111 (0.0120)  loss_CrossEntropy: 0.0111 (0.0120)  time: 1.2299  data: 0.2466  max mem: 17023
Epoch: [59]  [30/95]  eta: 0:01:19  lr: 0.000100  loss: 0.0111 (0.0118)  loss_CrossEntropy: 0.0111 (0.0118)  time: 1.2228  data: 0.2405  max mem: 17023
Epoch: [59]  [40/95]  eta: 0:01:09  lr: 0.000100  loss: 0.0092 (0.0113)  loss_CrossEntropy: 0.0092 (0.0113)  time: 1.2678  data: 0.2773  max mem: 17023
Epoch: [59]  [50/95]  eta: 0:00:55  lr: 0.000100  loss: 0.0083 (0.0109)  loss_CrossEntropy: 0.0083 (0.0109)  time: 1.2348  data: 0.2485  max mem: 17023
Epoch: [59]  [60/95]  eta: 0:00:59  lr: 0.000100  loss: 0.0087 (0.0107)  loss_CrossEntropy: 0.0087 (0.0107)  time: 1.7095  data: 0.7085  max mem: 17023
Epoch: [59]  [70/95]  eta: 0:00:27  lr: 0.000100  loss: 0.0087 (0.0106)  loss_CrossEntropy: 0.0087 (0.0106)  time: 1.0877  data: 0.0752  max mem: 17023
Epoch: [59]  [80/95]  eta: 0:00:18  lr: 0.000100  loss: 0.0085 (0.0105)  loss_CrossEntropy: 0.0085 (0.0105)  time: 1.2127  data: 0.2374  max mem: 17023
Epoch: [59]  [90/95]  eta: 0:00:05  lr: 0.000100  loss: 0.0085 (0.0103)  loss_CrossEntropy: 0.0085 (0.0103)  time: 1.0714  data: 0.0915  max mem: 17023
Epoch: [59]  [94/95]  eta: 0:00:01  lr: 0.000100  loss: 0.0085 (0.0103)  loss_CrossEntropy: 0.0085 (0.0103)  time: 1.1863  data: 0.0335  max mem: 17023
Epoch: [59] Total time: 0:02:04 (1.3063 s / it)
Averaged stats: lr: 0.000100  loss: 0.0085 (0.0103)  loss_CrossEntropy: 0.0085 (0.0103)
Test:  [ 0/19]  eta: 0:00:03  loss: 1.0854 (1.0854)  loss_CrossEntropy: 1.0854 (1.0854)  Rv: 0.0000 (0.0000)  Lv: 0.0367 (0.0367)  Myo: 0.6245 (0.6245)  Avg: 0.2204 (0.2204)  time: 0.1845  data: 0.1638  max mem: 17023
Test:  [10/19]  eta: 0:00:01  loss: 1.3286 (1.3453)  loss_CrossEntropy: 1.3286 (1.3453)  Rv: 0.8225 (0.6897)  Lv: 0.0871 (0.0851)  Myo: 0.7583 (0.7160)  Avg: 0.5752 (0.4969)  time: 0.1899  data: 0.1686  max mem: 17023
Test:  [18/19]  eta: 0:00:00  loss: 1.2925 (1.2905)  loss_CrossEntropy: 1.2925 (1.2905)  Rv: 0.6806 (0.6062)  Lv: 0.0864 (0.0819)  Myo: 0.7228 (0.7104)  Avg: 0.4827 (0.4662)  time: 0.3237  data: 0.2941  max mem: 17023
Test: Total time: 0:00:03 (0.1774 s / it)
Averaged stats: loss: 1.2925 (1.2905)  loss_CrossEntropy: 1.2925 (1.2905)  Rv: 0.6806 (0.6062)  Lv: 0.0864 (0.0819)  Myo: 0.7228 (0.7104)  Avg: 0.4827 (0.4662)
dice score: 0.466188351574697
cutout loss: 0.019287463277578354
original loss: 0.011345167644321918
integrity loss: 0.008750098757445812
invariant loss: 0.020400602370500565
Epoch: [60]  [ 0/95]  eta: 0:01:50  lr: 0.000100  loss: 0.0113 (0.0113)  loss_CrossEntropy: 0.0113 (0.0113)  time: 1.1652  data: 0.1872  max mem: 17023
Epoch: [60]  [10/95]  eta: 0:01:43  lr: 0.000100  loss: 0.0113 (0.0113)  loss_CrossEntropy: 0.0113 (0.0113)  time: 1.2139  data: 0.2272  max mem: 17023
Epoch: [60]  [20/95]  eta: 0:01:22  lr: 0.000100  loss: 0.0104 (0.0115)  loss_CrossEntropy: 0.0104 (0.0115)  time: 1.0941  data: 0.1010  max mem: 17023
Epoch: [60]  [30/95]  eta: 0:01:37  lr: 0.000100  loss: 0.0093 (0.0112)  loss_CrossEntropy: 0.0093 (0.0112)  time: 1.5073  data: 0.5222  max mem: 17023
Epoch: [60]  [40/95]  eta: 0:01:20  lr: 0.000100  loss: 0.0099 (0.0109)  loss_CrossEntropy: 0.0099 (0.0109)  time: 1.4648  data: 0.4536  max mem: 17023
Epoch: [60]  [50/95]  eta: 0:00:46  lr: 0.000100  loss: 0.0094 (0.0107)  loss_CrossEntropy: 0.0094 (0.0107)  time: 1.0323  data: 0.0506  max mem: 17023
Epoch: [60]  [60/95]  eta: 0:00:45  lr: 0.000100  loss: 0.0091 (0.0105)  loss_CrossEntropy: 0.0091 (0.0105)  time: 1.2968  data: 0.3058  max mem: 17023
Epoch: [60]  [70/95]  eta: 0:00:30  lr: 0.000100  loss: 0.0091 (0.0106)  loss_CrossEntropy: 0.0091 (0.0106)  time: 1.2181  data: 0.2268  max mem: 17023
Epoch: [60]  [80/95]  eta: 0:00:17  lr: 0.000100  loss: 0.0100 (0.0104)  loss_CrossEntropy: 0.0100 (0.0104)  time: 1.1909  data: 0.2005  max mem: 17023
Epoch: [60]  [90/95]  eta: 0:00:06  lr: 0.000100  loss: 0.0089 (0.0103)  loss_CrossEntropy: 0.0089 (0.0103)  time: 1.2190  data: 0.2418  max mem: 17023
Epoch: [60]  [94/95]  eta: 0:00:01  lr: 0.000100  loss: 0.0089 (0.0103)  loss_CrossEntropy: 0.0089 (0.0103)  time: 1.2828  data: 0.2882  max mem: 17023
Epoch: [60] Total time: 0:02:08 (1.3513 s / it)
Averaged stats: lr: 0.000100  loss: 0.0089 (0.0103)  loss_CrossEntropy: 0.0089 (0.0103)
Test:  [ 0/19]  eta: 0:00:06  loss: 1.1574 (1.1574)  loss_CrossEntropy: 1.1574 (1.1574)  Rv: 0.0000 (0.0000)  Lv: 0.0362 (0.0362)  Myo: 0.6496 (0.6496)  Avg: 0.2286 (0.2286)  time: 0.3254  data: 0.3039  max mem: 17023
Test:  [10/19]  eta: 0:00:01  loss: 1.7243 (1.5888)  loss_CrossEntropy: 1.7243 (1.5888)  Rv: 0.7025 (0.6462)  Lv: 0.0820 (0.0766)  Myo: 0.8328 (0.7600)  Avg: 0.5314 (0.4943)  time: 0.1389  data: 0.1181  max mem: 17023
Test:  [18/19]  eta: 0:00:00  loss: 1.6952 (1.6016)  loss_CrossEntropy: 1.6952 (1.6016)  Rv: 0.6039 (0.5455)  Lv: 0.0713 (0.0697)  Myo: 0.7743 (0.7718)  Avg: 0.4874 (0.4623)  time: 0.2636  data: 0.2311  max mem: 17023
Test: Total time: 0:00:03 (0.1824 s / it)
Averaged stats: loss: 1.6952 (1.6016)  loss_CrossEntropy: 1.6952 (1.6016)  Rv: 0.6039 (0.5455)  Lv: 0.0713 (0.0697)  Myo: 0.7743 (0.7718)  Avg: 0.4874 (0.4623)
dice score: 0.4623068163269444
cutout loss: 0.00975334644317627
original loss: 0.0094411326572299
integrity loss: 0.006814736407250166
invariant loss: 0.017752235755324364
Epoch: [61]  [ 0/95]  eta: 0:01:58  lr: 0.000100  loss: 0.0094 (0.0094)  loss_CrossEntropy: 0.0094 (0.0094)  time: 1.2525  data: 0.2590  max mem: 17023
Epoch: [61]  [10/95]  eta: 0:02:12  lr: 0.000100  loss: 0.0088 (0.0095)  loss_CrossEntropy: 0.0088 (0.0095)  time: 1.5582  data: 0.5829  max mem: 17023
Epoch: [61]  [20/95]  eta: 0:01:43  lr: 0.000100  loss: 0.0087 (0.0100)  loss_CrossEntropy: 0.0087 (0.0100)  time: 1.3814  data: 0.3958  max mem: 17023
Epoch: [61]  [30/95]  eta: 0:01:12  lr: 0.000100  loss: 0.0092 (0.0101)  loss_CrossEntropy: 0.0092 (0.0101)  time: 1.1204  data: 0.1404  max mem: 17023
Epoch: [61]  [40/95]  eta: 0:01:12  lr: 0.000100  loss: 0.0092 (0.0101)  loss_CrossEntropy: 0.0092 (0.0101)  time: 1.3101  data: 0.3050  max mem: 17023
Epoch: [61]  [50/95]  eta: 0:01:00  lr: 0.000100  loss: 0.0081 (0.0098)  loss_CrossEntropy: 0.0081 (0.0098)  time: 1.3407  data: 0.3377  max mem: 17023
Epoch: [61]  [60/95]  eta: 0:00:43  lr: 0.000100  loss: 0.0081 (0.0097)  loss_CrossEntropy: 0.0081 (0.0097)  time: 1.2396  data: 0.2579  max mem: 17023
Epoch: [61]  [70/95]  eta: 0:00:39  lr: 0.000100  loss: 0.0085 (0.0095)  loss_CrossEntropy: 0.0085 (0.0095)  time: 1.5876  data: 0.6032  max mem: 17023
Epoch: [61]  [80/95]  eta: 0:00:24  lr: 0.000100  loss: 0.0085 (0.0095)  loss_CrossEntropy: 0.0085 (0.0095)  time: 1.6418  data: 0.6028  max mem: 17023
Epoch: [61]  [90/95]  eta: 0:00:05  lr: 0.000100  loss: 0.0095 (0.0097)  loss_CrossEntropy: 0.0095 (0.0097)  time: 1.0909  data: 0.0973  max mem: 17023
Epoch: [61]  [94/95]  eta: 0:00:01  lr: 0.000100  loss: 0.0101 (0.0099)  loss_CrossEntropy: 0.0101 (0.0099)  time: 1.4579  data: 0.4612  max mem: 17023
Epoch: [61] Total time: 0:02:04 (1.3130 s / it)
Averaged stats: lr: 0.000100  loss: 0.0101 (0.0099)  loss_CrossEntropy: 0.0101 (0.0099)
Test:  [ 0/19]  eta: 0:00:01  loss: 0.8881 (0.8881)  loss_CrossEntropy: 0.8881 (0.8881)  Rv: 0.0000 (0.0000)  Lv: 0.0441 (0.0441)  Myo: 0.6645 (0.6645)  Avg: 0.2362 (0.2362)  time: 0.0528  data: 0.0322  max mem: 17023
Test:  [10/19]  eta: 0:00:00  loss: 1.2521 (1.1593)  loss_CrossEntropy: 1.2521 (1.1593)  Rv: 0.8160 (0.7008)  Lv: 0.1129 (0.1050)  Myo: 0.8249 (0.7934)  Avg: 0.5888 (0.5331)  time: 0.0404  data: 0.0196  max mem: 17023
Test:  [18/19]  eta: 0:00:00  loss: 1.0755 (1.1252)  loss_CrossEntropy: 1.0755 (1.1252)  Rv: 0.6321 (0.6098)  Lv: 0.0972 (0.0933)  Myo: 0.8092 (0.7373)  Avg: 0.5038 (0.4801)  time: 0.0333  data: 0.0160  max mem: 17023
Test: Total time: 0:00:02 (0.1375 s / it)
Averaged stats: loss: 1.0755 (1.1252)  loss_CrossEntropy: 1.0755 (1.1252)  Rv: 0.6321 (0.6098)  Lv: 0.0972 (0.0933)  Myo: 0.8092 (0.7373)  Avg: 0.5038 (0.4801)
dice score: 0.48012891647062805
cutout loss: 0.02873726561665535
original loss: 0.007492856588214636
integrity loss: 0.009038514457643032
invariant loss: 0.01640157215297222
Epoch: [62]  [ 0/95]  eta: 0:01:55  lr: 0.000100  loss: 0.0075 (0.0075)  loss_CrossEntropy: 0.0075 (0.0075)  time: 1.2113  data: 0.2223  max mem: 17023
Epoch: [62]  [10/95]  eta: 0:01:44  lr: 0.000100  loss: 0.0091 (0.0104)  loss_CrossEntropy: 0.0091 (0.0104)  time: 1.2304  data: 0.2544  max mem: 17023
Epoch: [62]  [20/95]  eta: 0:01:43  lr: 0.000100  loss: 0.0095 (0.0109)  loss_CrossEntropy: 0.0095 (0.0109)  time: 1.3850  data: 0.4004  max mem: 17023
Epoch: [62]  [30/95]  eta: 0:01:29  lr: 0.000100  loss: 0.0096 (0.0106)  loss_CrossEntropy: 0.0096 (0.0106)  time: 1.3710  data: 0.3539  max mem: 17023
Epoch: [62]  [40/95]  eta: 0:01:07  lr: 0.000100  loss: 0.0082 (0.0100)  loss_CrossEntropy: 0.0082 (0.0100)  time: 1.2283  data: 0.2470  max mem: 17023
Epoch: [62]  [50/95]  eta: 0:00:55  lr: 0.000100  loss: 0.0083 (0.0097)  loss_CrossEntropy: 0.0083 (0.0097)  time: 1.2310  data: 0.2436  max mem: 17023
Epoch: [62]  [60/95]  eta: 0:00:52  lr: 0.000100  loss: 0.0084 (0.0098)  loss_CrossEntropy: 0.0084 (0.0098)  time: 1.4911  data: 0.4909  max mem: 17023
Epoch: [62]  [70/95]  eta: 0:00:39  lr: 0.000100  loss: 0.0090 (0.0098)  loss_CrossEntropy: 0.0090 (0.0098)  time: 1.5964  data: 0.6152  max mem: 17023
Epoch: [62]  [80/95]  eta: 0:00:16  lr: 0.000100  loss: 0.0096 (0.0099)  loss_CrossEntropy: 0.0096 (0.0099)  time: 1.1136  data: 0.1105  max mem: 17023
Epoch: [62]  [90/95]  eta: 0:00:05  lr: 0.000100  loss: 0.0105 (0.0100)  loss_CrossEntropy: 0.0105 (0.0100)  time: 1.0387  data: 0.0343  max mem: 17023
Epoch: [62]  [94/95]  eta: 0:00:01  lr: 0.000100  loss: 0.0105 (0.0101)  loss_CrossEntropy: 0.0105 (0.0101)  time: 1.2326  data: 0.2445  max mem: 17023
Epoch: [62] Total time: 0:02:04 (1.3112 s / it)
Averaged stats: lr: 0.000100  loss: 0.0105 (0.0101)  loss_CrossEntropy: 0.0105 (0.0101)
Test:  [ 0/19]  eta: 0:00:04  loss: 1.1941 (1.1941)  loss_CrossEntropy: 1.1941 (1.1941)  Rv: 0.0000 (0.0000)  Lv: 0.0361 (0.0361)  Myo: 0.6183 (0.6183)  Avg: 0.2181 (0.2181)  time: 0.2202  data: 0.1997  max mem: 17023
Test:  [10/19]  eta: 0:00:02  loss: 1.5591 (1.5161)  loss_CrossEntropy: 1.5591 (1.5161)  Rv: 0.7939 (0.6924)  Lv: 0.0922 (0.0828)  Myo: 0.8092 (0.7925)  Avg: 0.5759 (0.5226)  time: 0.2463  data: 0.2252  max mem: 17023
Test:  [18/19]  eta: 0:00:00  loss: 1.4716 (1.4839)  loss_CrossEntropy: 1.4716 (1.4839)  Rv: 0.6048 (0.6011)  Lv: 0.0759 (0.0767)  Myo: 0.8016 (0.7928)  Avg: 0.4870 (0.4902)  time: 0.2872  data: 0.2517  max mem: 17023
Test: Total time: 0:00:03 (0.1977 s / it)
Averaged stats: loss: 1.4716 (1.4839)  loss_CrossEntropy: 1.4716 (1.4839)  Rv: 0.6048 (0.6011)  Lv: 0.0759 (0.0767)  Myo: 0.8016 (0.7928)  Avg: 0.4870 (0.4902)
dice score: 0.4901998450881557
cutout loss: 0.019049812108278275
original loss: 0.010498841293156147
integrity loss: 0.009540468454360962
invariant loss: 0.015696346759796143
Epoch: [63]  [ 0/95]  eta: 0:02:03  lr: 0.000100  loss: 0.0105 (0.0105)  loss_CrossEntropy: 0.0105 (0.0105)  time: 1.2979  data: 0.3106  max mem: 17023
Epoch: [63]  [10/95]  eta: 0:01:45  lr: 0.000100  loss: 0.0103 (0.0091)  loss_CrossEntropy: 0.0103 (0.0091)  time: 1.2366  data: 0.2531  max mem: 17023
Epoch: [63]  [20/95]  eta: 0:01:54  lr: 0.000100  loss: 0.0093 (0.0089)  loss_CrossEntropy: 0.0093 (0.0089)  time: 1.5240  data: 0.5334  max mem: 17023
Epoch: [63]  [30/95]  eta: 0:01:07  lr: 0.000100  loss: 0.0085 (0.0093)  loss_CrossEntropy: 0.0085 (0.0093)  time: 1.0453  data: 0.0435  max mem: 17023
Epoch: [63]  [40/95]  eta: 0:01:16  lr: 0.000100  loss: 0.0091 (0.0098)  loss_CrossEntropy: 0.0091 (0.0098)  time: 1.3967  data: 0.4130  max mem: 17023
Epoch: [63]  [50/95]  eta: 0:00:46  lr: 0.000100  loss: 0.0096 (0.0100)  loss_CrossEntropy: 0.0096 (0.0100)  time: 1.0444  data: 0.0603  max mem: 17023
Epoch: [63]  [60/95]  eta: 0:00:48  lr: 0.000100  loss: 0.0084 (0.0096)  loss_CrossEntropy: 0.0084 (0.0096)  time: 1.3772  data: 0.3847  max mem: 17023
Epoch: [63]  [70/95]  eta: 0:00:27  lr: 0.000100  loss: 0.0082 (0.0097)  loss_CrossEntropy: 0.0082 (0.0097)  time: 1.0807  data: 0.1057  max mem: 17023
Epoch: [63]  [80/95]  eta: 0:00:23  lr: 0.000100  loss: 0.0090 (0.0097)  loss_CrossEntropy: 0.0090 (0.0097)  time: 1.5603  data: 0.5799  max mem: 17023
Epoch: [63]  [90/95]  eta: 0:00:05  lr: 0.000100  loss: 0.0108 (0.0100)  loss_CrossEntropy: 0.0108 (0.0100)  time: 1.0495  data: 0.0334  max mem: 17023
Epoch: [63]  [94/95]  eta: 0:00:01  lr: 0.000100  loss: 0.0106 (0.0099)  loss_CrossEntropy: 0.0106 (0.0099)  time: 1.2001  data: 0.2111  max mem: 17023
Epoch: [63] Total time: 0:02:05 (1.3250 s / it)
Averaged stats: lr: 0.000100  loss: 0.0106 (0.0099)  loss_CrossEntropy: 0.0106 (0.0099)
Test:  [ 0/19]  eta: 0:00:04  loss: 1.0127 (1.0127)  loss_CrossEntropy: 1.0127 (1.0127)  Rv: 0.0000 (0.0000)  Lv: 0.0484 (0.0484)  Myo: 0.6316 (0.6316)  Avg: 0.2266 (0.2266)  time: 0.2115  data: 0.1903  max mem: 17023
Test:  [10/19]  eta: 0:00:00  loss: 1.4955 (1.3625)  loss_CrossEntropy: 1.4955 (1.3625)  Rv: 0.7833 (0.6947)  Lv: 0.1037 (0.1014)  Myo: 0.8273 (0.7549)  Avg: 0.5815 (0.5170)  time: 0.1001  data: 0.0786  max mem: 17023
Test:  [18/19]  eta: 0:00:00  loss: 1.3271 (1.3041)  loss_CrossEntropy: 1.3271 (1.3041)  Rv: 0.6199 (0.6172)  Lv: 0.0992 (0.0954)  Myo: 0.7733 (0.7513)  Avg: 0.5006 (0.4880)  time: 0.0739  data: 0.0552  max mem: 17023
Test: Total time: 0:00:03 (0.1627 s / it)
Averaged stats: loss: 1.3271 (1.3041)  loss_CrossEntropy: 1.3271 (1.3041)  Rv: 0.6199 (0.6172)  Lv: 0.0992 (0.0954)  Myo: 0.7733 (0.7513)  Avg: 0.5006 (0.4880)
dice score: 0.4879623526021054
cutout loss: 0.026040419936180115
original loss: 0.012529407627880573
integrity loss: 0.010439920239150524
invariant loss: 0.018403995782136917
Epoch: [64]  [ 0/95]  eta: 0:02:03  lr: 0.000100  loss: 0.0125 (0.0125)  loss_CrossEntropy: 0.0125 (0.0125)  time: 1.3008  data: 0.3043  max mem: 17023
Epoch: [64]  [10/95]  eta: 0:01:56  lr: 0.000100  loss: 0.0098 (0.0100)  loss_CrossEntropy: 0.0098 (0.0100)  time: 1.3727  data: 0.3888  max mem: 17023
Epoch: [64]  [20/95]  eta: 0:01:32  lr: 0.000100  loss: 0.0090 (0.0101)  loss_CrossEntropy: 0.0090 (0.0101)  time: 1.2320  data: 0.2476  max mem: 17023
Epoch: [64]  [30/95]  eta: 0:01:57  lr: 0.000100  loss: 0.0093 (0.0106)  loss_CrossEntropy: 0.0093 (0.0106)  time: 1.8153  data: 0.8155  max mem: 17023
Epoch: [64]  [40/95]  eta: 0:01:09  lr: 0.000100  loss: 0.0103 (0.0105)  loss_CrossEntropy: 0.0103 (0.0105)  time: 1.2717  data: 0.2572  max mem: 17023
Epoch: [64]  [50/95]  eta: 0:00:46  lr: 0.000100  loss: 0.0103 (0.0110)  loss_CrossEntropy: 0.0103 (0.0110)  time: 1.0413  data: 0.0491  max mem: 17023
Epoch: [64]  [60/95]  eta: 0:00:51  lr: 0.000100  loss: 0.0101 (0.0109)  loss_CrossEntropy: 0.0101 (0.0109)  time: 1.4678  data: 0.4765  max mem: 17023
Epoch: [64]  [70/95]  eta: 0:00:28  lr: 0.000100  loss: 0.0101 (0.0109)  loss_CrossEntropy: 0.0101 (0.0109)  time: 1.1541  data: 0.1600  max mem: 17023
Epoch: [64]  [80/95]  eta: 0:00:20  lr: 0.000100  loss: 0.0100 (0.0106)  loss_CrossEntropy: 0.0100 (0.0106)  time: 1.3774  data: 0.3855  max mem: 17023
Epoch: [64]  [90/95]  eta: 0:00:08  lr: 0.000100  loss: 0.0096 (0.0108)  loss_CrossEntropy: 0.0096 (0.0108)  time: 1.6977  data: 0.6950  max mem: 17023
Epoch: [64]  [94/95]  eta: 0:00:01  lr: 0.000100  loss: 0.0100 (0.0108)  loss_CrossEntropy: 0.0100 (0.0108)  time: 1.3529  data: 0.3667  max mem: 17023
Epoch: [64] Total time: 0:02:06 (1.3285 s / it)
Averaged stats: lr: 0.000100  loss: 0.0100 (0.0108)  loss_CrossEntropy: 0.0100 (0.0108)
Test:  [ 0/19]  eta: 0:00:04  loss: 1.0252 (1.0252)  loss_CrossEntropy: 1.0252 (1.0252)  Rv: 0.0000 (0.0000)  Lv: 0.0518 (0.0518)  Myo: 0.6331 (0.6331)  Avg: 0.2283 (0.2283)  time: 0.2473  data: 0.2145  max mem: 17023
Test:  [10/19]  eta: 0:00:00  loss: 1.6783 (1.6692)  loss_CrossEntropy: 1.6783 (1.6692)  Rv: 0.8015 (0.6982)  Lv: 0.1029 (0.0927)  Myo: 0.8405 (0.7824)  Avg: 0.6032 (0.5245)  time: 0.0405  data: 0.0196  max mem: 17023
Test:  [18/19]  eta: 0:00:00  loss: 1.6465 (1.6158)  loss_CrossEntropy: 1.6465 (1.6158)  Rv: 0.6881 (0.6048)  Lv: 0.0904 (0.0878)  Myo: 0.8087 (0.7762)  Avg: 0.5468 (0.4896)  time: 0.0426  data: 0.0251  max mem: 17023
Test: Total time: 0:00:03 (0.1652 s / it)
Averaged stats: loss: 1.6465 (1.6158)  loss_CrossEntropy: 1.6465 (1.6158)  Rv: 0.6881 (0.6048)  Lv: 0.0904 (0.0878)  Myo: 0.8087 (0.7762)  Avg: 0.5468 (0.4896)
dice score: 0.4896144725774464
cutout loss: 0.014079338870942593
original loss: 0.007157864049077034
integrity loss: 0.013738102279603481
invariant loss: 0.018007798120379448
Epoch: [65]  [ 0/95]  eta: 0:02:10  lr: 0.000100  loss: 0.0072 (0.0072)  loss_CrossEntropy: 0.0072 (0.0072)  time: 1.3697  data: 0.3886  max mem: 17023
Epoch: [65]  [10/95]  eta: 0:01:46  lr: 0.000100  loss: 0.0109 (0.0108)  loss_CrossEntropy: 0.0109 (0.0108)  time: 1.2537  data: 0.2522  max mem: 17023
Epoch: [65]  [20/95]  eta: 0:01:18  lr: 0.000100  loss: 0.0096 (0.0101)  loss_CrossEntropy: 0.0096 (0.0101)  time: 1.0513  data: 0.0649  max mem: 17023
Epoch: [65]  [30/95]  eta: 0:01:18  lr: 0.000100  loss: 0.0092 (0.0101)  loss_CrossEntropy: 0.0092 (0.0101)  time: 1.2148  data: 0.2117  max mem: 17023
Epoch: [65]  [40/95]  eta: 0:01:30  lr: 0.000100  loss: 0.0085 (0.0097)  loss_CrossEntropy: 0.0085 (0.0097)  time: 1.6499  data: 0.6621  max mem: 17023
Epoch: [65]  [50/95]  eta: 0:01:06  lr: 0.000100  loss: 0.0090 (0.0099)  loss_CrossEntropy: 0.0090 (0.0099)  time: 1.4814  data: 0.4831  max mem: 17023
Epoch: [65]  [60/95]  eta: 0:00:38  lr: 0.000100  loss: 0.0091 (0.0098)  loss_CrossEntropy: 0.0091 (0.0098)  time: 1.0896  data: 0.0938  max mem: 17023
Epoch: [65]  [70/95]  eta: 0:00:33  lr: 0.000100  loss: 0.0096 (0.0099)  loss_CrossEntropy: 0.0096 (0.0099)  time: 1.3383  data: 0.3377  max mem: 17023
Epoch: [65]  [80/95]  eta: 0:00:19  lr: 0.000100  loss: 0.0108 (0.0100)  loss_CrossEntropy: 0.0108 (0.0100)  time: 1.2676  data: 0.2818  max mem: 17023
Epoch: [65]  [90/95]  eta: 0:00:07  lr: 0.000100  loss: 0.0109 (0.0103)  loss_CrossEntropy: 0.0109 (0.0103)  time: 1.5559  data: 0.5566  max mem: 17023
Epoch: [65]  [94/95]  eta: 0:00:01  lr: 0.000100  loss: 0.0109 (0.0104)  loss_CrossEntropy: 0.0109 (0.0104)  time: 1.0679  data: 0.0849  max mem: 17023
Epoch: [65] Total time: 0:02:03 (1.2962 s / it)
Averaged stats: lr: 0.000100  loss: 0.0109 (0.0104)  loss_CrossEntropy: 0.0109 (0.0104)
Test:  [ 0/19]  eta: 0:00:03  loss: 0.9453 (0.9453)  loss_CrossEntropy: 0.9453 (0.9453)  Rv: 0.0000 (0.0000)  Lv: 0.0545 (0.0545)  Myo: 0.6290 (0.6290)  Avg: 0.2278 (0.2278)  time: 0.2058  data: 0.1844  max mem: 17023
Test:  [10/19]  eta: 0:00:01  loss: 1.2985 (1.2643)  loss_CrossEntropy: 1.2985 (1.2643)  Rv: 0.8088 (0.7072)  Lv: 0.1248 (0.1122)  Myo: 0.8431 (0.7952)  Avg: 0.5929 (0.5382)  time: 0.2192  data: 0.1979  max mem: 17023
Test:  [18/19]  eta: 0:00:00  loss: 1.2732 (1.2324)  loss_CrossEntropy: 1.2732 (1.2324)  Rv: 0.6918 (0.6237)  Lv: 0.1139 (0.1068)  Myo: 0.8332 (0.7958)  Avg: 0.5452 (0.5088)  time: 0.0801  data: 0.0626  max mem: 17023
Test: Total time: 0:00:03 (0.1652 s / it)
Averaged stats: loss: 1.2732 (1.2324)  loss_CrossEntropy: 1.2732 (1.2324)  Rv: 0.6918 (0.6237)  Lv: 0.1139 (0.1068)  Myo: 0.8332 (0.7958)  Avg: 0.5452 (0.5088)
dice score: 0.5087536173431497
Update best model!
Update high dice score model!
cutout loss: 0.028292709961533546
original loss: 0.009837877936661243
integrity loss: 0.009708833880722523
invariant loss: 0.02025604248046875
Epoch: [66]  [ 0/95]  eta: 0:02:02  lr: 0.000100  loss: 0.0098 (0.0098)  loss_CrossEntropy: 0.0098 (0.0098)  time: 1.2947  data: 0.3042  max mem: 17023
Epoch: [66]  [10/95]  eta: 0:01:57  lr: 0.000100  loss: 0.0106 (0.0106)  loss_CrossEntropy: 0.0106 (0.0106)  time: 1.3841  data: 0.3936  max mem: 17023
Epoch: [66]  [20/95]  eta: 0:01:45  lr: 0.000100  loss: 0.0104 (0.0102)  loss_CrossEntropy: 0.0104 (0.0102)  time: 1.4127  data: 0.4319  max mem: 17023
Epoch: [66]  [30/95]  eta: 0:01:26  lr: 0.000100  loss: 0.0098 (0.0106)  loss_CrossEntropy: 0.0098 (0.0106)  time: 1.3288  data: 0.3428  max mem: 17023
Epoch: [66]  [40/95]  eta: 0:01:01  lr: 0.000100  loss: 0.0099 (0.0106)  loss_CrossEntropy: 0.0099 (0.0106)  time: 1.1198  data: 0.1377  max mem: 17023
Epoch: [66]  [50/95]  eta: 0:01:04  lr: 0.000100  loss: 0.0115 (0.0111)  loss_CrossEntropy: 0.0115 (0.0111)  time: 1.4300  data: 0.4510  max mem: 17023
Epoch: [66]  [60/95]  eta: 0:00:38  lr: 0.000100  loss: 0.0117 (0.0111)  loss_CrossEntropy: 0.0117 (0.0111)  time: 1.1085  data: 0.0974  max mem: 17023
Epoch: [66]  [70/95]  eta: 0:00:34  lr: 0.000100  loss: 0.0111 (0.0112)  loss_CrossEntropy: 0.0111 (0.0112)  time: 1.3681  data: 0.3616  max mem: 17023
Epoch: [66]  [80/95]  eta: 0:00:20  lr: 0.000100  loss: 0.0094 (0.0111)  loss_CrossEntropy: 0.0094 (0.0111)  time: 1.3865  data: 0.4103  max mem: 17023
Epoch: [66]  [90/95]  eta: 0:00:08  lr: 0.000100  loss: 0.0093 (0.0111)  loss_CrossEntropy: 0.0093 (0.0111)  time: 1.7750  data: 0.7652  max mem: 17023
Epoch: [66]  [94/95]  eta: 0:00:01  lr: 0.000100  loss: 0.0093 (0.0110)  loss_CrossEntropy: 0.0093 (0.0110)  time: 1.5507  data: 0.5375  max mem: 17023
Epoch: [66] Total time: 0:02:04 (1.3117 s / it)
Averaged stats: lr: 0.000100  loss: 0.0093 (0.0110)  loss_CrossEntropy: 0.0093 (0.0110)
Test:  [ 0/19]  eta: 0:00:06  loss: 0.9159 (0.9159)  loss_CrossEntropy: 0.9159 (0.9159)  Rv: 0.0000 (0.0000)  Lv: 0.0663 (0.0663)  Myo: 0.6086 (0.6086)  Avg: 0.2250 (0.2250)  time: 0.3271  data: 0.3064  max mem: 17023
Test:  [10/19]  eta: 0:00:01  loss: 1.5562 (1.4684)  loss_CrossEntropy: 1.5562 (1.4684)  Rv: 0.8198 (0.7249)  Lv: 0.1219 (0.1122)  Myo: 0.8349 (0.7825)  Avg: 0.6148 (0.5398)  time: 0.1837  data: 0.1619  max mem: 17023
Test:  [18/19]  eta: 0:00:00  loss: 1.4349 (1.3966)  loss_CrossEntropy: 1.4349 (1.3966)  Rv: 0.7015 (0.6357)  Lv: 0.1047 (0.1102)  Myo: 0.8229 (0.7812)  Avg: 0.5223 (0.5090)  time: 0.0339  data: 0.0158  max mem: 17023
Test: Total time: 0:00:03 (0.1787 s / it)
Averaged stats: loss: 1.4349 (1.3966)  loss_CrossEntropy: 1.4349 (1.3966)  Rv: 0.7015 (0.6357)  Lv: 0.1047 (0.1102)  Myo: 0.8229 (0.7812)  Avg: 0.5223 (0.5090)
dice score: 0.5089999711827228
Update best model!
Update high dice score model!
cutout loss: 0.007106394041329622
original loss: 0.010405261069536209
integrity loss: 0.009982245974242687
invariant loss: 0.020790332928299904
Epoch: [67]  [ 0/95]  eta: 0:01:55  lr: 0.000100  loss: 0.0104 (0.0104)  loss_CrossEntropy: 0.0104 (0.0104)  time: 1.2173  data: 0.2173  max mem: 17023
Epoch: [67]  [10/95]  eta: 0:01:30  lr: 0.000100  loss: 0.0112 (0.0112)  loss_CrossEntropy: 0.0112 (0.0112)  time: 1.0613  data: 0.0809  max mem: 17023
Epoch: [67]  [20/95]  eta: 0:02:03  lr: 0.000100  loss: 0.0102 (0.0107)  loss_CrossEntropy: 0.0102 (0.0107)  time: 1.6446  data: 0.6308  max mem: 17023
Epoch: [67]  [30/95]  eta: 0:01:28  lr: 0.000100  loss: 0.0102 (0.0110)  loss_CrossEntropy: 0.0102 (0.0110)  time: 1.3588  data: 0.3463  max mem: 17023
Epoch: [67]  [40/95]  eta: 0:00:58  lr: 0.000100  loss: 0.0107 (0.0108)  loss_CrossEntropy: 0.0107 (0.0108)  time: 1.0558  data: 0.0531  max mem: 17023
Epoch: [67]  [50/95]  eta: 0:00:54  lr: 0.000100  loss: 0.0106 (0.0108)  loss_CrossEntropy: 0.0106 (0.0108)  time: 1.2001  data: 0.2230  max mem: 17023
Epoch: [67]  [60/95]  eta: 0:00:57  lr: 0.000100  loss: 0.0110 (0.0111)  loss_CrossEntropy: 0.0110 (0.0111)  time: 1.6458  data: 0.6557  max mem: 17023
Epoch: [67]  [70/95]  eta: 0:00:34  lr: 0.000100  loss: 0.0121 (0.0116)  loss_CrossEntropy: 0.0121 (0.0116)  time: 1.3659  data: 0.3618  max mem: 17023
Epoch: [67]  [80/95]  eta: 0:00:18  lr: 0.000100  loss: 0.0114 (0.0115)  loss_CrossEntropy: 0.0114 (0.0115)  time: 1.2246  data: 0.2434  max mem: 17023
Epoch: [67]  [90/95]  eta: 0:00:07  lr: 0.000100  loss: 0.0116 (0.0116)  loss_CrossEntropy: 0.0116 (0.0116)  time: 1.5057  data: 0.5216  max mem: 17023
Epoch: [67]  [94/95]  eta: 0:00:01  lr: 0.000100  loss: 0.0117 (0.0116)  loss_CrossEntropy: 0.0117 (0.0116)  time: 1.3541  data: 0.3651  max mem: 17023
Epoch: [67] Total time: 0:02:03 (1.2995 s / it)
Averaged stats: lr: 0.000100  loss: 0.0117 (0.0116)  loss_CrossEntropy: 0.0117 (0.0116)
Test:  [ 0/19]  eta: 0:00:06  loss: 0.9556 (0.9556)  loss_CrossEntropy: 0.9556 (0.9556)  Rv: 0.0000 (0.0000)  Lv: 0.0688 (0.0688)  Myo: 0.5754 (0.5754)  Avg: 0.2147 (0.2147)  time: 0.3195  data: 0.2948  max mem: 17023
Test:  [10/19]  eta: 0:00:00  loss: 1.4418 (1.4194)  loss_CrossEntropy: 1.4418 (1.4194)  Rv: 0.7643 (0.6549)  Lv: 0.1262 (0.1140)  Myo: 0.7418 (0.7080)  Avg: 0.5530 (0.4923)  time: 0.0507  data: 0.0247  max mem: 17023
Test:  [18/19]  eta: 0:00:00  loss: 1.3622 (1.3264)  loss_CrossEntropy: 1.3622 (1.3264)  Rv: 0.6423 (0.5869)  Lv: 0.1262 (0.1175)  Myo: 0.7418 (0.7253)  Avg: 0.5117 (0.4766)  time: 0.2604  data: 0.2427  max mem: 17023
Test: Total time: 0:00:04 (0.2228 s / it)
Averaged stats: loss: 1.3622 (1.3264)  loss_CrossEntropy: 1.3622 (1.3264)  Rv: 0.6423 (0.5869)  Lv: 0.1262 (0.1175)  Myo: 0.7418 (0.7253)  Avg: 0.5117 (0.4766)
dice score: 0.47655883901997614
cutout loss: 0.007732373662292957
original loss: 0.0075309788808226585
integrity loss: 0.012403762899339199
invariant loss: 0.01801091991364956
Epoch: [68]  [ 0/95]  eta: 0:01:54  lr: 0.000100  loss: 0.0075 (0.0075)  loss_CrossEntropy: 0.0075 (0.0075)  time: 1.2046  data: 0.2218  max mem: 17023
Epoch: [68]  [10/95]  eta: 0:01:26  lr: 0.000100  loss: 0.0096 (0.0100)  loss_CrossEntropy: 0.0096 (0.0100)  time: 1.0175  data: 0.0321  max mem: 17023
Epoch: [68]  [20/95]  eta: 0:02:02  lr: 0.000100  loss: 0.0112 (0.0116)  loss_CrossEntropy: 0.0112 (0.0116)  time: 1.6330  data: 0.6375  max mem: 17023
Epoch: [68]  [30/95]  eta: 0:01:20  lr: 0.000100  loss: 0.0114 (0.0115)  loss_CrossEntropy: 0.0114 (0.0115)  time: 1.2390  data: 0.2619  max mem: 17023
Epoch: [68]  [40/95]  eta: 0:01:10  lr: 0.000100  loss: 0.0116 (0.0115)  loss_CrossEntropy: 0.0116 (0.0115)  time: 1.2812  data: 0.3054  max mem: 17023
Epoch: [68]  [50/95]  eta: 0:01:01  lr: 0.000100  loss: 0.0109 (0.0113)  loss_CrossEntropy: 0.0109 (0.0113)  time: 1.3694  data: 0.2932  max mem: 17023
Epoch: [68]  [60/95]  eta: 0:00:45  lr: 0.000100  loss: 0.0109 (0.0114)  loss_CrossEntropy: 0.0109 (0.0114)  time: 1.3067  data: 0.3202  max mem: 17023
Epoch: [68]  [70/95]  eta: 0:00:31  lr: 0.000100  loss: 0.0110 (0.0114)  loss_CrossEntropy: 0.0110 (0.0114)  time: 1.2554  data: 0.2485  max mem: 17023
Epoch: [68]  [80/95]  eta: 0:00:16  lr: 0.000100  loss: 0.0109 (0.0113)  loss_CrossEntropy: 0.0109 (0.0113)  time: 1.0744  data: 0.0595  max mem: 17023
Epoch: [68]  [90/95]  eta: 0:00:06  lr: 0.000100  loss: 0.0116 (0.0114)  loss_CrossEntropy: 0.0116 (0.0114)  time: 1.2334  data: 0.2605  max mem: 17023
Epoch: [68]  [94/95]  eta: 0:00:01  lr: 0.000100  loss: 0.0110 (0.0114)  loss_CrossEntropy: 0.0110 (0.0114)  time: 1.1709  data: 0.1367  max mem: 17023
Epoch: [68] Total time: 0:02:02 (1.2904 s / it)
Averaged stats: lr: 0.000100  loss: 0.0110 (0.0114)  loss_CrossEntropy: 0.0110 (0.0114)
Test:  [ 0/19]  eta: 0:00:03  loss: 0.5868 (0.5868)  loss_CrossEntropy: 0.5868 (0.5868)  Rv: 0.0000 (0.0000)  Lv: 0.1945 (0.1945)  Myo: 0.6575 (0.6575)  Avg: 0.2840 (0.2840)  time: 0.1609  data: 0.1325  max mem: 17023
Test:  [10/19]  eta: 0:00:02  loss: 0.6828 (0.7505)  loss_CrossEntropy: 0.6828 (0.7505)  Rv: 0.7181 (0.6884)  Lv: 0.2901 (0.3020)  Myo: 0.8470 (0.8174)  Avg: 0.6652 (0.6026)  time: 0.2466  data: 0.2255  max mem: 17023
Test:  [18/19]  eta: 0:00:00  loss: 0.7245 (0.7856)  loss_CrossEntropy: 0.7245 (0.7856)  Rv: 0.6327 (0.6054)  Lv: 0.2269 (0.2635)  Myo: 0.8254 (0.8161)  Avg: 0.5913 (0.5616)  time: 0.2054  data: 0.1880  max mem: 17023
Test: Total time: 0:00:03 (0.1949 s / it)
Averaged stats: loss: 0.7245 (0.7856)  loss_CrossEntropy: 0.7245 (0.7856)  Rv: 0.6327 (0.6054)  Lv: 0.2269 (0.2635)  Myo: 0.8254 (0.8161)  Avg: 0.5913 (0.5616)
dice score: 0.5616426075759687
Update best model!
Update high dice score model!
cutout loss: 0.014885875396430492
original loss: 0.007654275745153427
integrity loss: 0.011753273196518421
invariant loss: 0.017175747081637383
Epoch: [69]  [ 0/95]  eta: 0:01:37  lr: 0.000100  loss: 0.0077 (0.0077)  loss_CrossEntropy: 0.0077 (0.0077)  time: 1.0313  data: 0.0389  max mem: 17023
Epoch: [69]  [10/95]  eta: 0:01:37  lr: 0.000100  loss: 0.0108 (0.0108)  loss_CrossEntropy: 0.0108 (0.0108)  time: 1.1525  data: 0.0973  max mem: 17023
Epoch: [69]  [20/95]  eta: 0:01:46  lr: 0.000100  loss: 0.0108 (0.0111)  loss_CrossEntropy: 0.0108 (0.0111)  time: 1.4248  data: 0.4416  max mem: 17023
Epoch: [69]  [30/95]  eta: 0:01:09  lr: 0.000100  loss: 0.0113 (0.0122)  loss_CrossEntropy: 0.0113 (0.0122)  time: 1.0719  data: 0.0834  max mem: 17023
Epoch: [69]  [40/95]  eta: 0:01:13  lr: 0.000100  loss: 0.0120 (0.0124)  loss_CrossEntropy: 0.0120 (0.0124)  time: 1.3446  data: 0.3616  max mem: 17023
Epoch: [69]  [50/95]  eta: 0:01:13  lr: 0.000100  loss: 0.0118 (0.0123)  loss_CrossEntropy: 0.0118 (0.0123)  time: 1.6440  data: 0.6584  max mem: 17023
Epoch: [69]  [60/95]  eta: 0:00:46  lr: 0.000100  loss: 0.0105 (0.0119)  loss_CrossEntropy: 0.0105 (0.0119)  time: 1.3252  data: 0.3481  max mem: 17023
Epoch: [69]  [70/95]  eta: 0:00:42  lr: 0.000100  loss: 0.0111 (0.0118)  loss_CrossEntropy: 0.0111 (0.0118)  time: 1.6964  data: 0.6841  max mem: 17023
Epoch: [69]  [80/95]  eta: 0:00:18  lr: 0.000100  loss: 0.0111 (0.0117)  loss_CrossEntropy: 0.0111 (0.0117)  time: 1.2010  data: 0.2184  max mem: 17023
Epoch: [69]  [90/95]  eta: 0:00:07  lr: 0.000100  loss: 0.0105 (0.0116)  loss_CrossEntropy: 0.0105 (0.0116)  time: 1.4816  data: 0.4990  max mem: 17023
Epoch: [69]  [94/95]  eta: 0:00:01  lr: 0.000100  loss: 0.0102 (0.0115)  loss_CrossEntropy: 0.0102 (0.0115)  time: 1.0537  data: 0.0326  max mem: 17023
Epoch: [69] Total time: 0:02:04 (1.3132 s / it)
Averaged stats: lr: 0.000100  loss: 0.0102 (0.0115)  loss_CrossEntropy: 0.0102 (0.0115)
Test:  [ 0/19]  eta: 0:00:05  loss: 0.7031 (0.7031)  loss_CrossEntropy: 0.7031 (0.7031)  Rv: 0.0000 (0.0000)  Lv: 0.1340 (0.1340)  Myo: 0.5866 (0.5866)  Avg: 0.2402 (0.2402)  time: 0.2685  data: 0.2477  max mem: 17023
Test:  [10/19]  eta: 0:00:00  loss: 1.0108 (0.9936)  loss_CrossEntropy: 1.0108 (0.9936)  Rv: 0.7721 (0.6581)  Lv: 0.1879 (0.1998)  Myo: 0.8171 (0.7556)  Avg: 0.6259 (0.5378)  time: 0.0447  data: 0.0237  max mem: 17023
Test:  [18/19]  eta: 0:00:00  loss: 1.0108 (1.0123)  loss_CrossEntropy: 1.0108 (1.0123)  Rv: 0.5986 (0.5820)  Lv: 0.1796 (0.1816)  Myo: 0.8068 (0.7607)  Avg: 0.5575 (0.5081)  time: 0.0393  data: 0.0217  max mem: 17023
Test: Total time: 0:00:03 (0.2093 s / it)
Averaged stats: loss: 1.0108 (1.0123)  loss_CrossEntropy: 1.0108 (1.0123)  Rv: 0.5986 (0.5820)  Lv: 0.1796 (0.1816)  Myo: 0.8068 (0.7607)  Avg: 0.5575 (0.5081)
dice score: 0.5080932559151399
Update high dice score model!
cutout loss: 0.005309917964041233
original loss: 0.005685139447450638
integrity loss: 0.009246313944458961
invariant loss: 0.013766556978225708
Epoch: [70]  [ 0/95]  eta: 0:02:09  lr: 0.000100  loss: 0.0057 (0.0057)  loss_CrossEntropy: 0.0057 (0.0057)  time: 1.3613  data: 0.3820  max mem: 17023
Epoch: [70]  [10/95]  eta: 0:01:46  lr: 0.000100  loss: 0.0094 (0.0101)  loss_CrossEntropy: 0.0094 (0.0101)  time: 1.2541  data: 0.2218  max mem: 17023
Epoch: [70]  [20/95]  eta: 0:01:23  lr: 0.000100  loss: 0.0102 (0.0106)  loss_CrossEntropy: 0.0102 (0.0106)  time: 1.1073  data: 0.1328  max mem: 17023
Epoch: [70]  [30/95]  eta: 0:01:35  lr: 0.000100  loss: 0.0107 (0.0110)  loss_CrossEntropy: 0.0107 (0.0110)  time: 1.4715  data: 0.4730  max mem: 17023
Epoch: [70]  [40/95]  eta: 0:00:58  lr: 0.000100  loss: 0.0107 (0.0109)  loss_CrossEntropy: 0.0107 (0.0109)  time: 1.0725  data: 0.0810  max mem: 17023
Epoch: [70]  [50/95]  eta: 0:01:10  lr: 0.000100  loss: 0.0107 (0.0110)  loss_CrossEntropy: 0.0107 (0.0110)  time: 1.5568  data: 0.5796  max mem: 17023
Epoch: [70]  [60/95]  eta: 0:00:55  lr: 0.000100  loss: 0.0124 (0.0115)  loss_CrossEntropy: 0.0124 (0.0115)  time: 1.5732  data: 0.5969  max mem: 17023
Epoch: [70]  [70/95]  eta: 0:00:30  lr: 0.000100  loss: 0.0137 (0.0118)  loss_CrossEntropy: 0.0137 (0.0118)  time: 1.2294  data: 0.2585  max mem: 17023
Epoch: [70]  [80/95]  eta: 0:00:23  lr: 0.000100  loss: 0.0139 (0.0122)  loss_CrossEntropy: 0.0139 (0.0122)  time: 1.5568  data: 0.5845  max mem: 17023
Epoch: [70]  [90/95]  eta: 0:00:06  lr: 0.000100  loss: 0.0126 (0.0122)  loss_CrossEntropy: 0.0126 (0.0122)  time: 1.3897  data: 0.3660  max mem: 17023
Epoch: [70]  [94/95]  eta: 0:00:01  lr: 0.000100  loss: 0.0128 (0.0123)  loss_CrossEntropy: 0.0128 (0.0123)  time: 1.3686  data: 0.3800  max mem: 17023
Epoch: [70] Total time: 0:02:05 (1.3164 s / it)
Averaged stats: lr: 0.000100  loss: 0.0128 (0.0123)  loss_CrossEntropy: 0.0128 (0.0123)
Test:  [ 0/19]  eta: 0:00:07  loss: 0.6471 (0.6471)  loss_CrossEntropy: 0.6471 (0.6471)  Rv: 0.0000 (0.0000)  Lv: 0.1687 (0.1687)  Myo: 0.5518 (0.5518)  Avg: 0.2402 (0.2402)  time: 0.3693  data: 0.3485  max mem: 17023
Test:  [10/19]  eta: 0:00:01  loss: 0.6493 (0.7841)  loss_CrossEntropy: 0.6493 (0.7841)  Rv: 0.8540 (0.7126)  Lv: 0.2935 (0.3132)  Myo: 0.8347 (0.8167)  Avg: 0.6633 (0.6142)  time: 0.1509  data: 0.1294  max mem: 17023
Test:  [18/19]  eta: 0:00:00  loss: 0.8169 (0.8220)  loss_CrossEntropy: 0.8169 (0.8220)  Rv: 0.6857 (0.6269)  Lv: 0.2211 (0.2658)  Myo: 0.8254 (0.8077)  Avg: 0.5933 (0.5668)  time: 0.0380  data: 0.0201  max mem: 17023
Test: Total time: 0:00:03 (0.1938 s / it)
Averaged stats: loss: 0.8169 (0.8220)  loss_CrossEntropy: 0.8169 (0.8220)  Rv: 0.6857 (0.6269)  Lv: 0.2211 (0.2658)  Myo: 0.8254 (0.8077)  Avg: 0.5933 (0.5668)
dice score: 0.5667799664171118
Update best model!
Update high dice score model!
cutout loss: 0.009983149357140064
original loss: 0.008055131882429123
integrity loss: 0.010919839143753052
invariant loss: 0.016537105664610863
Epoch: [71]  [ 0/95]  eta: 0:01:44  lr: 0.000100  loss: 0.0081 (0.0081)  loss_CrossEntropy: 0.0081 (0.0081)  time: 1.0955  data: 0.1075  max mem: 17023
Epoch: [71]  [10/95]  eta: 0:01:37  lr: 0.000100  loss: 0.0122 (0.0119)  loss_CrossEntropy: 0.0122 (0.0119)  time: 1.1498  data: 0.1686  max mem: 17023
Epoch: [71]  [20/95]  eta: 0:01:31  lr: 0.000100  loss: 0.0122 (0.0116)  loss_CrossEntropy: 0.0122 (0.0116)  time: 1.2156  data: 0.2162  max mem: 17023
Epoch: [71]  [30/95]  eta: 0:01:38  lr: 0.000100  loss: 0.0117 (0.0118)  loss_CrossEntropy: 0.0117 (0.0118)  time: 1.5181  data: 0.5344  max mem: 17023
Epoch: [71]  [40/95]  eta: 0:01:08  lr: 0.000100  loss: 0.0117 (0.0116)  loss_CrossEntropy: 0.0117 (0.0116)  time: 1.2414  data: 0.2679  max mem: 17023
Epoch: [71]  [50/95]  eta: 0:00:56  lr: 0.000100  loss: 0.0108 (0.0116)  loss_CrossEntropy: 0.0108 (0.0116)  time: 1.2468  data: 0.2703  max mem: 17023
Epoch: [71]  [60/95]  eta: 0:00:48  lr: 0.000100  loss: 0.0100 (0.0114)  loss_CrossEntropy: 0.0100 (0.0114)  time: 1.3724  data: 0.3859  max mem: 17023
Epoch: [71]  [70/95]  eta: 0:00:36  lr: 0.000100  loss: 0.0112 (0.0115)  loss_CrossEntropy: 0.0112 (0.0115)  time: 1.4738  data: 0.4723  max mem: 17023
Epoch: [71]  [80/95]  eta: 0:00:16  lr: 0.000100  loss: 0.0120 (0.0117)  loss_CrossEntropy: 0.0120 (0.0117)  time: 1.1074  data: 0.1306  max mem: 17023
Epoch: [71]  [90/95]  eta: 0:00:05  lr: 0.000100  loss: 0.0102 (0.0115)  loss_CrossEntropy: 0.0102 (0.0115)  time: 1.1652  data: 0.1798  max mem: 17023
Epoch: [71]  [94/95]  eta: 0:00:01  lr: 0.000100  loss: 0.0110 (0.0114)  loss_CrossEntropy: 0.0110 (0.0114)  time: 1.3508  data: 0.3631  max mem: 17023
Epoch: [71] Total time: 0:02:03 (1.2951 s / it)
Averaged stats: lr: 0.000100  loss: 0.0110 (0.0114)  loss_CrossEntropy: 0.0110 (0.0114)
Test:  [ 0/19]  eta: 0:00:04  loss: 0.8535 (0.8535)  loss_CrossEntropy: 0.8535 (0.8535)  Rv: 0.0000 (0.0000)  Lv: 0.1169 (0.1169)  Myo: 0.6312 (0.6312)  Avg: 0.2494 (0.2494)  time: 0.2562  data: 0.2348  max mem: 17023
Test:  [10/19]  eta: 0:00:02  loss: 1.2416 (1.2782)  loss_CrossEntropy: 1.2416 (1.2782)  Rv: 0.7796 (0.7092)  Lv: 0.1756 (0.1726)  Myo: 0.8677 (0.8032)  Avg: 0.6313 (0.5617)  time: 0.3086  data: 0.2871  max mem: 17023
Test:  [18/19]  eta: 0:00:00  loss: 1.2916 (1.3117)  loss_CrossEntropy: 1.2916 (1.3117)  Rv: 0.6764 (0.6198)  Lv: 0.1514 (0.1534)  Myo: 0.8630 (0.8052)  Avg: 0.5589 (0.5261)  time: 0.2546  data: 0.2202  max mem: 17023
Test: Total time: 0:00:03 (0.1676 s / it)
Averaged stats: loss: 1.2916 (1.3117)  loss_CrossEntropy: 1.2916 (1.3117)  Rv: 0.6764 (0.6198)  Lv: 0.1514 (0.1534)  Myo: 0.8630 (0.8052)  Avg: 0.5589 (0.5261)
dice score: 0.5261260427926716
Update high dice score model!
cutout loss: 0.013430469669401646
original loss: 0.014153893105685711
integrity loss: 0.012454479932785034
invariant loss: 0.012773615308105946
Epoch: [72]  [ 0/95]  eta: 0:01:51  lr: 0.000100  loss: 0.0142 (0.0142)  loss_CrossEntropy: 0.0142 (0.0142)  time: 1.1704  data: 0.1909  max mem: 17023
Epoch: [72]  [10/95]  eta: 0:02:06  lr: 0.000100  loss: 0.0096 (0.0111)  loss_CrossEntropy: 0.0096 (0.0111)  time: 1.4846  data: 0.5024  max mem: 17023
Epoch: [72]  [20/95]  eta: 0:01:28  lr: 0.000100  loss: 0.0093 (0.0101)  loss_CrossEntropy: 0.0093 (0.0101)  time: 1.1785  data: 0.2037  max mem: 17023
Epoch: [72]  [30/95]  eta: 0:01:21  lr: 0.000100  loss: 0.0103 (0.0107)  loss_CrossEntropy: 0.0103 (0.0107)  time: 1.2546  data: 0.2760  max mem: 17023
Epoch: [72]  [40/95]  eta: 0:01:19  lr: 0.000100  loss: 0.0115 (0.0109)  loss_CrossEntropy: 0.0115 (0.0109)  time: 1.4513  data: 0.4689  max mem: 17023
Epoch: [72]  [50/95]  eta: 0:00:59  lr: 0.000100  loss: 0.0106 (0.0107)  loss_CrossEntropy: 0.0106 (0.0107)  time: 1.3225  data: 0.3294  max mem: 17023
Epoch: [72]  [60/95]  eta: 0:00:56  lr: 0.000100  loss: 0.0106 (0.0107)  loss_CrossEntropy: 0.0106 (0.0107)  time: 1.6270  data: 0.6296  max mem: 17023
Epoch: [72]  [70/95]  eta: 0:00:40  lr: 0.000100  loss: 0.0109 (0.0108)  loss_CrossEntropy: 0.0109 (0.0108)  time: 1.6288  data: 0.6373  max mem: 17023
Epoch: [72]  [80/95]  eta: 0:00:18  lr: 0.000100  loss: 0.0104 (0.0108)  loss_CrossEntropy: 0.0104 (0.0108)  time: 1.2577  data: 0.2726  max mem: 17023
Epoch: [72]  [90/95]  eta: 0:00:05  lr: 0.000100  loss: 0.0116 (0.0110)  loss_CrossEntropy: 0.0116 (0.0110)  time: 1.1647  data: 0.1768  max mem: 17023
Epoch: [72]  [94/95]  eta: 0:00:01  lr: 0.000100  loss: 0.0120 (0.0111)  loss_CrossEntropy: 0.0120 (0.0111)  time: 1.2852  data: 0.3110  max mem: 17023
Epoch: [72] Total time: 0:02:06 (1.3295 s / it)
Averaged stats: lr: 0.000100  loss: 0.0120 (0.0111)  loss_CrossEntropy: 0.0120 (0.0111)
Test:  [ 0/19]  eta: 0:00:00  loss: 0.6095 (0.6095)  loss_CrossEntropy: 0.6095 (0.6095)  Rv: 0.0000 (0.0000)  Lv: 0.2403 (0.2403)  Myo: 0.6434 (0.6434)  Avg: 0.2946 (0.2946)  time: 0.0512  data: 0.0307  max mem: 17023
Test:  [10/19]  eta: 0:00:01  loss: 0.7849 (0.8742)  loss_CrossEntropy: 0.7849 (0.8742)  Rv: 0.8268 (0.7011)  Lv: 0.2698 (0.3182)  Myo: 0.8209 (0.7902)  Avg: 0.6656 (0.6032)  time: 0.1907  data: 0.1689  max mem: 17023
Test:  [18/19]  eta: 0:00:00  loss: 0.8017 (0.8918)  loss_CrossEntropy: 0.8017 (0.8918)  Rv: 0.6605 (0.6245)  Lv: 0.2623 (0.2876)  Myo: 0.8209 (0.8047)  Avg: 0.5553 (0.5722)  time: 0.0361  data: 0.0182  max mem: 17023
Test: Total time: 0:00:02 (0.1305 s / it)
Averaged stats: loss: 0.8017 (0.8918)  loss_CrossEntropy: 0.8017 (0.8918)  Rv: 0.6605 (0.6245)  Lv: 0.2623 (0.2876)  Myo: 0.8209 (0.8047)  Avg: 0.5553 (0.5722)
dice score: 0.5722245072063646
Update best model!
Update high dice score model!
cutout loss: 0.020286891609430313
original loss: 0.013558181002736092
integrity loss: 0.01240462064743042
invariant loss: 0.017608076333999634
Epoch: [73]  [ 0/95]  eta: 0:02:18  lr: 0.000100  loss: 0.0136 (0.0136)  loss_CrossEntropy: 0.0136 (0.0136)  time: 1.4594  data: 0.4666  max mem: 17023
Epoch: [73]  [10/95]  eta: 0:01:58  lr: 0.000100  loss: 0.0103 (0.0114)  loss_CrossEntropy: 0.0103 (0.0114)  time: 1.3948  data: 0.4134  max mem: 17023
Epoch: [73]  [20/95]  eta: 0:01:33  lr: 0.000100  loss: 0.0110 (0.0116)  loss_CrossEntropy: 0.0110 (0.0116)  time: 1.2414  data: 0.2543  max mem: 17023
Epoch: [73]  [30/95]  eta: 0:01:18  lr: 0.000100  loss: 0.0115 (0.0115)  loss_CrossEntropy: 0.0115 (0.0115)  time: 1.2024  data: 0.2232  max mem: 17023
Epoch: [73]  [40/95]  eta: 0:00:55  lr: 0.000100  loss: 0.0106 (0.0117)  loss_CrossEntropy: 0.0106 (0.0117)  time: 1.0029  data: 0.0280  max mem: 17023
Epoch: [73]  [50/95]  eta: 0:00:48  lr: 0.000100  loss: 0.0119 (0.0118)  loss_CrossEntropy: 0.0119 (0.0118)  time: 1.0821  data: 0.0742  max mem: 17023
Epoch: [73]  [60/95]  eta: 0:00:38  lr: 0.000100  loss: 0.0115 (0.0115)  loss_CrossEntropy: 0.0115 (0.0115)  time: 1.1095  data: 0.1347  max mem: 17023
Epoch: [73]  [70/95]  eta: 0:00:26  lr: 0.000100  loss: 0.0110 (0.0115)  loss_CrossEntropy: 0.0110 (0.0115)  time: 1.0706  data: 0.0486  max mem: 17023
Epoch: [73]  [80/95]  eta: 0:00:18  lr: 0.000100  loss: 0.0103 (0.0114)  loss_CrossEntropy: 0.0103 (0.0114)  time: 1.2051  data: 0.2335  max mem: 17023
Epoch: [73]  [90/95]  eta: 0:00:05  lr: 0.000100  loss: 0.0101 (0.0113)  loss_CrossEntropy: 0.0101 (0.0113)  time: 1.1225  data: 0.1472  max mem: 17023
Epoch: [73]  [94/95]  eta: 0:00:01  lr: 0.000100  loss: 0.0101 (0.0112)  loss_CrossEntropy: 0.0101 (0.0112)  time: 1.2255  data: 0.2449  max mem: 17023
Epoch: [73] Total time: 0:02:05 (1.3211 s / it)
Averaged stats: lr: 0.000100  loss: 0.0101 (0.0112)  loss_CrossEntropy: 0.0101 (0.0112)
Test:  [ 0/19]  eta: 0:00:00  loss: 0.6229 (0.6229)  loss_CrossEntropy: 0.6229 (0.6229)  Rv: 0.0000 (0.0000)  Lv: 0.2085 (0.2085)  Myo: 0.6411 (0.6411)  Avg: 0.2832 (0.2832)  time: 0.0521  data: 0.0316  max mem: 17023
Test:  [10/19]  eta: 0:00:00  loss: 0.8938 (0.9460)  loss_CrossEntropy: 0.8938 (0.9460)  Rv: 0.8741 (0.7343)  Lv: 0.2330 (0.2448)  Myo: 0.8321 (0.8012)  Avg: 0.6564 (0.5934)  time: 0.0414  data: 0.0199  max mem: 17023
Test:  [18/19]  eta: 0:00:00  loss: 0.9933 (1.0526)  loss_CrossEntropy: 0.9933 (1.0526)  Rv: 0.6882 (0.6469)  Lv: 0.1784 (0.2024)  Myo: 0.8168 (0.7927)  Avg: 0.5724 (0.5473)  time: 0.0323  data: 0.0152  max mem: 17023
Test: Total time: 0:00:02 (0.1389 s / it)
Averaged stats: loss: 0.9933 (1.0526)  loss_CrossEntropy: 0.9933 (1.0526)  Rv: 0.6882 (0.6469)  Lv: 0.1784 (0.2024)  Myo: 0.8168 (0.7927)  Avg: 0.5724 (0.5473)
dice score: 0.5473063164635709
Update high dice score model!
cutout loss: 0.01903683692216873
original loss: 0.01115458644926548
integrity loss: 0.01013675332069397
invariant loss: 0.01816924288868904
Epoch: [74]  [ 0/95]  eta: 0:01:37  lr: 0.000100  loss: 0.0112 (0.0112)  loss_CrossEntropy: 0.0112 (0.0112)  time: 1.0249  data: 0.0482  max mem: 17023
Epoch: [74]  [10/95]  eta: 0:01:56  lr: 0.000100  loss: 0.0096 (0.0104)  loss_CrossEntropy: 0.0096 (0.0104)  time: 1.3656  data: 0.3819  max mem: 17023
Epoch: [74]  [20/95]  eta: 0:01:16  lr: 0.000100  loss: 0.0098 (0.0103)  loss_CrossEntropy: 0.0098 (0.0103)  time: 1.0201  data: 0.0336  max mem: 17023
Epoch: [74]  [30/95]  eta: 0:01:36  lr: 0.000100  loss: 0.0093 (0.0095)  loss_CrossEntropy: 0.0093 (0.0095)  time: 1.4921  data: 0.4874  max mem: 17023
Epoch: [74]  [40/95]  eta: 0:01:06  lr: 0.000100  loss: 0.0085 (0.0095)  loss_CrossEntropy: 0.0085 (0.0095)  time: 1.2078  data: 0.2127  max mem: 17023
Epoch: [74]  [50/95]  eta: 0:00:58  lr: 0.000100  loss: 0.0104 (0.0099)  loss_CrossEntropy: 0.0104 (0.0099)  time: 1.3097  data: 0.3190  max mem: 17023
Epoch: [74]  [60/95]  eta: 0:00:53  lr: 0.000100  loss: 0.0110 (0.0102)  loss_CrossEntropy: 0.0110 (0.0102)  time: 1.5302  data: 0.5431  max mem: 17023
Epoch: [74]  [70/95]  eta: 0:00:36  lr: 0.000100  loss: 0.0117 (0.0106)  loss_CrossEntropy: 0.0117 (0.0106)  time: 1.4712  data: 0.4862  max mem: 17023
Epoch: [74]  [80/95]  eta: 0:00:20  lr: 0.000100  loss: 0.0111 (0.0106)  loss_CrossEntropy: 0.0111 (0.0106)  time: 1.3445  data: 0.3487  max mem: 17023
Epoch: [74]  [90/95]  eta: 0:00:08  lr: 0.000100  loss: 0.0096 (0.0106)  loss_CrossEntropy: 0.0096 (0.0106)  time: 1.7195  data: 0.7309  max mem: 17023
Epoch: [74]  [94/95]  eta: 0:00:01  lr: 0.000100  loss: 0.0093 (0.0106)  loss_CrossEntropy: 0.0093 (0.0106)  time: 1.2081  data: 0.2371  max mem: 17023
Epoch: [74] Total time: 0:02:03 (1.2990 s / it)
Averaged stats: lr: 0.000100  loss: 0.0093 (0.0106)  loss_CrossEntropy: 0.0093 (0.0106)
Test:  [ 0/19]  eta: 0:00:01  loss: 0.6611 (0.6611)  loss_CrossEntropy: 0.6611 (0.6611)  Rv: 0.0000 (0.0000)  Lv: 0.1544 (0.1544)  Myo: 0.5374 (0.5374)  Avg: 0.2306 (0.2306)  time: 0.0556  data: 0.0350  max mem: 17023
Test:  [10/19]  eta: 0:00:00  loss: 0.9235 (0.9559)  loss_CrossEntropy: 0.9235 (0.9559)  Rv: 0.8468 (0.7222)  Lv: 0.2586 (0.2651)  Myo: 0.8249 (0.7671)  Avg: 0.6560 (0.5848)  time: 0.1055  data: 0.0854  max mem: 17023
Test:  [18/19]  eta: 0:00:00  loss: 1.0089 (1.0188)  loss_CrossEntropy: 1.0089 (1.0188)  Rv: 0.6416 (0.6297)  Lv: 0.1930 (0.2230)  Myo: 0.8194 (0.7706)  Avg: 0.5449 (0.5411)  time: 0.0361  data: 0.0186  max mem: 17023
Test: Total time: 0:00:03 (0.1608 s / it)
Averaged stats: loss: 1.0089 (1.0188)  loss_CrossEntropy: 1.0089 (1.0188)  Rv: 0.6416 (0.6297)  Lv: 0.1930 (0.2230)  Myo: 0.8194 (0.7706)  Avg: 0.5449 (0.5411)
dice score: 0.5411101509081689
Update high dice score model!
cutout loss: 0.01831158623099327
original loss: 0.015286410227417946
integrity loss: 0.008956682868301868
invariant loss: 0.012330526486039162
Epoch: [75]  [ 0/95]  eta: 0:01:40  lr: 0.000100  loss: 0.0153 (0.0153)  loss_CrossEntropy: 0.0153 (0.0153)  time: 1.0552  data: 0.0678  max mem: 17023
Epoch: [75]  [10/95]  eta: 0:01:58  lr: 0.000100  loss: 0.0089 (0.0108)  loss_CrossEntropy: 0.0089 (0.0108)  time: 1.3913  data: 0.3844  max mem: 17023
Epoch: [75]  [20/95]  eta: 0:01:29  lr: 0.000100  loss: 0.0093 (0.0105)  loss_CrossEntropy: 0.0093 (0.0105)  time: 1.1944  data: 0.2100  max mem: 17023
Epoch: [75]  [30/95]  eta: 0:01:11  lr: 0.000100  loss: 0.0104 (0.0104)  loss_CrossEntropy: 0.0104 (0.0104)  time: 1.0943  data: 0.0627  max mem: 17023
Epoch: [75]  [40/95]  eta: 0:01:02  lr: 0.000100  loss: 0.0103 (0.0104)  loss_CrossEntropy: 0.0103 (0.0104)  time: 1.1278  data: 0.1409  max mem: 17023
Epoch: [75]  [50/95]  eta: 0:00:49  lr: 0.000100  loss: 0.0105 (0.0107)  loss_CrossEntropy: 0.0105 (0.0107)  time: 1.1041  data: 0.0434  max mem: 17023
Epoch: [75]  [60/95]  eta: 0:00:46  lr: 0.000100  loss: 0.0119 (0.0108)  loss_CrossEntropy: 0.0119 (0.0108)  time: 1.3257  data: 0.3352  max mem: 17023
Epoch: [75]  [70/95]  eta: 0:00:31  lr: 0.000100  loss: 0.0093 (0.0107)  loss_CrossEntropy: 0.0093 (0.0107)  time: 1.2645  data: 0.2791  max mem: 17023
Epoch: [75]  [80/95]  eta: 0:00:20  lr: 0.000100  loss: 0.0091 (0.0107)  loss_CrossEntropy: 0.0091 (0.0107)  time: 1.3610  data: 0.3818  max mem: 17023
Epoch: [75]  [90/95]  eta: 0:00:07  lr: 0.000100  loss: 0.0100 (0.0108)  loss_CrossEntropy: 0.0100 (0.0108)  time: 1.4405  data: 0.4460  max mem: 17023
Epoch: [75]  [94/95]  eta: 0:00:01  lr: 0.000100  loss: 0.0093 (0.0107)  loss_CrossEntropy: 0.0093 (0.0107)  time: 1.3478  data: 0.3388  max mem: 17023
Epoch: [75] Total time: 0:02:01 (1.2817 s / it)
Averaged stats: lr: 0.000100  loss: 0.0093 (0.0107)  loss_CrossEntropy: 0.0093 (0.0107)
Test:  [ 0/19]  eta: 0:00:04  loss: 0.5060 (0.5060)  loss_CrossEntropy: 0.5060 (0.5060)  Rv: 0.0000 (0.0000)  Lv: 0.1825 (0.1825)  Myo: 0.5587 (0.5587)  Avg: 0.2471 (0.2471)  time: 0.2297  data: 0.2091  max mem: 17023
Test:  [10/19]  eta: 0:00:00  loss: 0.8715 (0.9945)  loss_CrossEntropy: 0.8715 (0.9945)  Rv: 0.8100 (0.6958)  Lv: 0.2399 (0.2462)  Myo: 0.8257 (0.7724)  Avg: 0.6339 (0.5715)  time: 0.0452  data: 0.0240  max mem: 17023
Test:  [18/19]  eta: 0:00:00  loss: 1.1104 (1.1076)  loss_CrossEntropy: 1.1104 (1.1076)  Rv: 0.6456 (0.6097)  Lv: 0.1730 (0.2042)  Myo: 0.8120 (0.7813)  Avg: 0.5265 (0.5317)  time: 0.0788  data: 0.0589  max mem: 17023
Test: Total time: 0:00:03 (0.1755 s / it)
Averaged stats: loss: 1.1104 (1.1076)  loss_CrossEntropy: 1.1104 (1.1076)  Rv: 0.6456 (0.6097)  Lv: 0.1730 (0.2042)  Myo: 0.8120 (0.7813)  Avg: 0.5265 (0.5317)
dice score: 0.5317094694626959
Update high dice score model!
cutout loss: 0.01255598571151495
original loss: 0.006478713359683752
integrity loss: 0.009313440881669521
invariant loss: 0.014130902476608753
Epoch: [76]  [ 0/95]  eta: 0:02:00  lr: 0.000100  loss: 0.0065 (0.0065)  loss_CrossEntropy: 0.0065 (0.0065)  time: 1.2736  data: 0.2954  max mem: 17023
Epoch: [76]  [10/95]  eta: 0:01:56  lr: 0.000100  loss: 0.0104 (0.0108)  loss_CrossEntropy: 0.0104 (0.0108)  time: 1.3710  data: 0.3881  max mem: 17023
Epoch: [76]  [20/95]  eta: 0:01:15  lr: 0.000100  loss: 0.0104 (0.0105)  loss_CrossEntropy: 0.0104 (0.0105)  time: 1.0098  data: 0.0317  max mem: 17023
Epoch: [76]  [30/95]  eta: 0:01:29  lr: 0.000100  loss: 0.0094 (0.0103)  loss_CrossEntropy: 0.0094 (0.0103)  time: 1.3839  data: 0.3984  max mem: 17023
Epoch: [76]  [40/95]  eta: 0:00:56  lr: 0.000100  loss: 0.0100 (0.0102)  loss_CrossEntropy: 0.0100 (0.0102)  time: 1.0312  data: 0.0379  max mem: 17023
Epoch: [76]  [50/95]  eta: 0:00:48  lr: 0.000100  loss: 0.0102 (0.0104)  loss_CrossEntropy: 0.0102 (0.0104)  time: 1.0669  data: 0.0651  max mem: 17023
Epoch: [76]  [60/95]  eta: 0:01:07  lr: 0.000100  loss: 0.0098 (0.0105)  loss_CrossEntropy: 0.0098 (0.0105)  time: 1.9345  data: 0.9213  max mem: 17023
Epoch: [76]  [70/95]  eta: 0:00:37  lr: 0.000100  loss: 0.0098 (0.0105)  loss_CrossEntropy: 0.0098 (0.0105)  time: 1.4862  data: 0.5117  max mem: 17023
Epoch: [76]  [80/95]  eta: 0:00:24  lr: 0.000100  loss: 0.0102 (0.0107)  loss_CrossEntropy: 0.0102 (0.0107)  time: 1.6266  data: 0.6533  max mem: 17023
Epoch: [76]  [90/95]  eta: 0:00:05  lr: 0.000100  loss: 0.0117 (0.0109)  loss_CrossEntropy: 0.0117 (0.0109)  time: 1.0365  data: 0.0333  max mem: 17023
Epoch: [76]  [94/95]  eta: 0:00:01  lr: 0.000100  loss: 0.0121 (0.0112)  loss_CrossEntropy: 0.0121 (0.0112)  time: 1.3355  data: 0.3393  max mem: 17023
Epoch: [76] Total time: 0:02:06 (1.3285 s / it)
Averaged stats: lr: 0.000100  loss: 0.0121 (0.0112)  loss_CrossEntropy: 0.0121 (0.0112)
Test:  [ 0/19]  eta: 0:00:01  loss: 0.5544 (0.5544)  loss_CrossEntropy: 0.5544 (0.5544)  Rv: 0.0000 (0.0000)  Lv: 0.2524 (0.2524)  Myo: 0.6329 (0.6329)  Avg: 0.2951 (0.2951)  time: 0.0810  data: 0.0605  max mem: 17023
Test:  [10/19]  eta: 0:00:02  loss: 0.7969 (0.8193)  loss_CrossEntropy: 0.7969 (0.8193)  Rv: 0.6767 (0.6515)  Lv: 0.2977 (0.3795)  Myo: 0.8306 (0.7812)  Avg: 0.6236 (0.6041)  time: 0.3042  data: 0.2829  max mem: 17023
Test:  [18/19]  eta: 0:00:00  loss: 0.7969 (0.8293)  loss_CrossEntropy: 0.7969 (0.8293)  Rv: 0.5621 (0.5487)  Lv: 0.2974 (0.3280)  Myo: 0.8273 (0.7742)  Avg: 0.5593 (0.5503)  time: 0.3217  data: 0.2916  max mem: 17023
Test: Total time: 0:00:03 (0.1821 s / it)
Averaged stats: loss: 0.7969 (0.8293)  loss_CrossEntropy: 0.7969 (0.8293)  Rv: 0.5621 (0.5487)  Lv: 0.2974 (0.3280)  Myo: 0.8273 (0.7742)  Avg: 0.5593 (0.5503)
dice score: 0.550310945824573
Update high dice score model!
cutout loss: 0.011879505589604378
original loss: 0.012511990033090115
integrity loss: 0.009729653596878052
invariant loss: 0.013072389177978039
Epoch: [77]  [ 0/95]  eta: 0:02:13  lr: 0.000100  loss: 0.0125 (0.0125)  loss_CrossEntropy: 0.0125 (0.0125)  time: 1.4002  data: 0.3922  max mem: 17023
Epoch: [77]  [10/95]  eta: 0:01:45  lr: 0.000100  loss: 0.0083 (0.0113)  loss_CrossEntropy: 0.0083 (0.0113)  time: 1.2411  data: 0.2552  max mem: 17023
Epoch: [77]  [20/95]  eta: 0:01:28  lr: 0.000100  loss: 0.0085 (0.0104)  loss_CrossEntropy: 0.0085 (0.0104)  time: 1.1790  data: 0.1909  max mem: 17023
Epoch: [77]  [30/95]  eta: 0:01:41  lr: 0.000100  loss: 0.0092 (0.0107)  loss_CrossEntropy: 0.0092 (0.0107)  time: 1.5644  data: 0.5873  max mem: 17023
Epoch: [77]  [40/95]  eta: 0:01:18  lr: 0.000100  loss: 0.0118 (0.0109)  loss_CrossEntropy: 0.0118 (0.0109)  time: 1.4236  data: 0.4215  max mem: 17023
Epoch: [77]  [50/95]  eta: 0:01:15  lr: 0.000100  loss: 0.0109 (0.0109)  loss_CrossEntropy: 0.0109 (0.0109)  time: 1.6761  data: 0.6913  max mem: 17023
Epoch: [77]  [60/95]  eta: 0:00:43  lr: 0.000100  loss: 0.0091 (0.0107)  loss_CrossEntropy: 0.0091 (0.0107)  time: 1.2328  data: 0.2534  max mem: 17023
Epoch: [77]  [70/95]  eta: 0:00:30  lr: 0.000100  loss: 0.0082 (0.0105)  loss_CrossEntropy: 0.0082 (0.0105)  time: 1.2196  data: 0.2436  max mem: 17023
Epoch: [77]  [80/95]  eta: 0:00:14  lr: 0.000100  loss: 0.0103 (0.0105)  loss_CrossEntropy: 0.0103 (0.0105)  time: 0.9992  data: 0.0257  max mem: 17023
Epoch: [77]  [90/95]  eta: 0:00:05  lr: 0.000100  loss: 0.0103 (0.0104)  loss_CrossEntropy: 0.0103 (0.0104)  time: 1.1430  data: 0.1001  max mem: 17023
Epoch: [77]  [94/95]  eta: 0:00:01  lr: 0.000100  loss: 0.0102 (0.0105)  loss_CrossEntropy: 0.0102 (0.0105)  time: 1.2055  data: 0.2228  max mem: 17023
Epoch: [77] Total time: 0:02:03 (1.2999 s / it)
Averaged stats: lr: 0.000100  loss: 0.0102 (0.0105)  loss_CrossEntropy: 0.0102 (0.0105)
Test:  [ 0/19]  eta: 0:00:00  loss: 0.4348 (0.4348)  loss_CrossEntropy: 0.4348 (0.4348)  Rv: 0.0000 (0.0000)  Lv: 0.5630 (0.5630)  Myo: 0.6507 (0.6507)  Avg: 0.4046 (0.4046)  time: 0.0497  data: 0.0293  max mem: 17023
Test:  [10/19]  eta: 0:00:00  loss: 0.4779 (0.6372)  loss_CrossEntropy: 0.4779 (0.6372)  Rv: 0.8236 (0.6701)  Lv: 0.5630 (0.5449)  Myo: 0.8118 (0.7557)  Avg: 0.6918 (0.6569)  time: 0.0401  data: 0.0197  max mem: 17023
Test:  [18/19]  eta: 0:00:00  loss: 0.5547 (0.6482)  loss_CrossEntropy: 0.5547 (0.6482)  Rv: 0.6848 (0.6075)  Lv: 0.4190 (0.4803)  Myo: 0.7952 (0.7479)  Avg: 0.6276 (0.6119)  time: 0.0328  data: 0.0155  max mem: 17023
Test: Total time: 0:00:01 (0.0965 s / it)
Averaged stats: loss: 0.5547 (0.6482)  loss_CrossEntropy: 0.5547 (0.6482)  Rv: 0.6848 (0.6075)  Lv: 0.4190 (0.4803)  Myo: 0.7952 (0.7479)  Avg: 0.6276 (0.6119)
dice score: 0.6119329474474254
Update best model!
Update high dice score model!
cutout loss: 0.02392064779996872
original loss: 0.011662139557301998
integrity loss: 0.009506672620773315
invariant loss: 0.013926184736192226
Epoch: [78]  [ 0/95]  eta: 0:01:37  lr: 0.000100  loss: 0.0117 (0.0117)  loss_CrossEntropy: 0.0117 (0.0117)  time: 1.0313  data: 0.0296  max mem: 17023
Epoch: [78]  [10/95]  eta: 0:01:51  lr: 0.000100  loss: 0.0098 (0.0106)  loss_CrossEntropy: 0.0098 (0.0106)  time: 1.3135  data: 0.3291  max mem: 17023
Epoch: [78]  [20/95]  eta: 0:01:32  lr: 0.000100  loss: 0.0098 (0.0113)  loss_CrossEntropy: 0.0098 (0.0113)  time: 1.2345  data: 0.2575  max mem: 17023
Epoch: [78]  [30/95]  eta: 0:01:42  lr: 0.000100  loss: 0.0110 (0.0113)  loss_CrossEntropy: 0.0110 (0.0113)  time: 1.5775  data: 0.5970  max mem: 17023
Epoch: [78]  [40/95]  eta: 0:01:06  lr: 0.000100  loss: 0.0104 (0.0113)  loss_CrossEntropy: 0.0104 (0.0113)  time: 1.2081  data: 0.2247  max mem: 17023
Epoch: [78]  [50/95]  eta: 0:01:18  lr: 0.000100  loss: 0.0097 (0.0110)  loss_CrossEntropy: 0.0097 (0.0110)  time: 1.7493  data: 0.7471  max mem: 17023
Epoch: [78]  [60/95]  eta: 0:00:50  lr: 0.000100  loss: 0.0094 (0.0109)  loss_CrossEntropy: 0.0094 (0.0109)  time: 1.4359  data: 0.4567  max mem: 17023
Epoch: [78]  [70/95]  eta: 0:00:29  lr: 0.000100  loss: 0.0107 (0.0107)  loss_CrossEntropy: 0.0107 (0.0107)  time: 1.1737  data: 0.1918  max mem: 17023
Epoch: [78]  [80/95]  eta: 0:00:18  lr: 0.000100  loss: 0.0109 (0.0108)  loss_CrossEntropy: 0.0109 (0.0108)  time: 1.2028  data: 0.2197  max mem: 17023
Epoch: [78]  [90/95]  eta: 0:00:05  lr: 0.000100  loss: 0.0103 (0.0108)  loss_CrossEntropy: 0.0103 (0.0108)  time: 1.0628  data: 0.0786  max mem: 17023
Epoch: [78]  [94/95]  eta: 0:00:01  lr: 0.000100  loss: 0.0103 (0.0108)  loss_CrossEntropy: 0.0103 (0.0108)  time: 1.0441  data: 0.0627  max mem: 17023
Epoch: [78] Total time: 0:02:02 (1.2861 s / it)
Averaged stats: lr: 0.000100  loss: 0.0103 (0.0108)  loss_CrossEntropy: 0.0103 (0.0108)
Test:  [ 0/19]  eta: 0:00:01  loss: 0.8999 (0.8999)  loss_CrossEntropy: 0.8999 (0.8999)  Rv: 0.0000 (0.0000)  Lv: 0.1137 (0.1137)  Myo: 0.6484 (0.6484)  Avg: 0.2540 (0.2540)  time: 0.0550  data: 0.0338  max mem: 17023
Test:  [10/19]  eta: 0:00:00  loss: 1.2915 (1.2748)  loss_CrossEntropy: 1.2915 (1.2748)  Rv: 0.8725 (0.7343)  Lv: 0.1950 (0.2034)  Myo: 0.8509 (0.8168)  Avg: 0.6536 (0.5849)  time: 0.0578  data: 0.0360  max mem: 17023
Test:  [18/19]  eta: 0:00:00  loss: 1.2571 (1.2490)  loss_CrossEntropy: 1.2571 (1.2490)  Rv: 0.7022 (0.6342)  Lv: 0.1880 (0.1886)  Myo: 0.8425 (0.8147)  Avg: 0.5526 (0.5458)  time: 0.0755  data: 0.0573  max mem: 17023
Test: Total time: 0:00:03 (0.1580 s / it)
Averaged stats: loss: 1.2571 (1.2490)  loss_CrossEntropy: 1.2571 (1.2490)  Rv: 0.7022 (0.6342)  Lv: 0.1880 (0.1886)  Myo: 0.8425 (0.8147)  Avg: 0.5526 (0.5458)
dice score: 0.5458172708749771
Update high dice score model!
cutout loss: 0.017312606796622276
original loss: 0.012307792901992798
integrity loss: 0.006785553880035877
invariant loss: 0.014631688594818115
Epoch: [79]  [ 0/95]  eta: 0:02:05  lr: 0.000100  loss: 0.0123 (0.0123)  loss_CrossEntropy: 0.0123 (0.0123)  time: 1.3196  data: 0.3354  max mem: 17023
Epoch: [79]  [10/95]  eta: 0:01:30  lr: 0.000100  loss: 0.0110 (0.0105)  loss_CrossEntropy: 0.0110 (0.0105)  time: 1.0681  data: 0.0843  max mem: 17023
Epoch: [79]  [20/95]  eta: 0:01:29  lr: 0.000100  loss: 0.0099 (0.0102)  loss_CrossEntropy: 0.0099 (0.0102)  time: 1.1971  data: 0.2100  max mem: 17023
Epoch: [79]  [30/95]  eta: 0:01:45  lr: 0.000100  loss: 0.0109 (0.0104)  loss_CrossEntropy: 0.0109 (0.0104)  time: 1.6261  data: 0.6419  max mem: 17023
Epoch: [79]  [40/95]  eta: 0:01:16  lr: 0.000100  loss: 0.0102 (0.0102)  loss_CrossEntropy: 0.0102 (0.0102)  time: 1.3965  data: 0.4185  max mem: 17023
Epoch: [79]  [50/95]  eta: 0:00:56  lr: 0.000100  loss: 0.0091 (0.0101)  loss_CrossEntropy: 0.0091 (0.0101)  time: 1.2658  data: 0.2578  max mem: 17023
Epoch: [79]  [60/95]  eta: 0:00:39  lr: 0.000100  loss: 0.0089 (0.0102)  loss_CrossEntropy: 0.0089 (0.0102)  time: 1.1211  data: 0.1405  max mem: 17023
Epoch: [79]  [70/95]  eta: 0:00:28  lr: 0.000100  loss: 0.0097 (0.0103)  loss_CrossEntropy: 0.0097 (0.0103)  time: 1.1376  data: 0.1562  max mem: 17023
Epoch: [79]  [80/95]  eta: 0:00:19  lr: 0.000100  loss: 0.0104 (0.0104)  loss_CrossEntropy: 0.0104 (0.0104)  time: 1.3262  data: 0.3357  max mem: 17023
Epoch: [79]  [90/95]  eta: 0:00:05  lr: 0.000100  loss: 0.0092 (0.0103)  loss_CrossEntropy: 0.0092 (0.0103)  time: 1.0806  data: 0.0959  max mem: 17023
Epoch: [79]  [94/95]  eta: 0:00:01  lr: 0.000100  loss: 0.0096 (0.0104)  loss_CrossEntropy: 0.0096 (0.0104)  time: 1.2721  data: 0.2769  max mem: 17023
Epoch: [79] Total time: 0:02:04 (1.3095 s / it)
Averaged stats: lr: 0.000100  loss: 0.0096 (0.0104)  loss_CrossEntropy: 0.0096 (0.0104)
Test:  [ 0/19]  eta: 0:00:05  loss: 0.4715 (0.4715)  loss_CrossEntropy: 0.4715 (0.4715)  Rv: 0.0000 (0.0000)  Lv: 0.2950 (0.2950)  Myo: 0.6477 (0.6477)  Avg: 0.3143 (0.3143)  time: 0.3142  data: 0.2933  max mem: 17023
Test:  [10/19]  eta: 0:00:00  loss: 0.5770 (0.7083)  loss_CrossEntropy: 0.5770 (0.7083)  Rv: 0.8754 (0.7389)  Lv: 0.3387 (0.4642)  Myo: 0.8447 (0.7954)  Avg: 0.6813 (0.6661)  time: 0.0988  data: 0.0678  max mem: 17023
Test:  [18/19]  eta: 0:00:00  loss: 0.6510 (0.7261)  loss_CrossEntropy: 0.6510 (0.7261)  Rv: 0.7433 (0.6547)  Lv: 0.3387 (0.3895)  Myo: 0.8253 (0.7837)  Avg: 0.5789 (0.6093)  time: 0.1814  data: 0.1628  max mem: 17023
Test: Total time: 0:00:03 (0.2057 s / it)
Averaged stats: loss: 0.6510 (0.7261)  loss_CrossEntropy: 0.6510 (0.7261)  Rv: 0.7433 (0.6547)  Lv: 0.3387 (0.3895)  Myo: 0.8253 (0.7837)  Avg: 0.5789 (0.6093)
dice score: 0.6092711938054938
Update high dice score model!
cutout loss: 0.005703664384782314
original loss: 0.006304795388132334
integrity loss: 0.008493894711136818
invariant loss: 0.01693556271493435
Epoch: [80]  [ 0/95]  eta: 0:02:18  lr: 0.000100  loss: 0.0063 (0.0063)  loss_CrossEntropy: 0.0063 (0.0063)  time: 1.4590  data: 0.4681  max mem: 17023
Epoch: [80]  [10/95]  eta: 0:02:03  lr: 0.000100  loss: 0.0082 (0.0093)  loss_CrossEntropy: 0.0082 (0.0093)  time: 1.4515  data: 0.4563  max mem: 17023
Epoch: [80]  [20/95]  eta: 0:02:10  lr: 0.000100  loss: 0.0082 (0.0092)  loss_CrossEntropy: 0.0082 (0.0092)  time: 1.7390  data: 0.7047  max mem: 17023
Epoch: [80]  [30/95]  eta: 0:01:47  lr: 0.000100  loss: 0.0081 (0.0089)  loss_CrossEntropy: 0.0081 (0.0089)  time: 1.6523  data: 0.6546  max mem: 17023
Epoch: [80]  [40/95]  eta: 0:01:29  lr: 0.000100  loss: 0.0087 (0.0099)  loss_CrossEntropy: 0.0087 (0.0099)  time: 1.6191  data: 0.6306  max mem: 17023
Epoch: [80]  [50/95]  eta: 0:00:59  lr: 0.000100  loss: 0.0101 (0.0099)  loss_CrossEntropy: 0.0101 (0.0099)  time: 1.3268  data: 0.3547  max mem: 17023
Epoch: [80]  [60/95]  eta: 0:00:51  lr: 0.000100  loss: 0.0107 (0.0103)  loss_CrossEntropy: 0.0107 (0.0103)  time: 1.4599  data: 0.4714  max mem: 17023
Epoch: [80]  [70/95]  eta: 0:00:31  lr: 0.000100  loss: 0.0112 (0.0104)  loss_CrossEntropy: 0.0112 (0.0104)  time: 1.2699  data: 0.2558  max mem: 17023
Epoch: [80]  [80/95]  eta: 0:00:18  lr: 0.000100  loss: 0.0100 (0.0103)  loss_CrossEntropy: 0.0100 (0.0103)  time: 1.2153  data: 0.2247  max mem: 17023
Epoch: [80]  [90/95]  eta: 0:00:07  lr: 0.000100  loss: 0.0102 (0.0105)  loss_CrossEntropy: 0.0102 (0.0105)  time: 1.4643  data: 0.4802  max mem: 17023
Epoch: [80]  [94/95]  eta: 0:00:01  lr: 0.000100  loss: 0.0104 (0.0105)  loss_CrossEntropy: 0.0104 (0.0105)  time: 1.4874  data: 0.4914  max mem: 17023
Epoch: [80] Total time: 0:02:05 (1.3209 s / it)
Averaged stats: lr: 0.000100  loss: 0.0104 (0.0105)  loss_CrossEntropy: 0.0104 (0.0105)
Test:  [ 0/19]  eta: 0:00:06  loss: 0.4836 (0.4836)  loss_CrossEntropy: 0.4836 (0.4836)  Rv: 0.0000 (0.0000)  Lv: 0.5372 (0.5372)  Myo: 0.6476 (0.6476)  Avg: 0.3949 (0.3949)  time: 0.3243  data: 0.3037  max mem: 17023
Test:  [10/19]  eta: 0:00:02  loss: 0.5131 (0.6896)  loss_CrossEntropy: 0.5131 (0.6896)  Rv: 0.8820 (0.6975)  Lv: 0.6189 (0.5529)  Myo: 0.8357 (0.8119)  Avg: 0.7192 (0.6874)  time: 0.3057  data: 0.2720  max mem: 17023
Test:  [18/19]  eta: 0:00:00  loss: 0.6385 (0.7094)  loss_CrossEntropy: 0.6385 (0.7094)  Rv: 0.6826 (0.6179)  Lv: 0.3948 (0.4724)  Myo: 0.8357 (0.8026)  Avg: 0.6784 (0.6310)  time: 0.2087  data: 0.1703  max mem: 17023
Test: Total time: 0:00:03 (0.1698 s / it)
Averaged stats: loss: 0.6385 (0.7094)  loss_CrossEntropy: 0.6385 (0.7094)  Rv: 0.6826 (0.6179)  Lv: 0.3948 (0.4724)  Myo: 0.8357 (0.8026)  Avg: 0.6784 (0.6310)
dice score: 0.6309725971598374
Update best model!
Update high dice score model!
cutout loss: 0.014694380573928356
original loss: 0.010676429606974125
integrity loss: 0.009758359752595425
invariant loss: 0.01524974126368761
Epoch: [81]  [ 0/95]  eta: 0:01:38  lr: 0.000100  loss: 0.0107 (0.0107)  loss_CrossEntropy: 0.0107 (0.0107)  time: 1.0394  data: 0.0482  max mem: 17023
Epoch: [81]  [10/95]  eta: 0:01:59  lr: 0.000100  loss: 0.0104 (0.0103)  loss_CrossEntropy: 0.0104 (0.0103)  time: 1.4112  data: 0.4064  max mem: 17023
Epoch: [81]  [20/95]  eta: 0:02:06  lr: 0.000100  loss: 0.0094 (0.0100)  loss_CrossEntropy: 0.0094 (0.0100)  time: 1.6810  data: 0.7002  max mem: 17023
Epoch: [81]  [30/95]  eta: 0:01:35  lr: 0.000100  loss: 0.0089 (0.0100)  loss_CrossEntropy: 0.0089 (0.0100)  time: 1.4627  data: 0.4741  max mem: 17023
Epoch: [81]  [40/95]  eta: 0:01:07  lr: 0.000100  loss: 0.0097 (0.0109)  loss_CrossEntropy: 0.0097 (0.0109)  time: 1.2188  data: 0.2319  max mem: 17023
Epoch: [81]  [50/95]  eta: 0:00:54  lr: 0.000100  loss: 0.0115 (0.0109)  loss_CrossEntropy: 0.0115 (0.0109)  time: 1.2011  data: 0.2174  max mem: 17023
Epoch: [81]  [60/95]  eta: 0:00:40  lr: 0.000100  loss: 0.0106 (0.0112)  loss_CrossEntropy: 0.0106 (0.0112)  time: 1.1567  data: 0.1705  max mem: 17023
Epoch: [81]  [70/95]  eta: 0:00:34  lr: 0.000100  loss: 0.0110 (0.0112)  loss_CrossEntropy: 0.0110 (0.0112)  time: 1.3744  data: 0.3952  max mem: 17023
Epoch: [81]  [80/95]  eta: 0:00:18  lr: 0.000100  loss: 0.0104 (0.0111)  loss_CrossEntropy: 0.0104 (0.0111)  time: 1.2280  data: 0.2327  max mem: 17023
Epoch: [81]  [90/95]  eta: 0:00:08  lr: 0.000100  loss: 0.0100 (0.0110)  loss_CrossEntropy: 0.0100 (0.0110)  time: 1.7441  data: 0.7593  max mem: 17023
Epoch: [81]  [94/95]  eta: 0:00:01  lr: 0.000100  loss: 0.0101 (0.0110)  loss_CrossEntropy: 0.0101 (0.0110)  time: 1.8700  data: 0.8896  max mem: 17023
Epoch: [81] Total time: 0:02:03 (1.3036 s / it)
Averaged stats: lr: 0.000100  loss: 0.0101 (0.0110)  loss_CrossEntropy: 0.0101 (0.0110)
Test:  [ 0/19]  eta: 0:00:04  loss: 0.4337 (0.4337)  loss_CrossEntropy: 0.4337 (0.4337)  Rv: 0.0000 (0.0000)  Lv: 0.5868 (0.5868)  Myo: 0.6456 (0.6456)  Avg: 0.4108 (0.4108)  time: 0.2558  data: 0.2343  max mem: 17023
Test:  [10/19]  eta: 0:00:01  loss: 0.4287 (0.6010)  loss_CrossEntropy: 0.4287 (0.6010)  Rv: 0.8111 (0.6695)  Lv: 0.7346 (0.6113)  Myo: 0.8310 (0.7871)  Avg: 0.7148 (0.6893)  time: 0.1412  data: 0.1201  max mem: 17023
Test:  [18/19]  eta: 0:00:00  loss: 0.4287 (0.5714)  loss_CrossEntropy: 0.4287 (0.5714)  Rv: 0.6929 (0.6068)  Lv: 0.7346 (0.6176)  Myo: 0.8310 (0.8058)  Avg: 0.7148 (0.6767)  time: 0.0360  data: 0.0184  max mem: 17023
Test: Total time: 0:00:02 (0.1508 s / it)
Averaged stats: loss: 0.4287 (0.5714)  loss_CrossEntropy: 0.4287 (0.5714)  Rv: 0.6929 (0.6068)  Lv: 0.7346 (0.6176)  Myo: 0.8310 (0.8058)  Avg: 0.7148 (0.6767)
dice score: 0.6767116863476602
Update best model!
Update high dice score model!
cutout loss: 0.02243824303150177
original loss: 0.006311001256108284
integrity loss: 0.008696514181792736
invariant loss: 0.013588840141892433
Epoch: [82]  [ 0/95]  eta: 0:02:10  lr: 0.000100  loss: 0.0063 (0.0063)  loss_CrossEntropy: 0.0063 (0.0063)  time: 1.3764  data: 0.3927  max mem: 17023
Epoch: [82]  [10/95]  eta: 0:01:46  lr: 0.000100  loss: 0.0101 (0.0100)  loss_CrossEntropy: 0.0101 (0.0100)  time: 1.2548  data: 0.2582  max mem: 17023
Epoch: [82]  [20/95]  eta: 0:01:50  lr: 0.000100  loss: 0.0105 (0.0106)  loss_CrossEntropy: 0.0105 (0.0106)  time: 1.4673  data: 0.4790  max mem: 17023
Epoch: [82]  [30/95]  eta: 0:01:28  lr: 0.000100  loss: 0.0108 (0.0106)  loss_CrossEntropy: 0.0108 (0.0106)  time: 1.3605  data: 0.3815  max mem: 17023
Epoch: [82]  [40/95]  eta: 0:01:18  lr: 0.000100  loss: 0.0108 (0.0107)  loss_CrossEntropy: 0.0108 (0.0107)  time: 1.4304  data: 0.4281  max mem: 17023
Epoch: [82]  [50/95]  eta: 0:00:52  lr: 0.000100  loss: 0.0096 (0.0105)  loss_CrossEntropy: 0.0096 (0.0105)  time: 1.1673  data: 0.1571  max mem: 17023
Epoch: [82]  [60/95]  eta: 0:00:46  lr: 0.000100  loss: 0.0086 (0.0102)  loss_CrossEntropy: 0.0086 (0.0102)  time: 1.3262  data: 0.3411  max mem: 17023
Epoch: [82]  [70/95]  eta: 0:00:30  lr: 0.000100  loss: 0.0101 (0.0104)  loss_CrossEntropy: 0.0101 (0.0104)  time: 1.2304  data: 0.2453  max mem: 17023
Epoch: [82]  [80/95]  eta: 0:00:17  lr: 0.000100  loss: 0.0109 (0.0105)  loss_CrossEntropy: 0.0109 (0.0105)  time: 1.1752  data: 0.2025  max mem: 17023
Epoch: [82]  [90/95]  eta: 0:00:05  lr: 0.000100  loss: 0.0096 (0.0104)  loss_CrossEntropy: 0.0096 (0.0104)  time: 1.1809  data: 0.1912  max mem: 17023
Epoch: [82]  [94/95]  eta: 0:00:01  lr: 0.000100  loss: 0.0099 (0.0104)  loss_CrossEntropy: 0.0099 (0.0104)  time: 1.1194  data: 0.1283  max mem: 17023
Epoch: [82] Total time: 0:02:03 (1.2996 s / it)
Averaged stats: lr: 0.000100  loss: 0.0099 (0.0104)  loss_CrossEntropy: 0.0099 (0.0104)
Test:  [ 0/19]  eta: 0:00:03  loss: 0.4743 (0.4743)  loss_CrossEntropy: 0.4743 (0.4743)  Rv: 0.0000 (0.0000)  Lv: 0.7206 (0.7206)  Myo: 0.6191 (0.6191)  Avg: 0.4466 (0.4466)  time: 0.1925  data: 0.1681  max mem: 17023
Test:  [10/19]  eta: 0:00:02  loss: 0.4982 (0.6908)  loss_CrossEntropy: 0.4982 (0.6908)  Rv: 0.8463 (0.6877)  Lv: 0.7157 (0.6255)  Myo: 0.8543 (0.8154)  Avg: 0.7358 (0.7095)  time: 0.2493  data: 0.2278  max mem: 17023
Test:  [18/19]  eta: 0:00:00  loss: 0.5404 (0.6881)  loss_CrossEntropy: 0.5404 (0.6881)  Rv: 0.6701 (0.6104)  Lv: 0.6925 (0.5985)  Myo: 0.8415 (0.8109)  Avg: 0.7043 (0.6733)  time: 0.0357  data: 0.0183  max mem: 17023
Test: Total time: 0:00:02 (0.1459 s / it)
Averaged stats: loss: 0.5404 (0.6881)  loss_CrossEntropy: 0.5404 (0.6881)  Rv: 0.6701 (0.6104)  Lv: 0.6925 (0.5985)  Myo: 0.8415 (0.8109)  Avg: 0.7043 (0.6733)
dice score: 0.673250204638431
Update high dice score model!
cutout loss: 0.013270878233015537
original loss: 0.013265960849821568
integrity loss: 0.007905733771622181
invariant loss: 0.013334733434021473
Epoch: [83]  [ 0/95]  eta: 0:02:17  lr: 0.000100  loss: 0.0133 (0.0133)  loss_CrossEntropy: 0.0133 (0.0133)  time: 1.4478  data: 0.4411  max mem: 17023
Epoch: [83]  [10/95]  eta: 0:02:46  lr: 0.000100  loss: 0.0100 (0.0104)  loss_CrossEntropy: 0.0100 (0.0104)  time: 1.9625  data: 0.9411  max mem: 17023
Epoch: [83]  [20/95]  eta: 0:02:01  lr: 0.000100  loss: 0.0100 (0.0107)  loss_CrossEntropy: 0.0100 (0.0107)  time: 1.6151  data: 0.6328  max mem: 17023
Epoch: [83]  [30/95]  eta: 0:01:48  lr: 0.000100  loss: 0.0108 (0.0109)  loss_CrossEntropy: 0.0108 (0.0109)  time: 1.6735  data: 0.6577  max mem: 17023
Epoch: [83]  [40/95]  eta: 0:01:20  lr: 0.000100  loss: 0.0096 (0.0106)  loss_CrossEntropy: 0.0096 (0.0106)  time: 1.4658  data: 0.4829  max mem: 17023
Epoch: [83]  [50/95]  eta: 0:00:59  lr: 0.000100  loss: 0.0103 (0.0109)  loss_CrossEntropy: 0.0103 (0.0109)  time: 1.3272  data: 0.3530  max mem: 17023
Epoch: [83]  [60/95]  eta: 0:00:46  lr: 0.000100  loss: 0.0103 (0.0106)  loss_CrossEntropy: 0.0103 (0.0106)  time: 1.3248  data: 0.2625  max mem: 17023
Epoch: [83]  [70/95]  eta: 0:00:39  lr: 0.000100  loss: 0.0089 (0.0106)  loss_CrossEntropy: 0.0089 (0.0106)  time: 1.5614  data: 0.5710  max mem: 17023
Epoch: [83]  [80/95]  eta: 0:00:18  lr: 0.000100  loss: 0.0088 (0.0103)  loss_CrossEntropy: 0.0088 (0.0103)  time: 1.2440  data: 0.2403  max mem: 17023
Epoch: [83]  [90/95]  eta: 0:00:06  lr: 0.000100  loss: 0.0086 (0.0103)  loss_CrossEntropy: 0.0086 (0.0103)  time: 1.2103  data: 0.2300  max mem: 17023
Epoch: [83]  [94/95]  eta: 0:00:01  lr: 0.000100  loss: 0.0090 (0.0103)  loss_CrossEntropy: 0.0090 (0.0103)  time: 1.3800  data: 0.3983  max mem: 17023
Epoch: [83] Total time: 0:02:06 (1.3314 s / it)
Averaged stats: lr: 0.000100  loss: 0.0090 (0.0103)  loss_CrossEntropy: 0.0090 (0.0103)
Test:  [ 0/19]  eta: 0:00:05  loss: 0.4818 (0.4818)  loss_CrossEntropy: 0.4818 (0.4818)  Rv: 0.0000 (0.0000)  Lv: 0.4896 (0.4896)  Myo: 0.6080 (0.6080)  Avg: 0.3659 (0.3659)  time: 0.3075  data: 0.2829  max mem: 17023
Test:  [10/19]  eta: 0:00:00  loss: 0.6050 (0.9237)  loss_CrossEntropy: 0.6050 (0.9237)  Rv: 0.7784 (0.7045)  Lv: 0.4896 (0.4687)  Myo: 0.8315 (0.8102)  Avg: 0.6867 (0.6611)  time: 0.0481  data: 0.0266  max mem: 17023
Test:  [18/19]  eta: 0:00:00  loss: 0.8000 (1.0195)  loss_CrossEntropy: 0.8000 (1.0195)  Rv: 0.6877 (0.6251)  Lv: 0.3048 (0.3799)  Myo: 0.8287 (0.8117)  Avg: 0.6471 (0.6056)  time: 0.1312  data: 0.1132  max mem: 17023
Test: Total time: 0:00:03 (0.1753 s / it)
Averaged stats: loss: 0.8000 (1.0195)  loss_CrossEntropy: 0.8000 (1.0195)  Rv: 0.6877 (0.6251)  Lv: 0.3048 (0.3799)  Myo: 0.8287 (0.8117)  Avg: 0.6471 (0.6056)
dice score: 0.605568738360154
Update high dice score model!
cutout loss: 0.02981802262365818
original loss: 0.010882485657930374
integrity loss: 0.008308345451951027
invariant loss: 0.019749993458390236
Epoch: [84]  [ 0/95]  eta: 0:02:08  lr: 0.000100  loss: 0.0109 (0.0109)  loss_CrossEntropy: 0.0109 (0.0109)  time: 1.3550  data: 0.3694  max mem: 17023
Epoch: [84]  [10/95]  eta: 0:02:02  lr: 0.000100  loss: 0.0083 (0.0089)  loss_CrossEntropy: 0.0083 (0.0089)  time: 1.4361  data: 0.4438  max mem: 17023
Epoch: [84]  [20/95]  eta: 0:01:27  lr: 0.000100  loss: 0.0090 (0.0101)  loss_CrossEntropy: 0.0090 (0.0101)  time: 1.1636  data: 0.1893  max mem: 17023
Epoch: [84]  [30/95]  eta: 0:01:26  lr: 0.000100  loss: 0.0100 (0.0102)  loss_CrossEntropy: 0.0100 (0.0102)  time: 1.3271  data: 0.3468  max mem: 17023
Epoch: [84]  [40/95]  eta: 0:01:11  lr: 0.000100  loss: 0.0097 (0.0102)  loss_CrossEntropy: 0.0097 (0.0102)  time: 1.2911  data: 0.3020  max mem: 17023
Epoch: [84]  [50/95]  eta: 0:01:16  lr: 0.000100  loss: 0.0087 (0.0100)  loss_CrossEntropy: 0.0087 (0.0100)  time: 1.6952  data: 0.7089  max mem: 17023
Epoch: [84]  [60/95]  eta: 0:00:45  lr: 0.000100  loss: 0.0086 (0.0102)  loss_CrossEntropy: 0.0086 (0.0102)  time: 1.2956  data: 0.2973  max mem: 17023
Epoch: [84]  [70/95]  eta: 0:00:25  lr: 0.000100  loss: 0.0095 (0.0101)  loss_CrossEntropy: 0.0095 (0.0101)  time: 1.0167  data: 0.0414  max mem: 17023
Epoch: [84]  [80/95]  eta: 0:00:15  lr: 0.000100  loss: 0.0095 (0.0100)  loss_CrossEntropy: 0.0095 (0.0100)  time: 1.0613  data: 0.0813  max mem: 17023
Epoch: [84]  [90/95]  eta: 0:00:07  lr: 0.000100  loss: 0.0093 (0.0100)  loss_CrossEntropy: 0.0093 (0.0100)  time: 1.4925  data: 0.5070  max mem: 17023
Epoch: [84]  [94/95]  eta: 0:00:01  lr: 0.000100  loss: 0.0096 (0.0100)  loss_CrossEntropy: 0.0096 (0.0100)  time: 1.3092  data: 0.3198  max mem: 17023
Epoch: [84] Total time: 0:02:06 (1.3341 s / it)
Averaged stats: lr: 0.000100  loss: 0.0096 (0.0100)  loss_CrossEntropy: 0.0096 (0.0100)
Test:  [ 0/19]  eta: 0:00:03  loss: 0.3290 (0.3290)  loss_CrossEntropy: 0.3290 (0.3290)  Rv: 0.0000 (0.0000)  Lv: 0.8414 (0.8414)  Myo: 0.6315 (0.6315)  Avg: 0.4910 (0.4910)  time: 0.1974  data: 0.1770  max mem: 17023
Test:  [10/19]  eta: 0:00:00  loss: 0.3329 (0.4582)  loss_CrossEntropy: 0.3329 (0.4582)  Rv: 0.7635 (0.6882)  Lv: 0.8147 (0.6929)  Myo: 0.8532 (0.8100)  Avg: 0.7258 (0.7304)  time: 0.0588  data: 0.0385  max mem: 17023
Test:  [18/19]  eta: 0:00:00  loss: 0.3564 (0.4460)  loss_CrossEntropy: 0.3564 (0.4460)  Rv: 0.6353 (0.6089)  Lv: 0.8147 (0.7077)  Myo: 0.8345 (0.8084)  Avg: 0.7258 (0.7083)  time: 0.1617  data: 0.1442  max mem: 17023
Test: Total time: 0:00:02 (0.1465 s / it)
Averaged stats: loss: 0.3564 (0.4460)  loss_CrossEntropy: 0.3564 (0.4460)  Rv: 0.6353 (0.6089)  Lv: 0.8147 (0.7077)  Myo: 0.8345 (0.8084)  Avg: 0.7258 (0.7083)
dice score: 0.7083251178264618
Update best model!
Update high dice score model!
cutout loss: 0.006714354734867811
original loss: 0.005459352396428585
integrity loss: 0.006531894207000732
invariant loss: 0.01412591990083456
Epoch: [85]  [ 0/95]  eta: 0:02:27  lr: 0.000100  loss: 0.0055 (0.0055)  loss_CrossEntropy: 0.0055 (0.0055)  time: 1.5536  data: 0.4898  max mem: 17023
Epoch: [85]  [10/95]  eta: 0:01:57  lr: 0.000100  loss: 0.0093 (0.0088)  loss_CrossEntropy: 0.0093 (0.0088)  time: 1.3794  data: 0.4068  max mem: 17023
Epoch: [85]  [20/95]  eta: 0:01:42  lr: 0.000100  loss: 0.0093 (0.0091)  loss_CrossEntropy: 0.0093 (0.0091)  time: 1.3664  data: 0.3839  max mem: 17023
Epoch: [85]  [30/95]  eta: 0:01:06  lr: 0.000100  loss: 0.0095 (0.0095)  loss_CrossEntropy: 0.0095 (0.0095)  time: 1.0229  data: 0.0359  max mem: 17023
Epoch: [85]  [40/95]  eta: 0:01:14  lr: 0.000100  loss: 0.0107 (0.0096)  loss_CrossEntropy: 0.0107 (0.0096)  time: 1.3494  data: 0.3696  max mem: 17023
Epoch: [85]  [50/95]  eta: 0:00:45  lr: 0.000100  loss: 0.0099 (0.0096)  loss_CrossEntropy: 0.0099 (0.0096)  time: 1.0084  data: 0.0348  max mem: 17023
Epoch: [85]  [60/95]  eta: 0:00:36  lr: 0.000100  loss: 0.0093 (0.0096)  loss_CrossEntropy: 0.0093 (0.0096)  time: 1.0560  data: 0.0590  max mem: 17023
Epoch: [85]  [70/95]  eta: 0:00:28  lr: 0.000100  loss: 0.0088 (0.0095)  loss_CrossEntropy: 0.0088 (0.0095)  time: 1.1417  data: 0.1543  max mem: 17023
Epoch: [85]  [80/95]  eta: 0:00:21  lr: 0.000100  loss: 0.0088 (0.0097)  loss_CrossEntropy: 0.0088 (0.0097)  time: 1.4332  data: 0.4365  max mem: 17023
Epoch: [85]  [90/95]  eta: 0:00:07  lr: 0.000100  loss: 0.0094 (0.0097)  loss_CrossEntropy: 0.0094 (0.0097)  time: 1.4691  data: 0.4855  max mem: 17023
Epoch: [85]  [94/95]  eta: 0:00:01  lr: 0.000100  loss: 0.0092 (0.0095)  loss_CrossEntropy: 0.0092 (0.0095)  time: 1.2808  data: 0.2963  max mem: 17023
Epoch: [85] Total time: 0:02:02 (1.2942 s / it)
Averaged stats: lr: 0.000100  loss: 0.0092 (0.0095)  loss_CrossEntropy: 0.0092 (0.0095)
Test:  [ 0/19]  eta: 0:00:01  loss: 0.4148 (0.4148)  loss_CrossEntropy: 0.4148 (0.4148)  Rv: 0.0000 (0.0000)  Lv: 0.8753 (0.8753)  Myo: 0.6516 (0.6516)  Avg: 0.5090 (0.5090)  time: 0.1025  data: 0.0820  max mem: 17023
Test:  [10/19]  eta: 0:00:03  loss: 0.4197 (0.5569)  loss_CrossEntropy: 0.4197 (0.5569)  Rv: 0.8626 (0.6985)  Lv: 0.7489 (0.6893)  Myo: 0.8363 (0.8008)  Avg: 0.7146 (0.7295)  time: 0.3507  data: 0.3295  max mem: 17023
Test:  [18/19]  eta: 0:00:00  loss: 0.4197 (0.5255)  loss_CrossEntropy: 0.4197 (0.5255)  Rv: 0.6547 (0.6122)  Lv: 0.7489 (0.7068)  Myo: 0.8233 (0.7822)  Avg: 0.7415 (0.7004)  time: 0.0397  data: 0.0216  max mem: 17023
Test: Total time: 0:00:02 (0.1540 s / it)
Averaged stats: loss: 0.4197 (0.5255)  loss_CrossEntropy: 0.4197 (0.5255)  Rv: 0.6547 (0.6122)  Lv: 0.7489 (0.7068)  Myo: 0.8233 (0.7822)  Avg: 0.7415 (0.7004)
dice score: 0.7004363740745344
Update high dice score model!
cutout loss: 0.016256941482424736
original loss: 0.01712416671216488
integrity loss: 0.008335674181580544
invariant loss: 0.01648527942597866
Epoch: [86]  [ 0/95]  eta: 0:01:57  lr: 0.000100  loss: 0.0171 (0.0171)  loss_CrossEntropy: 0.0171 (0.0171)  time: 1.2371  data: 0.2526  max mem: 17023
Epoch: [86]  [10/95]  eta: 0:01:52  lr: 0.000100  loss: 0.0093 (0.0100)  loss_CrossEntropy: 0.0093 (0.0100)  time: 1.3183  data: 0.3312  max mem: 17023
Epoch: [86]  [20/95]  eta: 0:01:59  lr: 0.000100  loss: 0.0097 (0.0112)  loss_CrossEntropy: 0.0097 (0.0112)  time: 1.5933  data: 0.6100  max mem: 17023
Epoch: [86]  [30/95]  eta: 0:01:26  lr: 0.000100  loss: 0.0099 (0.0107)  loss_CrossEntropy: 0.0099 (0.0107)  time: 1.3276  data: 0.3092  max mem: 17023
Epoch: [86]  [40/95]  eta: 0:01:02  lr: 0.000100  loss: 0.0099 (0.0107)  loss_CrossEntropy: 0.0099 (0.0107)  time: 1.1364  data: 0.1572  max mem: 17023
Epoch: [86]  [50/95]  eta: 0:01:04  lr: 0.000100  loss: 0.0099 (0.0105)  loss_CrossEntropy: 0.0099 (0.0105)  time: 1.4431  data: 0.4646  max mem: 17023
Epoch: [86]  [60/95]  eta: 0:00:52  lr: 0.000100  loss: 0.0094 (0.0103)  loss_CrossEntropy: 0.0094 (0.0103)  time: 1.5114  data: 0.5208  max mem: 17023
Epoch: [86]  [70/95]  eta: 0:00:30  lr: 0.000100  loss: 0.0094 (0.0101)  loss_CrossEntropy: 0.0094 (0.0101)  time: 1.2242  data: 0.2283  max mem: 17023
Epoch: [86]  [80/95]  eta: 0:00:17  lr: 0.000100  loss: 0.0094 (0.0100)  loss_CrossEntropy: 0.0094 (0.0100)  time: 1.1899  data: 0.2005  max mem: 17023
Epoch: [86]  [90/95]  eta: 0:00:06  lr: 0.000100  loss: 0.0104 (0.0101)  loss_CrossEntropy: 0.0104 (0.0101)  time: 1.2058  data: 0.2109  max mem: 17023
Epoch: [86]  [94/95]  eta: 0:00:01  lr: 0.000100  loss: 0.0101 (0.0101)  loss_CrossEntropy: 0.0101 (0.0101)  time: 1.4420  data: 0.4227  max mem: 17023
Epoch: [86] Total time: 0:02:06 (1.3323 s / it)
Averaged stats: lr: 0.000100  loss: 0.0101 (0.0101)  loss_CrossEntropy: 0.0101 (0.0101)
Test:  [ 0/19]  eta: 0:00:07  loss: 0.4435 (0.4435)  loss_CrossEntropy: 0.4435 (0.4435)  Rv: 0.0000 (0.0000)  Lv: 0.7964 (0.7964)  Myo: 0.6712 (0.6712)  Avg: 0.4892 (0.4892)  time: 0.3707  data: 0.3376  max mem: 17023
Test:  [10/19]  eta: 0:00:00  loss: 0.4435 (0.6401)  loss_CrossEntropy: 0.4435 (0.6401)  Rv: 0.7957 (0.6941)  Lv: 0.7964 (0.6785)  Myo: 0.7891 (0.7716)  Avg: 0.7082 (0.7147)  time: 0.0646  data: 0.0429  max mem: 17023
Test:  [18/19]  eta: 0:00:00  loss: 0.4907 (0.6306)  loss_CrossEntropy: 0.4907 (0.6306)  Rv: 0.6985 (0.6309)  Lv: 0.6144 (0.6161)  Myo: 0.7891 (0.7834)  Avg: 0.7082 (0.6768)  time: 0.0516  data: 0.0272  max mem: 17023
Test: Total time: 0:00:03 (0.1779 s / it)
Averaged stats: loss: 0.4907 (0.6306)  loss_CrossEntropy: 0.4907 (0.6306)  Rv: 0.6985 (0.6309)  Lv: 0.6144 (0.6161)  Myo: 0.7891 (0.7834)  Avg: 0.7082 (0.6768)
dice score: 0.6767913605037489
Update high dice score model!
cutout loss: 0.014490949921309948
original loss: 0.007698561064898968
integrity loss: 0.0061013223603367805
invariant loss: 0.016463298350572586
Epoch: [87]  [ 0/95]  eta: 0:02:11  lr: 0.000100  loss: 0.0077 (0.0077)  loss_CrossEntropy: 0.0077 (0.0077)  time: 1.3874  data: 0.4097  max mem: 17023
Epoch: [87]  [10/95]  eta: 0:01:26  lr: 0.000100  loss: 0.0085 (0.0095)  loss_CrossEntropy: 0.0085 (0.0095)  time: 1.0218  data: 0.0259  max mem: 17023
Epoch: [87]  [20/95]  eta: 0:01:17  lr: 0.000100  loss: 0.0097 (0.0093)  loss_CrossEntropy: 0.0097 (0.0093)  time: 1.0320  data: 0.0341  max mem: 17023
Epoch: [87]  [30/95]  eta: 0:01:44  lr: 0.000100  loss: 0.0097 (0.0092)  loss_CrossEntropy: 0.0097 (0.0092)  time: 1.6075  data: 0.5967  max mem: 17023
Epoch: [87]  [40/95]  eta: 0:01:13  lr: 0.000100  loss: 0.0096 (0.0092)  loss_CrossEntropy: 0.0096 (0.0092)  time: 1.3427  data: 0.3071  max mem: 17023
Epoch: [87]  [50/95]  eta: 0:01:04  lr: 0.000100  loss: 0.0093 (0.0092)  loss_CrossEntropy: 0.0093 (0.0092)  time: 1.4382  data: 0.3702  max mem: 17023
Epoch: [87]  [60/95]  eta: 0:00:51  lr: 0.000100  loss: 0.0094 (0.0094)  loss_CrossEntropy: 0.0094 (0.0094)  time: 1.4681  data: 0.4840  max mem: 17023
Epoch: [87]  [70/95]  eta: 0:00:26  lr: 0.000100  loss: 0.0107 (0.0096)  loss_CrossEntropy: 0.0107 (0.0096)  time: 1.0657  data: 0.0780  max mem: 17023
Epoch: [87]  [80/95]  eta: 0:00:23  lr: 0.000100  loss: 0.0108 (0.0098)  loss_CrossEntropy: 0.0108 (0.0098)  time: 1.5840  data: 0.5893  max mem: 17023
Epoch: [87]  [90/95]  eta: 0:00:05  lr: 0.000100  loss: 0.0092 (0.0098)  loss_CrossEntropy: 0.0092 (0.0098)  time: 1.0537  data: 0.0686  max mem: 17023
Epoch: [87]  [94/95]  eta: 0:00:01  lr: 0.000100  loss: 0.0097 (0.0098)  loss_CrossEntropy: 0.0097 (0.0098)  time: 1.2743  data: 0.2849  max mem: 17023
Epoch: [87] Total time: 0:02:05 (1.3256 s / it)
Averaged stats: lr: 0.000100  loss: 0.0097 (0.0098)  loss_CrossEntropy: 0.0097 (0.0098)
Test:  [ 0/19]  eta: 0:00:01  loss: 0.4220 (0.4220)  loss_CrossEntropy: 0.4220 (0.4220)  Rv: 0.0000 (0.0000)  Lv: 0.7479 (0.7479)  Myo: 0.6348 (0.6348)  Avg: 0.4609 (0.4609)  time: 0.0608  data: 0.0396  max mem: 17023
Test:  [10/19]  eta: 0:00:03  loss: 0.4316 (0.5705)  loss_CrossEntropy: 0.4316 (0.5705)  Rv: 0.7130 (0.6731)  Lv: 0.7892 (0.6889)  Myo: 0.8677 (0.8260)  Avg: 0.7272 (0.7293)  time: 0.3745  data: 0.3409  max mem: 17023
Test:  [18/19]  eta: 0:00:00  loss: 0.4464 (0.5546)  loss_CrossEntropy: 0.4464 (0.5546)  Rv: 0.6440 (0.6093)  Lv: 0.7148 (0.6635)  Myo: 0.8626 (0.8246)  Avg: 0.7161 (0.6991)  time: 0.1825  data: 0.1650  max mem: 17023
Test: Total time: 0:00:04 (0.2386 s / it)
Averaged stats: loss: 0.4464 (0.5546)  loss_CrossEntropy: 0.4464 (0.5546)  Rv: 0.6440 (0.6093)  Lv: 0.7148 (0.6635)  Myo: 0.8626 (0.8246)  Avg: 0.7161 (0.6991)
dice score: 0.6991396687532726
Update high dice score model!
cutout loss: 0.00951943825930357
original loss: 0.015268751420080662
integrity loss: 0.007221496198326349
invariant loss: 0.0141841946169734
Epoch: [88]  [ 0/95]  eta: 0:02:15  lr: 0.000100  loss: 0.0153 (0.0153)  loss_CrossEntropy: 0.0153 (0.0153)  time: 1.4282  data: 0.4465  max mem: 17023
Epoch: [88]  [10/95]  eta: 0:01:40  lr: 0.000100  loss: 0.0105 (0.0108)  loss_CrossEntropy: 0.0105 (0.0108)  time: 1.1830  data: 0.1838  max mem: 17023
Epoch: [88]  [20/95]  eta: 0:01:42  lr: 0.000100  loss: 0.0097 (0.0103)  loss_CrossEntropy: 0.0097 (0.0103)  time: 1.3700  data: 0.3682  max mem: 17023
Epoch: [88]  [30/95]  eta: 0:01:26  lr: 0.000100  loss: 0.0096 (0.0101)  loss_CrossEntropy: 0.0096 (0.0101)  time: 1.3245  data: 0.3137  max mem: 17023
Epoch: [88]  [40/95]  eta: 0:01:11  lr: 0.000100  loss: 0.0104 (0.0103)  loss_CrossEntropy: 0.0104 (0.0103)  time: 1.3076  data: 0.3313  max mem: 17023
Epoch: [88]  [50/95]  eta: 0:00:52  lr: 0.000100  loss: 0.0099 (0.0103)  loss_CrossEntropy: 0.0099 (0.0103)  time: 1.1565  data: 0.1266  max mem: 17023
Epoch: [88]  [60/95]  eta: 0:00:43  lr: 0.000100  loss: 0.0088 (0.0101)  loss_CrossEntropy: 0.0088 (0.0101)  time: 1.2417  data: 0.2655  max mem: 17023
Epoch: [88]  [70/95]  eta: 0:00:32  lr: 0.000100  loss: 0.0088 (0.0100)  loss_CrossEntropy: 0.0088 (0.0100)  time: 1.2809  data: 0.2643  max mem: 17023
Epoch: [88]  [80/95]  eta: 0:00:20  lr: 0.000100  loss: 0.0090 (0.0099)  loss_CrossEntropy: 0.0090 (0.0099)  time: 1.3777  data: 0.3788  max mem: 17023
Epoch: [88]  [90/95]  eta: 0:00:06  lr: 0.000100  loss: 0.0095 (0.0098)  loss_CrossEntropy: 0.0095 (0.0098)  time: 1.2290  data: 0.2441  max mem: 17023
Epoch: [88]  [94/95]  eta: 0:00:01  lr: 0.000100  loss: 0.0100 (0.0099)  loss_CrossEntropy: 0.0100 (0.0099)  time: 1.1840  data: 0.2111  max mem: 17023
Epoch: [88] Total time: 0:02:02 (1.2914 s / it)
Averaged stats: lr: 0.000100  loss: 0.0100 (0.0099)  loss_CrossEntropy: 0.0100 (0.0099)
Test:  [ 0/19]  eta: 0:00:00  loss: 0.4071 (0.4071)  loss_CrossEntropy: 0.4071 (0.4071)  Rv: 0.0000 (0.0000)  Lv: 0.8563 (0.8563)  Myo: 0.6131 (0.6131)  Avg: 0.4898 (0.4898)  time: 0.0516  data: 0.0312  max mem: 17023
Test:  [10/19]  eta: 0:00:01  loss: 0.4047 (0.4038)  loss_CrossEntropy: 0.4047 (0.4038)  Rv: 0.8540 (0.7155)  Lv: 0.8563 (0.8601)  Myo: 0.8382 (0.8043)  Avg: 0.8075 (0.7933)  time: 0.1571  data: 0.1358  max mem: 17023
Test:  [18/19]  eta: 0:00:00  loss: 0.3917 (0.4005)  loss_CrossEntropy: 0.3917 (0.4005)  Rv: 0.6511 (0.6229)  Lv: 0.9034 (0.8497)  Myo: 0.8050 (0.7909)  Avg: 0.8020 (0.7545)  time: 0.0360  data: 0.0183  max mem: 17023
Test: Total time: 0:00:02 (0.1403 s / it)
Averaged stats: loss: 0.3917 (0.4005)  loss_CrossEntropy: 0.3917 (0.4005)  Rv: 0.6511 (0.6229)  Lv: 0.9034 (0.8497)  Myo: 0.8050 (0.7909)  Avg: 0.8020 (0.7545)
dice score: 0.7545296894876581
Update best model!
Update high dice score model!
cutout loss: 0.013032389804720879
original loss: 0.008741549216210842
integrity loss: 0.005564278457313776
invariant loss: 0.013121413998305798
Epoch: [89]  [ 0/95]  eta: 0:02:02  lr: 0.000100  loss: 0.0087 (0.0087)  loss_CrossEntropy: 0.0087 (0.0087)  time: 1.2853  data: 0.3044  max mem: 17023
Epoch: [89]  [10/95]  eta: 0:01:51  lr: 0.000100  loss: 0.0089 (0.0099)  loss_CrossEntropy: 0.0089 (0.0099)  time: 1.3100  data: 0.2687  max mem: 17023
Epoch: [89]  [20/95]  eta: 0:02:04  lr: 0.000100  loss: 0.0088 (0.0091)  loss_CrossEntropy: 0.0088 (0.0091)  time: 1.6638  data: 0.6816  max mem: 17023
Epoch: [89]  [30/95]  eta: 0:01:37  lr: 0.000100  loss: 0.0090 (0.0103)  loss_CrossEntropy: 0.0090 (0.0103)  time: 1.5052  data: 0.5116  max mem: 17023
Epoch: [89]  [40/95]  eta: 0:01:04  lr: 0.000100  loss: 0.0107 (0.0107)  loss_CrossEntropy: 0.0107 (0.0107)  time: 1.1725  data: 0.1893  max mem: 17023
Epoch: [89]  [50/95]  eta: 0:01:00  lr: 0.000100  loss: 0.0109 (0.0106)  loss_CrossEntropy: 0.0109 (0.0106)  time: 1.3431  data: 0.3707  max mem: 17023
Epoch: [89]  [60/95]  eta: 0:00:36  lr: 0.000100  loss: 0.0105 (0.0106)  loss_CrossEntropy: 0.0105 (0.0106)  time: 1.0335  data: 0.0378  max mem: 17023
Epoch: [89]  [70/95]  eta: 0:00:42  lr: 0.000100  loss: 0.0105 (0.0105)  loss_CrossEntropy: 0.0105 (0.0105)  time: 1.6837  data: 0.6959  max mem: 17023
Epoch: [89]  [80/95]  eta: 0:00:17  lr: 0.000100  loss: 0.0106 (0.0105)  loss_CrossEntropy: 0.0106 (0.0105)  time: 1.1689  data: 0.1818  max mem: 17023
Epoch: [89]  [90/95]  eta: 0:00:05  lr: 0.000100  loss: 0.0096 (0.0104)  loss_CrossEntropy: 0.0096 (0.0104)  time: 1.1818  data: 0.2025  max mem: 17023
Epoch: [89]  [94/95]  eta: 0:00:01  lr: 0.000100  loss: 0.0090 (0.0102)  loss_CrossEntropy: 0.0090 (0.0102)  time: 1.3271  data: 0.3490  max mem: 17023
Epoch: [89] Total time: 0:02:03 (1.2987 s / it)
Averaged stats: lr: 0.000100  loss: 0.0090 (0.0102)  loss_CrossEntropy: 0.0090 (0.0102)
Test:  [ 0/19]  eta: 0:00:01  loss: 0.4015 (0.4015)  loss_CrossEntropy: 0.4015 (0.4015)  Rv: 0.0000 (0.0000)  Lv: 0.7503 (0.7503)  Myo: 0.6543 (0.6543)  Avg: 0.4682 (0.4682)  time: 0.0948  data: 0.0744  max mem: 17023
Test:  [10/19]  eta: 0:00:00  loss: 0.4214 (0.6076)  loss_CrossEntropy: 0.4214 (0.6076)  Rv: 0.8743 (0.6616)  Lv: 0.6881 (0.6164)  Myo: 0.8025 (0.7591)  Avg: 0.6866 (0.6790)  time: 0.0411  data: 0.0201  max mem: 17023
Test:  [18/19]  eta: 0:00:00  loss: 0.4585 (0.5841)  loss_CrossEntropy: 0.4585 (0.5841)  Rv: 0.6691 (0.5863)  Lv: 0.6881 (0.6192)  Myo: 0.7939 (0.7556)  Avg: 0.6866 (0.6537)  time: 0.0408  data: 0.0235  max mem: 17023
Test: Total time: 0:00:03 (0.1659 s / it)
Averaged stats: loss: 0.4585 (0.5841)  loss_CrossEntropy: 0.4585 (0.5841)  Rv: 0.6691 (0.5863)  Lv: 0.6881 (0.6192)  Myo: 0.7939 (0.7556)  Avg: 0.6866 (0.6537)
dice score: 0.6536815182158822
Update high dice score model!
cutout loss: 0.02499537169933319
original loss: 0.010201629251241684
integrity loss: 0.005821532104164362
invariant loss: 0.013779318891465664
Epoch: [90]  [ 0/95]  eta: 0:02:16  lr: 0.000100  loss: 0.0102 (0.0102)  loss_CrossEntropy: 0.0102 (0.0102)  time: 1.4359  data: 0.4439  max mem: 17023
Epoch: [90]  [10/95]  eta: 0:02:03  lr: 0.000100  loss: 0.0097 (0.0091)  loss_CrossEntropy: 0.0097 (0.0091)  time: 1.4505  data: 0.4647  max mem: 17023
Epoch: [90]  [20/95]  eta: 0:02:09  lr: 0.000100  loss: 0.0078 (0.0090)  loss_CrossEntropy: 0.0078 (0.0090)  time: 1.7226  data: 0.7517  max mem: 17023
Epoch: [90]  [30/95]  eta: 0:01:36  lr: 0.000100  loss: 0.0093 (0.0096)  loss_CrossEntropy: 0.0093 (0.0096)  time: 1.4837  data: 0.4923  max mem: 17023
Epoch: [90]  [40/95]  eta: 0:01:07  lr: 0.000100  loss: 0.0092 (0.0097)  loss_CrossEntropy: 0.0092 (0.0097)  time: 1.2212  data: 0.2499  max mem: 17023
Epoch: [90]  [50/95]  eta: 0:00:56  lr: 0.000100  loss: 0.0087 (0.0095)  loss_CrossEntropy: 0.0087 (0.0095)  time: 1.2469  data: 0.2491  max mem: 17023
Epoch: [90]  [60/95]  eta: 0:00:46  lr: 0.000100  loss: 0.0093 (0.0094)  loss_CrossEntropy: 0.0093 (0.0094)  time: 1.3271  data: 0.3462  max mem: 17023
Epoch: [90]  [70/95]  eta: 0:00:33  lr: 0.000100  loss: 0.0094 (0.0095)  loss_CrossEntropy: 0.0094 (0.0095)  time: 1.3435  data: 0.3721  max mem: 17023
Epoch: [90]  [80/95]  eta: 0:00:18  lr: 0.000100  loss: 0.0096 (0.0096)  loss_CrossEntropy: 0.0096 (0.0096)  time: 1.2098  data: 0.2314  max mem: 17023
Epoch: [90]  [90/95]  eta: 0:00:07  lr: 0.000100  loss: 0.0096 (0.0095)  loss_CrossEntropy: 0.0096 (0.0095)  time: 1.4009  data: 0.4122  max mem: 17023
Epoch: [90]  [94/95]  eta: 0:00:01  lr: 0.000100  loss: 0.0096 (0.0094)  loss_CrossEntropy: 0.0096 (0.0094)  time: 1.6481  data: 0.6540  max mem: 17023
Epoch: [90] Total time: 0:02:05 (1.3239 s / it)
Averaged stats: lr: 0.000100  loss: 0.0096 (0.0094)  loss_CrossEntropy: 0.0096 (0.0094)
Test:  [ 0/19]  eta: 0:00:06  loss: 0.3633 (0.3633)  loss_CrossEntropy: 0.3633 (0.3633)  Rv: 0.0000 (0.0000)  Lv: 0.8509 (0.8509)  Myo: 0.6444 (0.6444)  Avg: 0.4984 (0.4984)  time: 0.3349  data: 0.2961  max mem: 17023
Test:  [10/19]  eta: 0:00:01  loss: 0.3727 (0.5722)  loss_CrossEntropy: 0.3727 (0.5722)  Rv: 0.9010 (0.7285)  Lv: 0.8344 (0.6875)  Myo: 0.8421 (0.7979)  Avg: 0.7069 (0.7380)  time: 0.1595  data: 0.1380  max mem: 17023
Test:  [18/19]  eta: 0:00:00  loss: 0.3880 (0.5401)  loss_CrossEntropy: 0.3880 (0.5401)  Rv: 0.7182 (0.6546)  Lv: 0.7757 (0.6972)  Myo: 0.8252 (0.8002)  Avg: 0.7193 (0.7173)  time: 0.0411  data: 0.0236  max mem: 17023
Test: Total time: 0:00:03 (0.1752 s / it)
Averaged stats: loss: 0.3880 (0.5401)  loss_CrossEntropy: 0.3880 (0.5401)  Rv: 0.7182 (0.6546)  Lv: 0.7757 (0.6972)  Myo: 0.8252 (0.8002)  Avg: 0.7193 (0.7173)
dice score: 0.7173282613879756
Update high dice score model!
cutout loss: 0.0172299575060606
original loss: 0.009419260546565056
integrity loss: 0.005479299928992987
invariant loss: 0.014616454020142555
Epoch: [91]  [ 0/95]  eta: 0:01:36  lr: 0.000100  loss: 0.0094 (0.0094)  loss_CrossEntropy: 0.0094 (0.0094)  time: 1.0160  data: 0.0314  max mem: 17023
Epoch: [91]  [10/95]  eta: 0:01:40  lr: 0.000100  loss: 0.0091 (0.0088)  loss_CrossEntropy: 0.0091 (0.0088)  time: 1.1882  data: 0.1824  max mem: 17023
Epoch: [91]  [20/95]  eta: 0:01:47  lr: 0.000100  loss: 0.0088 (0.0091)  loss_CrossEntropy: 0.0088 (0.0091)  time: 1.4275  data: 0.4057  max mem: 17023
Epoch: [91]  [30/95]  eta: 0:01:45  lr: 0.000100  loss: 0.0085 (0.0089)  loss_CrossEntropy: 0.0085 (0.0089)  time: 1.6240  data: 0.6142  max mem: 17023
Epoch: [91]  [40/95]  eta: 0:01:06  lr: 0.000100  loss: 0.0085 (0.0092)  loss_CrossEntropy: 0.0085 (0.0092)  time: 1.2074  data: 0.2146  max mem: 17023
Epoch: [91]  [50/95]  eta: 0:01:08  lr: 0.000100  loss: 0.0083 (0.0091)  loss_CrossEntropy: 0.0083 (0.0091)  time: 1.5118  data: 0.5222  max mem: 17023
Epoch: [91]  [60/95]  eta: 0:00:46  lr: 0.000100  loss: 0.0076 (0.0089)  loss_CrossEntropy: 0.0076 (0.0089)  time: 1.3342  data: 0.3340  max mem: 17023
Epoch: [91]  [70/95]  eta: 0:00:29  lr: 0.000100  loss: 0.0076 (0.0089)  loss_CrossEntropy: 0.0076 (0.0089)  time: 1.1899  data: 0.2073  max mem: 17023
Epoch: [91]  [80/95]  eta: 0:00:18  lr: 0.000100  loss: 0.0091 (0.0090)  loss_CrossEntropy: 0.0091 (0.0090)  time: 1.2149  data: 0.2408  max mem: 17023
Epoch: [91]  [90/95]  eta: 0:00:07  lr: 0.000100  loss: 0.0098 (0.0092)  loss_CrossEntropy: 0.0098 (0.0092)  time: 1.4783  data: 0.5045  max mem: 17023
Epoch: [91]  [94/95]  eta: 0:00:01  lr: 0.000100  loss: 0.0099 (0.0091)  loss_CrossEntropy: 0.0099 (0.0091)  time: 1.0187  data: 0.0271  max mem: 17023
Epoch: [91] Total time: 0:02:03 (1.3052 s / it)
Averaged stats: lr: 0.000100  loss: 0.0099 (0.0091)  loss_CrossEntropy: 0.0099 (0.0091)
Test:  [ 0/19]  eta: 0:00:06  loss: 0.4353 (0.4353)  loss_CrossEntropy: 0.4353 (0.4353)  Rv: 0.0000 (0.0000)  Lv: 0.7543 (0.7543)  Myo: 0.5930 (0.5930)  Avg: 0.4491 (0.4491)  time: 0.3210  data: 0.2998  max mem: 17023
Test:  [10/19]  eta: 0:00:00  loss: 0.4353 (0.6332)  loss_CrossEntropy: 0.4353 (0.6332)  Rv: 0.9096 (0.7428)  Lv: 0.7231 (0.6372)  Myo: 0.8517 (0.7915)  Avg: 0.7074 (0.7238)  time: 0.0452  data: 0.0240  max mem: 17023
Test:  [18/19]  eta: 0:00:00  loss: 0.4522 (0.6014)  loss_CrossEntropy: 0.4522 (0.6014)  Rv: 0.7021 (0.6539)  Lv: 0.7009 (0.6441)  Myo: 0.8428 (0.7831)  Avg: 0.7074 (0.6937)  time: 0.0329  data: 0.0154  max mem: 17023
Test: Total time: 0:00:04 (0.2281 s / it)
Averaged stats: loss: 0.4522 (0.6014)  loss_CrossEntropy: 0.4522 (0.6014)  Rv: 0.7021 (0.6539)  Lv: 0.7009 (0.6441)  Myo: 0.8428 (0.7831)  Avg: 0.7074 (0.6937)
dice score: 0.6937104055756017
Update high dice score model!
cutout loss: 0.004989070817828178
original loss: 0.005640380084514618
integrity loss: 0.004083466716110706
invariant loss: 0.012796461582183838
Epoch: [92]  [ 0/95]  eta: 0:01:48  lr: 0.000100  loss: 0.0056 (0.0056)  loss_CrossEntropy: 0.0056 (0.0056)  time: 1.1469  data: 0.1624  max mem: 17023
Epoch: [92]  [10/95]  eta: 0:02:04  lr: 0.000100  loss: 0.0067 (0.0074)  loss_CrossEntropy: 0.0067 (0.0074)  time: 1.4609  data: 0.4590  max mem: 17023
Epoch: [92]  [20/95]  eta: 0:02:07  lr: 0.000100  loss: 0.0079 (0.0084)  loss_CrossEntropy: 0.0079 (0.0084)  time: 1.7056  data: 0.7159  max mem: 17023
Epoch: [92]  [30/95]  eta: 0:01:20  lr: 0.000100  loss: 0.0091 (0.0092)  loss_CrossEntropy: 0.0091 (0.0092)  time: 1.2340  data: 0.2536  max mem: 17023
Epoch: [92]  [40/95]  eta: 0:01:07  lr: 0.000100  loss: 0.0093 (0.0092)  loss_CrossEntropy: 0.0093 (0.0092)  time: 1.2265  data: 0.2413  max mem: 17023
Epoch: [92]  [50/95]  eta: 0:01:05  lr: 0.000100  loss: 0.0091 (0.0094)  loss_CrossEntropy: 0.0091 (0.0094)  time: 1.4506  data: 0.4584  max mem: 17023
Epoch: [92]  [60/95]  eta: 0:00:44  lr: 0.000100  loss: 0.0091 (0.0094)  loss_CrossEntropy: 0.0091 (0.0094)  time: 1.2577  data: 0.2770  max mem: 17023
Epoch: [92]  [70/95]  eta: 0:00:27  lr: 0.000100  loss: 0.0090 (0.0095)  loss_CrossEntropy: 0.0090 (0.0095)  time: 1.0890  data: 0.0626  max mem: 17023
Epoch: [92]  [80/95]  eta: 0:00:16  lr: 0.000100  loss: 0.0099 (0.0096)  loss_CrossEntropy: 0.0099 (0.0096)  time: 1.1143  data: 0.0807  max mem: 17023
Epoch: [92]  [90/95]  eta: 0:00:05  lr: 0.000100  loss: 0.0098 (0.0096)  loss_CrossEntropy: 0.0098 (0.0096)  time: 1.0236  data: 0.0341  max mem: 17023
Epoch: [92]  [94/95]  eta: 0:00:01  lr: 0.000100  loss: 0.0098 (0.0096)  loss_CrossEntropy: 0.0098 (0.0096)  time: 1.0751  data: 0.0308  max mem: 17023
Epoch: [92] Total time: 0:01:59 (1.2627 s / it)
Averaged stats: lr: 0.000100  loss: 0.0098 (0.0096)  loss_CrossEntropy: 0.0098 (0.0096)
Test:  [ 0/19]  eta: 0:00:07  loss: 0.3691 (0.3691)  loss_CrossEntropy: 0.3691 (0.3691)  Rv: 0.0000 (0.0000)  Lv: 0.8471 (0.8471)  Myo: 0.6572 (0.6572)  Avg: 0.5014 (0.5014)  time: 0.3938  data: 0.3616  max mem: 17023
Test:  [10/19]  eta: 0:00:03  loss: 0.3802 (0.3966)  loss_CrossEntropy: 0.3802 (0.3966)  Rv: 0.8858 (0.7202)  Lv: 0.8477 (0.8204)  Myo: 0.8152 (0.7789)  Avg: 0.8490 (0.7732)  time: 0.3800  data: 0.3462  max mem: 17023
Test:  [18/19]  eta: 0:00:00  loss: 0.3739 (0.3879)  loss_CrossEntropy: 0.3739 (0.3879)  Rv: 0.6989 (0.6456)  Lv: 0.8904 (0.8463)  Myo: 0.8272 (0.7998)  Avg: 0.8029 (0.7639)  time: 0.2758  data: 0.2524  max mem: 17023
Test: Total time: 0:00:03 (0.2055 s / it)
Averaged stats: loss: 0.3739 (0.3879)  loss_CrossEntropy: 0.3739 (0.3879)  Rv: 0.6989 (0.6456)  Lv: 0.8904 (0.8463)  Myo: 0.8272 (0.7998)  Avg: 0.8029 (0.7639)
dice score: 0.763886947380869
Update best model!
Update high dice score model!
cutout loss: 0.01870916225016117
original loss: 0.011198439635336399
integrity loss: 0.005697679705917835
invariant loss: 0.016798680648207664
Epoch: [93]  [ 0/95]  eta: 0:02:10  lr: 0.000100  loss: 0.0112 (0.0112)  loss_CrossEntropy: 0.0112 (0.0112)  time: 1.3765  data: 0.3876  max mem: 17023
Epoch: [93]  [10/95]  eta: 0:01:51  lr: 0.000100  loss: 0.0103 (0.0104)  loss_CrossEntropy: 0.0103 (0.0104)  time: 1.3074  data: 0.3302  max mem: 17023
Epoch: [93]  [20/95]  eta: 0:01:49  lr: 0.000100  loss: 0.0095 (0.0097)  loss_CrossEntropy: 0.0095 (0.0097)  time: 1.4652  data: 0.4802  max mem: 17023
Epoch: [93]  [30/95]  eta: 0:01:56  lr: 0.000100  loss: 0.0095 (0.0107)  loss_CrossEntropy: 0.0095 (0.0107)  time: 1.7919  data: 0.8017  max mem: 17023
Epoch: [93]  [40/95]  eta: 0:01:25  lr: 0.000100  loss: 0.0100 (0.0100)  loss_CrossEntropy: 0.0100 (0.0100)  time: 1.5456  data: 0.5631  max mem: 17023
Epoch: [93]  [50/95]  eta: 0:00:54  lr: 0.000100  loss: 0.0074 (0.0097)  loss_CrossEntropy: 0.0074 (0.0097)  time: 1.2121  data: 0.2316  max mem: 17023
Epoch: [93]  [60/95]  eta: 0:00:48  lr: 0.000100  loss: 0.0086 (0.0099)  loss_CrossEntropy: 0.0086 (0.0099)  time: 1.3998  data: 0.4291  max mem: 17023
Epoch: [93]  [70/95]  eta: 0:00:34  lr: 0.000100  loss: 0.0095 (0.0098)  loss_CrossEntropy: 0.0095 (0.0098)  time: 1.3748  data: 0.3265  max mem: 17023
Epoch: [93]  [80/95]  eta: 0:00:18  lr: 0.000100  loss: 0.0095 (0.0099)  loss_CrossEntropy: 0.0095 (0.0099)  time: 1.2490  data: 0.2620  max mem: 17023
Epoch: [93]  [90/95]  eta: 0:00:06  lr: 0.000100  loss: 0.0089 (0.0097)  loss_CrossEntropy: 0.0089 (0.0097)  time: 1.3121  data: 0.3279  max mem: 17023
Epoch: [93]  [94/95]  eta: 0:00:01  lr: 0.000100  loss: 0.0075 (0.0097)  loss_CrossEntropy: 0.0075 (0.0097)  time: 1.7410  data: 0.7445  max mem: 17023
Epoch: [93] Total time: 0:02:07 (1.3402 s / it)
Averaged stats: lr: 0.000100  loss: 0.0075 (0.0097)  loss_CrossEntropy: 0.0075 (0.0097)
Test:  [ 0/19]  eta: 0:00:02  loss: 0.3405 (0.3405)  loss_CrossEntropy: 0.3405 (0.3405)  Rv: 0.0000 (0.0000)  Lv: 0.8598 (0.8598)  Myo: 0.6578 (0.6578)  Avg: 0.5059 (0.5059)  time: 0.1496  data: 0.1293  max mem: 17023
Test:  [10/19]  eta: 0:00:00  loss: 0.4018 (0.4470)  loss_CrossEntropy: 0.4018 (0.4470)  Rv: 0.7989 (0.6851)  Lv: 0.7234 (0.6801)  Myo: 0.6812 (0.6450)  Avg: 0.7217 (0.6701)  time: 0.0449  data: 0.0239  max mem: 17023
Test:  [18/19]  eta: 0:00:00  loss: 0.3960 (0.4373)  loss_CrossEntropy: 0.3960 (0.4373)  Rv: 0.6121 (0.5959)  Lv: 0.7891 (0.7010)  Myo: 0.6619 (0.6203)  Avg: 0.6816 (0.6391)  time: 0.0329  data: 0.0156  max mem: 17023
Test: Total time: 0:00:02 (0.1354 s / it)
Averaged stats: loss: 0.3960 (0.4373)  loss_CrossEntropy: 0.3960 (0.4373)  Rv: 0.6121 (0.5959)  Lv: 0.7891 (0.7010)  Myo: 0.6619 (0.6203)  Avg: 0.6816 (0.6391)
dice score: 0.639066650679237
Update high dice score model!
cutout loss: 0.014991230331361294
original loss: 0.008493101224303246
integrity loss: 0.004611331503838301
invariant loss: 0.01308208703994751
Epoch: [94]  [ 0/95]  eta: 0:02:13  lr: 0.000100  loss: 0.0085 (0.0085)  loss_CrossEntropy: 0.0085 (0.0085)  time: 1.4092  data: 0.4224  max mem: 17023
Epoch: [94]  [10/95]  eta: 0:01:45  lr: 0.000100  loss: 0.0114 (0.0114)  loss_CrossEntropy: 0.0114 (0.0114)  time: 1.2464  data: 0.2582  max mem: 17023
Epoch: [94]  [20/95]  eta: 0:01:16  lr: 0.000100  loss: 0.0098 (0.0106)  loss_CrossEntropy: 0.0098 (0.0106)  time: 1.0243  data: 0.0246  max mem: 17023
Epoch: [94]  [30/95]  eta: 0:01:23  lr: 0.000100  loss: 0.0090 (0.0099)  loss_CrossEntropy: 0.0090 (0.0099)  time: 1.2864  data: 0.2904  max mem: 17023
Epoch: [94]  [40/95]  eta: 0:01:23  lr: 0.000100  loss: 0.0088 (0.0098)  loss_CrossEntropy: 0.0088 (0.0098)  time: 1.5124  data: 0.4889  max mem: 17023
Epoch: [94]  [50/95]  eta: 0:00:54  lr: 0.000100  loss: 0.0094 (0.0098)  loss_CrossEntropy: 0.0094 (0.0098)  time: 1.2201  data: 0.2450  max mem: 17023
Epoch: [94]  [60/95]  eta: 0:00:44  lr: 0.000100  loss: 0.0093 (0.0097)  loss_CrossEntropy: 0.0093 (0.0097)  time: 1.2679  data: 0.2775  max mem: 17023
Epoch: [94]  [70/95]  eta: 0:00:34  lr: 0.000100  loss: 0.0089 (0.0095)  loss_CrossEntropy: 0.0089 (0.0095)  time: 1.3721  data: 0.3834  max mem: 17023
Epoch: [94]  [80/95]  eta: 0:00:18  lr: 0.000100  loss: 0.0086 (0.0095)  loss_CrossEntropy: 0.0086 (0.0095)  time: 1.2440  data: 0.2517  max mem: 17023
Epoch: [94]  [90/95]  eta: 0:00:07  lr: 0.000100  loss: 0.0081 (0.0095)  loss_CrossEntropy: 0.0081 (0.0095)  time: 1.4454  data: 0.4671  max mem: 17023
Epoch: [94]  [94/95]  eta: 0:00:01  lr: 0.000100  loss: 0.0081 (0.0096)  loss_CrossEntropy: 0.0081 (0.0096)  time: 1.3114  data: 0.3063  max mem: 17023
Epoch: [94] Total time: 0:02:03 (1.2967 s / it)
Averaged stats: lr: 0.000100  loss: 0.0081 (0.0096)  loss_CrossEntropy: 0.0081 (0.0096)
Test:  [ 0/19]  eta: 0:00:02  loss: 0.2954 (0.2954)  loss_CrossEntropy: 0.2954 (0.2954)  Rv: 0.0000 (0.0000)  Lv: 0.8549 (0.8549)  Myo: 0.6310 (0.6310)  Avg: 0.4953 (0.4953)  time: 0.1431  data: 0.1226  max mem: 17023
Test:  [10/19]  eta: 0:00:00  loss: 0.3476 (0.3426)  loss_CrossEntropy: 0.3476 (0.3426)  Rv: 0.8101 (0.7143)  Lv: 0.9364 (0.8815)  Myo: 0.8347 (0.7755)  Avg: 0.8630 (0.7904)  time: 0.0453  data: 0.0247  max mem: 17023
Test:  [18/19]  eta: 0:00:00  loss: 0.3430 (0.3467)  loss_CrossEntropy: 0.3430 (0.3467)  Rv: 0.6859 (0.6207)  Lv: 0.9097 (0.8860)  Myo: 0.8091 (0.7770)  Avg: 0.8122 (0.7612)  time: 0.0418  data: 0.0244  max mem: 17023
Test: Total time: 0:00:02 (0.1334 s / it)
Averaged stats: loss: 0.3430 (0.3467)  loss_CrossEntropy: 0.3430 (0.3467)  Rv: 0.6859 (0.6207)  Lv: 0.9097 (0.8860)  Myo: 0.8091 (0.7770)  Avg: 0.8122 (0.7612)
dice score: 0.7612413732629073
Update high dice score model!
cutout loss: 0.021957412362098694
original loss: 0.008553306572139263
integrity loss: 0.004488056991249323
invariant loss: 0.017659032717347145
Epoch: [95]  [ 0/95]  eta: 0:01:43  lr: 0.000100  loss: 0.0086 (0.0086)  loss_CrossEntropy: 0.0086 (0.0086)  time: 1.0941  data: 0.0440  max mem: 17023
Epoch: [95]  [10/95]  eta: 0:01:26  lr: 0.000100  loss: 0.0089 (0.0098)  loss_CrossEntropy: 0.0089 (0.0098)  time: 1.0148  data: 0.0343  max mem: 17023
Epoch: [95]  [20/95]  eta: 0:01:22  lr: 0.000100  loss: 0.0089 (0.0095)  loss_CrossEntropy: 0.0089 (0.0095)  time: 1.0994  data: 0.1138  max mem: 17023
Epoch: [95]  [30/95]  eta: 0:01:23  lr: 0.000100  loss: 0.0085 (0.0091)  loss_CrossEntropy: 0.0085 (0.0091)  time: 1.2912  data: 0.3140  max mem: 17023
Epoch: [95]  [40/95]  eta: 0:01:09  lr: 0.000100  loss: 0.0081 (0.0090)  loss_CrossEntropy: 0.0081 (0.0090)  time: 1.2550  data: 0.2646  max mem: 17023
Epoch: [95]  [50/95]  eta: 0:01:14  lr: 0.000100  loss: 0.0088 (0.0089)  loss_CrossEntropy: 0.0088 (0.0089)  time: 1.6641  data: 0.6672  max mem: 17023
Epoch: [95]  [60/95]  eta: 0:00:45  lr: 0.000100  loss: 0.0092 (0.0092)  loss_CrossEntropy: 0.0092 (0.0092)  time: 1.3021  data: 0.3037  max mem: 17023
Epoch: [95]  [70/95]  eta: 0:00:26  lr: 0.000100  loss: 0.0092 (0.0092)  loss_CrossEntropy: 0.0092 (0.0092)  time: 1.0415  data: 0.0532  max mem: 17023
Epoch: [95]  [80/95]  eta: 0:00:22  lr: 0.000100  loss: 0.0083 (0.0091)  loss_CrossEntropy: 0.0083 (0.0091)  time: 1.5159  data: 0.4762  max mem: 17023
Epoch: [95]  [90/95]  eta: 0:00:07  lr: 0.000100  loss: 0.0080 (0.0090)  loss_CrossEntropy: 0.0080 (0.0090)  time: 1.5536  data: 0.5527  max mem: 17023
Epoch: [95]  [94/95]  eta: 0:00:01  lr: 0.000100  loss: 0.0076 (0.0089)  loss_CrossEntropy: 0.0076 (0.0089)  time: 1.6954  data: 0.6528  max mem: 17023
Epoch: [95] Total time: 0:02:04 (1.3111 s / it)
Averaged stats: lr: 0.000100  loss: 0.0076 (0.0089)  loss_CrossEntropy: 0.0076 (0.0089)
Test:  [ 0/19]  eta: 0:00:03  loss: 0.3677 (0.3677)  loss_CrossEntropy: 0.3677 (0.3677)  Rv: 0.0000 (0.0000)  Lv: 0.8012 (0.8012)  Myo: 0.6425 (0.6425)  Avg: 0.4812 (0.4812)  time: 0.1616  data: 0.1412  max mem: 17023
Test:  [10/19]  eta: 0:00:03  loss: 0.3482 (0.3508)  loss_CrossEntropy: 0.3482 (0.3508)  Rv: 0.8613 (0.7195)  Lv: 0.9353 (0.9265)  Myo: 0.8384 (0.8005)  Avg: 0.8659 (0.8155)  time: 0.3587  data: 0.3256  max mem: 17023
Test:  [18/19]  eta: 0:00:00  loss: 0.3490 (0.3519)  loss_CrossEntropy: 0.3490 (0.3519)  Rv: 0.6427 (0.6276)  Lv: 0.9171 (0.9061)  Myo: 0.8067 (0.8011)  Avg: 0.8059 (0.7783)  time: 0.2155  data: 0.1944  max mem: 17023
Test: Total time: 0:00:03 (0.1754 s / it)
Averaged stats: loss: 0.3490 (0.3519)  loss_CrossEntropy: 0.3490 (0.3519)  Rv: 0.6427 (0.6276)  Lv: 0.9171 (0.9061)  Myo: 0.8067 (0.8011)  Avg: 0.8059 (0.7783)
dice score: 0.7782801326952482
Update best model!
Update high dice score model!
cutout loss: 0.012074219062924385
original loss: 0.007143998984247446
integrity loss: 0.004848879761993885
invariant loss: 0.01708095148205757
Epoch: [96]  [ 0/95]  eta: 0:02:14  lr: 0.000100  loss: 0.0071 (0.0071)  loss_CrossEntropy: 0.0071 (0.0071)  time: 1.4179  data: 0.4254  max mem: 17023
Epoch: [96]  [10/95]  eta: 0:01:53  lr: 0.000100  loss: 0.0071 (0.0078)  loss_CrossEntropy: 0.0071 (0.0078)  time: 1.3408  data: 0.3252  max mem: 17023
Epoch: [96]  [20/95]  eta: 0:01:28  lr: 0.000100  loss: 0.0073 (0.0083)  loss_CrossEntropy: 0.0073 (0.0083)  time: 1.1771  data: 0.2013  max mem: 17023
Epoch: [96]  [30/95]  eta: 0:01:05  lr: 0.000100  loss: 0.0085 (0.0084)  loss_CrossEntropy: 0.0085 (0.0084)  time: 1.0108  data: 0.0281  max mem: 17023
Epoch: [96]  [40/95]  eta: 0:01:23  lr: 0.000100  loss: 0.0088 (0.0086)  loss_CrossEntropy: 0.0088 (0.0086)  time: 1.5125  data: 0.5333  max mem: 17023
Epoch: [96]  [50/95]  eta: 0:00:50  lr: 0.000100  loss: 0.0091 (0.0087)  loss_CrossEntropy: 0.0091 (0.0087)  time: 1.1278  data: 0.1418  max mem: 17023
Epoch: [96]  [60/95]  eta: 0:00:46  lr: 0.000100  loss: 0.0091 (0.0088)  loss_CrossEntropy: 0.0091 (0.0088)  time: 1.3251  data: 0.3459  max mem: 17023
Epoch: [96]  [70/95]  eta: 0:00:34  lr: 0.000100  loss: 0.0087 (0.0089)  loss_CrossEntropy: 0.0087 (0.0089)  time: 1.3715  data: 0.3864  max mem: 17023
Epoch: [96]  [80/95]  eta: 0:00:22  lr: 0.000100  loss: 0.0087 (0.0090)  loss_CrossEntropy: 0.0087 (0.0090)  time: 1.5051  data: 0.4925  max mem: 17023
Epoch: [96]  [90/95]  eta: 0:00:06  lr: 0.000100  loss: 0.0098 (0.0091)  loss_CrossEntropy: 0.0098 (0.0091)  time: 1.3887  data: 0.4050  max mem: 17023
Epoch: [96]  [94/95]  eta: 0:00:01  lr: 0.000100  loss: 0.0096 (0.0091)  loss_CrossEntropy: 0.0096 (0.0091)  time: 1.0172  data: 0.0275  max mem: 17023
Epoch: [96] Total time: 0:02:04 (1.3065 s / it)
Averaged stats: lr: 0.000100  loss: 0.0096 (0.0091)  loss_CrossEntropy: 0.0096 (0.0091)
Test:  [ 0/19]  eta: 0:00:06  loss: 0.3688 (0.3688)  loss_CrossEntropy: 0.3688 (0.3688)  Rv: 0.0000 (0.0000)  Lv: 0.8392 (0.8392)  Myo: 0.6411 (0.6411)  Avg: 0.4934 (0.4934)  time: 0.3319  data: 0.3111  max mem: 17023
Test:  [10/19]  eta: 0:00:01  loss: 0.3528 (0.3546)  loss_CrossEntropy: 0.3528 (0.3546)  Rv: 0.6525 (0.6023)  Lv: 0.9406 (0.9253)  Myo: 0.8337 (0.7893)  Avg: 0.8272 (0.7723)  time: 0.2158  data: 0.1938  max mem: 17023
Test:  [18/19]  eta: 0:00:00  loss: 0.3563 (0.3593)  loss_CrossEntropy: 0.3563 (0.3593)  Rv: 0.6226 (0.5408)  Lv: 0.9225 (0.9145)  Myo: 0.8337 (0.7999)  Avg: 0.7596 (0.7517)  time: 0.0360  data: 0.0185  max mem: 17023
Test: Total time: 0:00:04 (0.2148 s / it)
Averaged stats: loss: 0.3563 (0.3593)  loss_CrossEntropy: 0.3563 (0.3593)  Rv: 0.6226 (0.5408)  Lv: 0.9225 (0.9145)  Myo: 0.8337 (0.7999)  Avg: 0.7596 (0.7517)
dice score: 0.7517202151449103
Update high dice score model!
cutout loss: 0.017099546268582344
original loss: 0.00829077884554863
integrity loss: 0.004715580027550459
invariant loss: 0.01723928563296795
Epoch: [97]  [ 0/95]  eta: 0:02:27  lr: 0.000100  loss: 0.0083 (0.0083)  loss_CrossEntropy: 0.0083 (0.0083)  time: 1.5485  data: 0.5629  max mem: 17023
Epoch: [97]  [10/95]  eta: 0:01:44  lr: 0.000100  loss: 0.0091 (0.0095)  loss_CrossEntropy: 0.0091 (0.0095)  time: 1.2325  data: 0.2402  max mem: 17023
Epoch: [97]  [20/95]  eta: 0:02:02  lr: 0.000100  loss: 0.0095 (0.0098)  loss_CrossEntropy: 0.0095 (0.0098)  time: 1.6362  data: 0.6503  max mem: 17023
Epoch: [97]  [30/95]  eta: 0:01:24  lr: 0.000100  loss: 0.0079 (0.0090)  loss_CrossEntropy: 0.0079 (0.0090)  time: 1.2949  data: 0.3049  max mem: 17023
Epoch: [97]  [40/95]  eta: 0:01:08  lr: 0.000100  loss: 0.0073 (0.0087)  loss_CrossEntropy: 0.0073 (0.0087)  time: 1.2509  data: 0.2666  max mem: 17023
Epoch: [97]  [50/95]  eta: 0:00:52  lr: 0.000100  loss: 0.0085 (0.0089)  loss_CrossEntropy: 0.0085 (0.0089)  time: 1.1777  data: 0.1956  max mem: 17023
Epoch: [97]  [60/95]  eta: 0:00:43  lr: 0.000100  loss: 0.0092 (0.0088)  loss_CrossEntropy: 0.0092 (0.0088)  time: 1.2438  data: 0.2645  max mem: 17023
Epoch: [97]  [70/95]  eta: 0:00:39  lr: 0.000100  loss: 0.0080 (0.0088)  loss_CrossEntropy: 0.0080 (0.0088)  time: 1.5793  data: 0.5996  max mem: 17023
Epoch: [97]  [80/95]  eta: 0:00:19  lr: 0.000100  loss: 0.0081 (0.0087)  loss_CrossEntropy: 0.0081 (0.0087)  time: 1.2873  data: 0.3096  max mem: 17023
Epoch: [97]  [90/95]  eta: 0:00:05  lr: 0.000100  loss: 0.0082 (0.0087)  loss_CrossEntropy: 0.0082 (0.0087)  time: 1.1900  data: 0.2135  max mem: 17023
Epoch: [97]  [94/95]  eta: 0:00:01  lr: 0.000100  loss: 0.0081 (0.0087)  loss_CrossEntropy: 0.0081 (0.0087)  time: 1.1960  data: 0.2208  max mem: 17023
Epoch: [97] Total time: 0:02:08 (1.3498 s / it)
Averaged stats: lr: 0.000100  loss: 0.0081 (0.0087)  loss_CrossEntropy: 0.0081 (0.0087)
Test:  [ 0/19]  eta: 0:00:01  loss: 0.3518 (0.3518)  loss_CrossEntropy: 0.3518 (0.3518)  Rv: 0.0000 (0.0000)  Lv: 0.8272 (0.8272)  Myo: 0.6185 (0.6185)  Avg: 0.4819 (0.4819)  time: 0.0660  data: 0.0456  max mem: 17023
Test:  [10/19]  eta: 0:00:00  loss: 0.3316 (0.3343)  loss_CrossEntropy: 0.3316 (0.3343)  Rv: 0.8331 (0.7229)  Lv: 0.9494 (0.9187)  Myo: 0.8597 (0.8130)  Avg: 0.8858 (0.8182)  time: 0.0395  data: 0.0194  max mem: 17023
Test:  [18/19]  eta: 0:00:00  loss: 0.3380 (0.3406)  loss_CrossEntropy: 0.3380 (0.3406)  Rv: 0.6505 (0.6259)  Lv: 0.9380 (0.8977)  Myo: 0.8198 (0.8055)  Avg: 0.8218 (0.7764)  time: 0.0325  data: 0.0154  max mem: 17023
Test: Total time: 0:00:02 (0.1325 s / it)
Averaged stats: loss: 0.3380 (0.3406)  loss_CrossEntropy: 0.3380 (0.3406)  Rv: 0.6505 (0.6259)  Lv: 0.9380 (0.8977)  Myo: 0.8198 (0.8055)  Avg: 0.8218 (0.7764)
dice score: 0.776369825789803
Update high dice score model!
cutout loss: 0.013193049468100071
original loss: 0.008276965469121933
integrity loss: 0.0034786760807037354
invariant loss: 0.015489441342651844
Epoch: [98]  [ 0/95]  eta: 0:02:21  lr: 0.000100  loss: 0.0083 (0.0083)  loss_CrossEntropy: 0.0083 (0.0083)  time: 1.4876  data: 0.4949  max mem: 17023
Epoch: [98]  [10/95]  eta: 0:02:13  lr: 0.000100  loss: 0.0084 (0.0094)  loss_CrossEntropy: 0.0084 (0.0094)  time: 1.5728  data: 0.5917  max mem: 17023
Epoch: [98]  [20/95]  eta: 0:01:31  lr: 0.000100  loss: 0.0082 (0.0087)  loss_CrossEntropy: 0.0082 (0.0087)  time: 1.2136  data: 0.2276  max mem: 17023
Epoch: [98]  [30/95]  eta: 0:01:08  lr: 0.000100  loss: 0.0078 (0.0086)  loss_CrossEntropy: 0.0078 (0.0086)  time: 1.0475  data: 0.0513  max mem: 17023
Epoch: [98]  [40/95]  eta: 0:01:18  lr: 0.000100  loss: 0.0078 (0.0085)  loss_CrossEntropy: 0.0078 (0.0085)  time: 1.4201  data: 0.4188  max mem: 17023
Epoch: [98]  [50/95]  eta: 0:01:01  lr: 0.000100  loss: 0.0078 (0.0086)  loss_CrossEntropy: 0.0078 (0.0086)  time: 1.3602  data: 0.3677  max mem: 17023
Epoch: [98]  [60/95]  eta: 0:00:38  lr: 0.000100  loss: 0.0088 (0.0088)  loss_CrossEntropy: 0.0088 (0.0088)  time: 1.0919  data: 0.1170  max mem: 17023
Epoch: [98]  [70/95]  eta: 0:00:35  lr: 0.000100  loss: 0.0085 (0.0087)  loss_CrossEntropy: 0.0085 (0.0087)  time: 1.4381  data: 0.4564  max mem: 17023
Epoch: [98]  [80/95]  eta: 0:00:19  lr: 0.000100  loss: 0.0077 (0.0086)  loss_CrossEntropy: 0.0077 (0.0086)  time: 1.2844  data: 0.3112  max mem: 17023
Epoch: [98]  [90/95]  eta: 0:00:05  lr: 0.000100  loss: 0.0074 (0.0085)  loss_CrossEntropy: 0.0074 (0.0085)  time: 1.1128  data: 0.0915  max mem: 17023
Epoch: [98]  [94/95]  eta: 0:00:01  lr: 0.000100  loss: 0.0072 (0.0085)  loss_CrossEntropy: 0.0072 (0.0085)  time: 1.3341  data: 0.3605  max mem: 17023
Epoch: [98] Total time: 0:02:02 (1.2922 s / it)
Averaged stats: lr: 0.000100  loss: 0.0072 (0.0085)  loss_CrossEntropy: 0.0072 (0.0085)
Test:  [ 0/19]  eta: 0:00:00  loss: 0.3635 (0.3635)  loss_CrossEntropy: 0.3635 (0.3635)  Rv: 0.0000 (0.0000)  Lv: 0.8306 (0.8306)  Myo: 0.6308 (0.6308)  Avg: 0.4871 (0.4871)  time: 0.0496  data: 0.0293  max mem: 17023
Test:  [10/19]  eta: 0:00:02  loss: 0.3614 (0.3598)  loss_CrossEntropy: 0.3614 (0.3598)  Rv: 0.7693 (0.6899)  Lv: 0.9457 (0.9001)  Myo: 0.8308 (0.7813)  Avg: 0.8583 (0.7904)  time: 0.3232  data: 0.2980  max mem: 17023
Test:  [18/19]  eta: 0:00:00  loss: 0.3605 (0.3609)  loss_CrossEntropy: 0.3605 (0.3609)  Rv: 0.6702 (0.6236)  Lv: 0.9369 (0.8840)  Myo: 0.8216 (0.7883)  Avg: 0.8245 (0.7653)  time: 0.0407  data: 0.0227  max mem: 17023
Test: Total time: 0:00:02 (0.1471 s / it)
Averaged stats: loss: 0.3605 (0.3609)  loss_CrossEntropy: 0.3605 (0.3609)  Rv: 0.6702 (0.6236)  Lv: 0.9369 (0.8840)  Myo: 0.8216 (0.7883)  Avg: 0.8245 (0.7653)
dice score: 0.7653205990791321
Update high dice score model!
cutout loss: 0.00942991767078638
original loss: 0.015928644686937332
integrity loss: 0.004292309284210205
invariant loss: 0.0140194958075881
Epoch: [99]  [ 0/95]  eta: 0:01:37  lr: 0.000100  loss: 0.0159 (0.0159)  loss_CrossEntropy: 0.0159 (0.0159)  time: 1.0306  data: 0.0477  max mem: 17023
Epoch: [99]  [10/95]  eta: 0:01:51  lr: 0.000100  loss: 0.0082 (0.0086)  loss_CrossEntropy: 0.0082 (0.0086)  time: 1.3150  data: 0.3286  max mem: 17023
Epoch: [99]  [20/95]  eta: 0:02:02  lr: 0.000100  loss: 0.0082 (0.0085)  loss_CrossEntropy: 0.0082 (0.0085)  time: 1.6280  data: 0.6422  max mem: 17023
Epoch: [99]  [30/95]  eta: 0:01:20  lr: 0.000100  loss: 0.0081 (0.0083)  loss_CrossEntropy: 0.0081 (0.0083)  time: 1.2379  data: 0.2667  max mem: 17023
Epoch: [99]  [40/95]  eta: 0:01:18  lr: 0.000100  loss: 0.0081 (0.0085)  loss_CrossEntropy: 0.0081 (0.0085)  time: 1.4318  data: 0.4386  max mem: 17023
Epoch: [99]  [50/95]  eta: 0:00:58  lr: 0.000100  loss: 0.0083 (0.0088)  loss_CrossEntropy: 0.0083 (0.0088)  time: 1.2949  data: 0.3158  max mem: 17023
Epoch: [99]  [60/95]  eta: 0:00:37  lr: 0.000100  loss: 0.0083 (0.0088)  loss_CrossEntropy: 0.0083 (0.0088)  time: 1.0788  data: 0.0302  max mem: 17023
Epoch: [99]  [70/95]  eta: 0:00:45  lr: 0.000100  loss: 0.0086 (0.0089)  loss_CrossEntropy: 0.0086 (0.0089)  time: 1.8369  data: 0.8092  max mem: 17023
Epoch: [99]  [80/95]  eta: 0:00:20  lr: 0.000100  loss: 0.0093 (0.0089)  loss_CrossEntropy: 0.0093 (0.0089)  time: 1.3353  data: 0.3563  max mem: 17023
Epoch: [99]  [90/95]  eta: 0:00:10  lr: 0.000100  loss: 0.0082 (0.0089)  loss_CrossEntropy: 0.0082 (0.0089)  time: 2.0644  data: 1.0530  max mem: 17023
Epoch: [99]  [94/95]  eta: 0:00:01  lr: 0.000100  loss: 0.0081 (0.0089)  loss_CrossEntropy: 0.0081 (0.0089)  time: 1.8662  data: 0.8691  max mem: 17023
Epoch: [99] Total time: 0:02:05 (1.3190 s / it)
Averaged stats: lr: 0.000100  loss: 0.0081 (0.0089)  loss_CrossEntropy: 0.0081 (0.0089)
Test:  [ 0/19]  eta: 0:00:07  loss: 0.3284 (0.3284)  loss_CrossEntropy: 0.3284 (0.3284)  Rv: 0.0000 (0.0000)  Lv: 0.8084 (0.8084)  Myo: 0.6120 (0.6120)  Avg: 0.4734 (0.4734)  time: 0.4184  data: 0.3979  max mem: 17023
Test:  [10/19]  eta: 0:00:00  loss: 0.3215 (0.3248)  loss_CrossEntropy: 0.3215 (0.3248)  Rv: 0.8048 (0.6988)  Lv: 0.9447 (0.8941)  Myo: 0.8342 (0.7954)  Avg: 0.8370 (0.7961)  time: 0.0409  data: 0.0198  max mem: 17023
Test:  [18/19]  eta: 0:00:00  loss: 0.3284 (0.3260)  loss_CrossEntropy: 0.3284 (0.3260)  Rv: 0.6453 (0.6165)  Lv: 0.8922 (0.8835)  Myo: 0.8214 (0.7959)  Avg: 0.7702 (0.7653)  time: 0.2088  data: 0.1908  max mem: 17023
Test: Total time: 0:00:03 (0.1904 s / it)
Averaged stats: loss: 0.3284 (0.3260)  loss_CrossEntropy: 0.3284 (0.3260)  Rv: 0.6453 (0.6165)  Lv: 0.8922 (0.8835)  Myo: 0.8214 (0.7959)  Avg: 0.7702 (0.7653)
dice score: 0.7653211778716037
Update high dice score model!
cutout loss: 0.015360389836132526
original loss: 0.012791147455573082
integrity loss: 0.004259634297341108
invariant loss: 0.015999335795640945
Epoch: [100]  [ 0/95]  eta: 0:02:22  lr: 0.000100  loss: 0.0128 (0.0128)  loss_CrossEntropy: 0.0128 (0.0128)  time: 1.5034  data: 0.5091  max mem: 17023
Epoch: [100]  [10/95]  eta: 0:01:43  lr: 0.000100  loss: 0.0084 (0.0090)  loss_CrossEntropy: 0.0084 (0.0090)  time: 1.2151  data: 0.2254  max mem: 17023
Epoch: [100]  [20/95]  eta: 0:02:01  lr: 0.000100  loss: 0.0082 (0.0091)  loss_CrossEntropy: 0.0082 (0.0091)  time: 1.6234  data: 0.6347  max mem: 17023
Epoch: [100]  [30/95]  eta: 0:01:08  lr: 0.000100  loss: 0.0084 (0.0090)  loss_CrossEntropy: 0.0084 (0.0090)  time: 1.0519  data: 0.0671  max mem: 17023
Epoch: [100]  [40/95]  eta: 0:01:04  lr: 0.000100  loss: 0.0096 (0.0091)  loss_CrossEntropy: 0.0096 (0.0091)  time: 1.1699  data: 0.1834  max mem: 17023
Epoch: [100]  [50/95]  eta: 0:00:46  lr: 0.000100  loss: 0.0085 (0.0090)  loss_CrossEntropy: 0.0085 (0.0090)  time: 1.0231  data: 0.0365  max mem: 17023
Epoch: [100]  [60/95]  eta: 0:00:45  lr: 0.000100  loss: 0.0080 (0.0089)  loss_CrossEntropy: 0.0080 (0.0089)  time: 1.2896  data: 0.3049  max mem: 17023
Epoch: [100]  [70/95]  eta: 0:00:39  lr: 0.000100  loss: 0.0080 (0.0088)  loss_CrossEntropy: 0.0080 (0.0088)  time: 1.5625  data: 0.5682  max mem: 17023
Epoch: [100]  [80/95]  eta: 0:00:20  lr: 0.000100  loss: 0.0075 (0.0086)  loss_CrossEntropy: 0.0075 (0.0086)  time: 1.3723  data: 0.3967  max mem: 17023
Epoch: [100]  [90/95]  eta: 0:00:07  lr: 0.000100  loss: 0.0078 (0.0086)  loss_CrossEntropy: 0.0078 (0.0086)  time: 1.4426  data: 0.4501  max mem: 17023
Epoch: [100]  [94/95]  eta: 0:00:01  lr: 0.000100  loss: 0.0077 (0.0086)  loss_CrossEntropy: 0.0077 (0.0086)  time: 1.2829  data: 0.3101  max mem: 17023
Epoch: [100] Total time: 0:02:02 (1.2892 s / it)
Averaged stats: lr: 0.000100  loss: 0.0077 (0.0086)  loss_CrossEntropy: 0.0077 (0.0086)
Test:  [ 0/19]  eta: 0:00:01  loss: 0.3507 (0.3507)  loss_CrossEntropy: 0.3507 (0.3507)  Rv: 0.0000 (0.0000)  Lv: 0.8460 (0.8460)  Myo: 0.6023 (0.6023)  Avg: 0.4828 (0.4828)  time: 0.0859  data: 0.0654  max mem: 17023
Test:  [10/19]  eta: 0:00:02  loss: 0.3485 (0.3425)  loss_CrossEntropy: 0.3485 (0.3425)  Rv: 0.8327 (0.6842)  Lv: 0.9533 (0.8964)  Myo: 0.8469 (0.7850)  Avg: 0.8623 (0.7885)  time: 0.2316  data: 0.2103  max mem: 17023
Test:  [18/19]  eta: 0:00:00  loss: 0.3340 (0.3394)  loss_CrossEntropy: 0.3340 (0.3394)  Rv: 0.6480 (0.6083)  Lv: 0.9329 (0.8870)  Myo: 0.8293 (0.7824)  Avg: 0.8051 (0.7592)  time: 0.0505  data: 0.0271  max mem: 17023
Test: Total time: 0:00:02 (0.1537 s / it)
Averaged stats: loss: 0.3340 (0.3394)  loss_CrossEntropy: 0.3340 (0.3394)  Rv: 0.6480 (0.6083)  Lv: 0.9329 (0.8870)  Myo: 0.8293 (0.7824)  Avg: 0.8051 (0.7592)
dice score: 0.7592295612159529
Update high dice score model!
cutout loss: 0.02336720936000347
original loss: 0.008735790848731995
integrity loss: 0.00411838898435235
invariant loss: 0.015130824409425259
Epoch: [101]  [ 0/95]  eta: 0:02:39  lr: 0.000100  loss: 0.0087 (0.0087)  loss_CrossEntropy: 0.0087 (0.0087)  time: 1.6742  data: 0.6512  max mem: 17023
Epoch: [101]  [10/95]  eta: 0:02:00  lr: 0.000100  loss: 0.0079 (0.0087)  loss_CrossEntropy: 0.0079 (0.0087)  time: 1.4169  data: 0.4446  max mem: 17023
Epoch: [101]  [20/95]  eta: 0:01:21  lr: 0.000100  loss: 0.0074 (0.0084)  loss_CrossEntropy: 0.0074 (0.0084)  time: 1.0816  data: 0.0759  max mem: 17023
Epoch: [101]  [30/95]  eta: 0:01:31  lr: 0.000100  loss: 0.0076 (0.0085)  loss_CrossEntropy: 0.0076 (0.0085)  time: 1.4060  data: 0.3800  max mem: 17023
Epoch: [101]  [40/95]  eta: 0:01:52  lr: 0.000100  loss: 0.0076 (0.0082)  loss_CrossEntropy: 0.0076 (0.0082)  time: 2.0427  data: 0.9762  max mem: 17023
Epoch: [101]  [50/95]  eta: 0:00:55  lr: 0.000100  loss: 0.0076 (0.0082)  loss_CrossEntropy: 0.0076 (0.0082)  time: 1.2332  data: 0.2326  max mem: 17023
Epoch: [101]  [60/95]  eta: 0:00:48  lr: 0.000100  loss: 0.0071 (0.0080)  loss_CrossEntropy: 0.0071 (0.0080)  time: 1.3920  data: 0.4039  max mem: 17023
Epoch: [101]  [70/95]  eta: 0:00:41  lr: 0.000100  loss: 0.0069 (0.0079)  loss_CrossEntropy: 0.0069 (0.0079)  time: 1.6618  data: 0.6872  max mem: 17023
Epoch: [101]  [80/95]  eta: 0:00:19  lr: 0.000100  loss: 0.0079 (0.0082)  loss_CrossEntropy: 0.0079 (0.0082)  time: 1.2806  data: 0.2666  max mem: 17023
Epoch: [101]  [90/95]  eta: 0:00:06  lr: 0.000100  loss: 0.0093 (0.0083)  loss_CrossEntropy: 0.0093 (0.0083)  time: 1.2537  data: 0.2790  max mem: 17023
Epoch: [101]  [94/95]  eta: 0:00:01  lr: 0.000100  loss: 0.0086 (0.0082)  loss_CrossEntropy: 0.0086 (0.0082)  time: 1.1351  data: 0.1555  max mem: 17023
Epoch: [101] Total time: 0:02:07 (1.3463 s / it)
Averaged stats: lr: 0.000100  loss: 0.0086 (0.0082)  loss_CrossEntropy: 0.0086 (0.0082)
Test:  [ 0/19]  eta: 0:00:00  loss: 0.3559 (0.3559)  loss_CrossEntropy: 0.3559 (0.3559)  Rv: 0.0000 (0.0000)  Lv: 0.8195 (0.8195)  Myo: 0.6121 (0.6121)  Avg: 0.4772 (0.4772)  time: 0.0500  data: 0.0296  max mem: 17023
Test:  [10/19]  eta: 0:00:00  loss: 0.3394 (0.3404)  loss_CrossEntropy: 0.3394 (0.3404)  Rv: 0.8449 (0.7184)  Lv: 0.9401 (0.8630)  Myo: 0.8456 (0.7880)  Avg: 0.8586 (0.7898)  time: 0.0391  data: 0.0189  max mem: 17023
Test:  [18/19]  eta: 0:00:00  loss: 0.3288 (0.3350)  loss_CrossEntropy: 0.3288 (0.3350)  Rv: 0.6857 (0.6361)  Lv: 0.9060 (0.8700)  Myo: 0.8424 (0.7928)  Avg: 0.8332 (0.7663)  time: 0.1209  data: 0.1037  max mem: 17023
Test: Total time: 0:00:02 (0.1466 s / it)
Averaged stats: loss: 0.3288 (0.3350)  loss_CrossEntropy: 0.3288 (0.3350)  Rv: 0.6857 (0.6361)  Lv: 0.9060 (0.8700)  Myo: 0.8424 (0.7928)  Avg: 0.8332 (0.7663)
dice score: 0.7662976980209351
Update high dice score model!
cutout loss: 0.0137110510841012
original loss: 0.008558625355362892
integrity loss: 0.0037124694790691137
invariant loss: 0.01358717679977417
Epoch: [102]  [ 0/95]  eta: 0:01:35  lr: 0.000100  loss: 0.0086 (0.0086)  loss_CrossEntropy: 0.0086 (0.0086)  time: 1.0078  data: 0.0275  max mem: 17023
Epoch: [102]  [10/95]  eta: 0:01:43  lr: 0.000100  loss: 0.0086 (0.0087)  loss_CrossEntropy: 0.0086 (0.0087)  time: 1.2227  data: 0.2496  max mem: 17023
Epoch: [102]  [20/95]  eta: 0:01:19  lr: 0.000100  loss: 0.0076 (0.0081)  loss_CrossEntropy: 0.0076 (0.0081)  time: 1.0598  data: 0.0331  max mem: 17023
Epoch: [102]  [30/95]  eta: 0:01:14  lr: 0.000100  loss: 0.0075 (0.0079)  loss_CrossEntropy: 0.0075 (0.0079)  time: 1.1408  data: 0.1596  max mem: 17023
Epoch: [102]  [40/95]  eta: 0:01:00  lr: 0.000100  loss: 0.0078 (0.0082)  loss_CrossEntropy: 0.0078 (0.0082)  time: 1.1045  data: 0.1227  max mem: 17023
Epoch: [102]  [50/95]  eta: 0:01:23  lr: 0.000100  loss: 0.0075 (0.0081)  loss_CrossEntropy: 0.0075 (0.0081)  time: 1.8595  data: 0.8841  max mem: 17023
Epoch: [102]  [60/95]  eta: 0:00:55  lr: 0.000100  loss: 0.0075 (0.0082)  loss_CrossEntropy: 0.0075 (0.0082)  time: 1.5940  data: 0.6061  max mem: 17023
Epoch: [102]  [70/95]  eta: 0:00:36  lr: 0.000100  loss: 0.0080 (0.0082)  loss_CrossEntropy: 0.0080 (0.0082)  time: 1.4543  data: 0.4644  max mem: 17023
Epoch: [102]  [80/95]  eta: 0:00:19  lr: 0.000100  loss: 0.0084 (0.0084)  loss_CrossEntropy: 0.0084 (0.0084)  time: 1.2681  data: 0.2653  max mem: 17023
Epoch: [102]  [90/95]  eta: 0:00:06  lr: 0.000100  loss: 0.0085 (0.0085)  loss_CrossEntropy: 0.0085 (0.0085)  time: 1.2396  data: 0.2627  max mem: 17023
Epoch: [102]  [94/95]  eta: 0:00:01  lr: 0.000100  loss: 0.0085 (0.0085)  loss_CrossEntropy: 0.0085 (0.0085)  time: 1.2640  data: 0.2929  max mem: 17023
Epoch: [102] Total time: 0:02:06 (1.3367 s / it)
Averaged stats: lr: 0.000100  loss: 0.0085 (0.0085)  loss_CrossEntropy: 0.0085 (0.0085)
Test:  [ 0/19]  eta: 0:00:02  loss: 0.3611 (0.3611)  loss_CrossEntropy: 0.3611 (0.3611)  Rv: 0.0000 (0.0000)  Lv: 0.7187 (0.7187)  Myo: 0.6099 (0.6099)  Avg: 0.4428 (0.4428)  time: 0.1078  data: 0.0872  max mem: 17023
Test:  [10/19]  eta: 0:00:00  loss: 0.3791 (0.3856)  loss_CrossEntropy: 0.3791 (0.3856)  Rv: 0.7448 (0.6661)  Lv: 0.9318 (0.8547)  Myo: 0.8280 (0.7626)  Avg: 0.8521 (0.7611)  time: 0.0448  data: 0.0239  max mem: 17023
Test:  [18/19]  eta: 0:00:00  loss: 0.3846 (0.3904)  loss_CrossEntropy: 0.3846 (0.3904)  Rv: 0.6298 (0.6080)  Lv: 0.9295 (0.8682)  Myo: 0.8280 (0.7699)  Avg: 0.7798 (0.7487)  time: 0.0354  data: 0.0181  max mem: 17023
Test: Total time: 0:00:02 (0.1447 s / it)
Averaged stats: loss: 0.3846 (0.3904)  loss_CrossEntropy: 0.3846 (0.3904)  Rv: 0.6298 (0.6080)  Lv: 0.9295 (0.8682)  Myo: 0.8280 (0.7699)  Avg: 0.7798 (0.7487)
dice score: 0.748689110341825
Update high dice score model!
cutout loss: 0.00776455644518137
original loss: 0.007810875773429871
integrity loss: 0.0038777352310717106
invariant loss: 0.013231337070465088
Epoch: [103]  [ 0/95]  eta: 0:01:37  lr: 0.000100  loss: 0.0078 (0.0078)  loss_CrossEntropy: 0.0078 (0.0078)  time: 1.0230  data: 0.0318  max mem: 17023
Epoch: [103]  [10/95]  eta: 0:01:41  lr: 0.000100  loss: 0.0092 (0.0096)  loss_CrossEntropy: 0.0092 (0.0096)  time: 1.1982  data: 0.2160  max mem: 17023
Epoch: [103]  [20/95]  eta: 0:01:24  lr: 0.000100  loss: 0.0084 (0.0087)  loss_CrossEntropy: 0.0084 (0.0087)  time: 1.1285  data: 0.0708  max mem: 17023
Epoch: [103]  [30/95]  eta: 0:01:28  lr: 0.000100  loss: 0.0068 (0.0083)  loss_CrossEntropy: 0.0068 (0.0083)  time: 1.3618  data: 0.3859  max mem: 17023
Epoch: [103]  [40/95]  eta: 0:01:19  lr: 0.000100  loss: 0.0069 (0.0081)  loss_CrossEntropy: 0.0069 (0.0081)  time: 1.4380  data: 0.4505  max mem: 17023
Epoch: [103]  [50/95]  eta: 0:01:08  lr: 0.000100  loss: 0.0072 (0.0081)  loss_CrossEntropy: 0.0072 (0.0081)  time: 1.5298  data: 0.5274  max mem: 17023
Epoch: [103]  [60/95]  eta: 0:00:43  lr: 0.000100  loss: 0.0075 (0.0082)  loss_CrossEntropy: 0.0075 (0.0082)  time: 1.2547  data: 0.2712  max mem: 17023
Epoch: [103]  [70/95]  eta: 0:00:40  lr: 0.000100  loss: 0.0090 (0.0087)  loss_CrossEntropy: 0.0090 (0.0087)  time: 1.6113  data: 0.6208  max mem: 17023
Epoch: [103]  [80/95]  eta: 0:00:23  lr: 0.000100  loss: 0.0094 (0.0087)  loss_CrossEntropy: 0.0094 (0.0087)  time: 1.5818  data: 0.6018  max mem: 17023
Epoch: [103]  [90/95]  eta: 0:00:05  lr: 0.000100  loss: 0.0083 (0.0087)  loss_CrossEntropy: 0.0083 (0.0087)  time: 1.0357  data: 0.0308  max mem: 17023
Epoch: [103]  [94/95]  eta: 0:00:01  lr: 0.000100  loss: 0.0083 (0.0087)  loss_CrossEntropy: 0.0083 (0.0087)  time: 1.0804  data: 0.0291  max mem: 17023
Epoch: [103] Total time: 0:02:01 (1.2837 s / it)
Averaged stats: lr: 0.000100  loss: 0.0083 (0.0087)  loss_CrossEntropy: 0.0083 (0.0087)
Test:  [ 0/19]  eta: 0:00:06  loss: 0.3226 (0.3226)  loss_CrossEntropy: 0.3226 (0.3226)  Rv: 0.0000 (0.0000)  Lv: 0.8085 (0.8085)  Myo: 0.6074 (0.6074)  Avg: 0.4720 (0.4720)  time: 0.3210  data: 0.2995  max mem: 17023
Test:  [10/19]  eta: 0:00:02  loss: 0.3249 (0.3297)  loss_CrossEntropy: 0.3249 (0.3297)  Rv: 0.7552 (0.6930)  Lv: 0.9143 (0.8756)  Myo: 0.8056 (0.7707)  Avg: 0.8331 (0.7798)  time: 0.3290  data: 0.3078  max mem: 17023
Test:  [18/19]  eta: 0:00:00  loss: 0.3249 (0.3256)  loss_CrossEntropy: 0.3249 (0.3256)  Rv: 0.6247 (0.6066)  Lv: 0.8942 (0.8799)  Myo: 0.8096 (0.7842)  Avg: 0.7722 (0.7569)  time: 0.0412  data: 0.0231  max mem: 17023
Test: Total time: 0:00:03 (0.1775 s / it)
Averaged stats: loss: 0.3249 (0.3256)  loss_CrossEntropy: 0.3249 (0.3256)  Rv: 0.6247 (0.6066)  Lv: 0.8942 (0.8799)  Myo: 0.8096 (0.7842)  Avg: 0.7722 (0.7569)
dice score: 0.756883685526095
Update high dice score model!
cutout loss: 0.014600716531276703
original loss: 0.010228415951132774
integrity loss: 0.003518390702083707
invariant loss: 0.012695878744125366
Epoch: [104]  [ 0/95]  eta: 0:01:43  lr: 0.000100  loss: 0.0102 (0.0102)  loss_CrossEntropy: 0.0102 (0.0102)  time: 1.0946  data: 0.1031  max mem: 17023
Epoch: [104]  [10/95]  eta: 0:02:12  lr: 0.000100  loss: 0.0071 (0.0080)  loss_CrossEntropy: 0.0071 (0.0080)  time: 1.5557  data: 0.5743  max mem: 17023
Epoch: [104]  [20/95]  eta: 0:01:32  lr: 0.000100  loss: 0.0071 (0.0084)  loss_CrossEntropy: 0.0071 (0.0084)  time: 1.2354  data: 0.2618  max mem: 17023
Epoch: [104]  [30/95]  eta: 0:01:23  lr: 0.000100  loss: 0.0092 (0.0088)  loss_CrossEntropy: 0.0092 (0.0088)  time: 1.2794  data: 0.2938  max mem: 17023
Epoch: [104]  [40/95]  eta: 0:01:12  lr: 0.000100  loss: 0.0086 (0.0084)  loss_CrossEntropy: 0.0086 (0.0084)  time: 1.3272  data: 0.3472  max mem: 17023
Epoch: [104]  [50/95]  eta: 0:01:19  lr: 0.000100  loss: 0.0071 (0.0084)  loss_CrossEntropy: 0.0071 (0.0084)  time: 1.7619  data: 0.7636  max mem: 17023
Epoch: [104]  [60/95]  eta: 0:00:43  lr: 0.000100  loss: 0.0079 (0.0084)  loss_CrossEntropy: 0.0079 (0.0084)  time: 1.2394  data: 0.2581  max mem: 17023
Epoch: [104]  [70/95]  eta: 0:00:29  lr: 0.000100  loss: 0.0075 (0.0081)  loss_CrossEntropy: 0.0075 (0.0081)  time: 1.2000  data: 0.2119  max mem: 17023
Epoch: [104]  [80/95]  eta: 0:00:23  lr: 0.000100  loss: 0.0068 (0.0081)  loss_CrossEntropy: 0.0068 (0.0081)  time: 1.5937  data: 0.6079  max mem: 17023
Epoch: [104]  [90/95]  eta: 0:00:05  lr: 0.000100  loss: 0.0075 (0.0080)  loss_CrossEntropy: 0.0075 (0.0080)  time: 1.1670  data: 0.1877  max mem: 17023
Epoch: [104]  [94/95]  eta: 0:00:01  lr: 0.000100  loss: 0.0076 (0.0081)  loss_CrossEntropy: 0.0076 (0.0081)  time: 1.4948  data: 0.5170  max mem: 17023
Epoch: [104] Total time: 0:02:03 (1.2983 s / it)
Averaged stats: lr: 0.000100  loss: 0.0076 (0.0081)  loss_CrossEntropy: 0.0076 (0.0081)
Test:  [ 0/19]  eta: 0:00:01  loss: 0.3254 (0.3254)  loss_CrossEntropy: 0.3254 (0.3254)  Rv: 0.0000 (0.0000)  Lv: 0.7986 (0.7986)  Myo: 0.6049 (0.6049)  Avg: 0.4678 (0.4678)  time: 0.0970  data: 0.0765  max mem: 17023
Test:  [10/19]  eta: 0:00:02  loss: 0.2988 (0.3028)  loss_CrossEntropy: 0.2988 (0.3028)  Rv: 0.8490 (0.7160)  Lv: 0.9226 (0.9153)  Myo: 0.8464 (0.8028)  Avg: 0.8785 (0.8113)  time: 0.2346  data: 0.2128  max mem: 17023
Test:  [18/19]  eta: 0:00:00  loss: 0.2988 (0.3000)  loss_CrossEntropy: 0.2988 (0.3000)  Rv: 0.7178 (0.6286)  Lv: 0.9226 (0.9002)  Myo: 0.8399 (0.8085)  Avg: 0.8008 (0.7791)  time: 0.3091  data: 0.2794  max mem: 17023
Test: Total time: 0:00:03 (0.2013 s / it)
Averaged stats: loss: 0.2988 (0.3000)  loss_CrossEntropy: 0.2988 (0.3000)  Rv: 0.7178 (0.6286)  Lv: 0.9226 (0.9002)  Myo: 0.8399 (0.8085)  Avg: 0.8008 (0.7791)
dice score: 0.7790736524682296
Update best model!
Update high dice score model!
cutout loss: 0.013000043109059334
original loss: 0.007324448321014643
integrity loss: 0.002782028866931796
invariant loss: 0.01177951693534851
Epoch: [105]  [ 0/95]  eta: 0:01:59  lr: 0.000100  loss: 0.0073 (0.0073)  loss_CrossEntropy: 0.0073 (0.0073)  time: 1.2555  data: 0.2676  max mem: 17023
Epoch: [105]  [10/95]  eta: 0:01:49  lr: 0.000100  loss: 0.0073 (0.0074)  loss_CrossEntropy: 0.0073 (0.0074)  time: 1.2887  data: 0.3093  max mem: 17023
Epoch: [105]  [20/95]  eta: 0:01:55  lr: 0.000100  loss: 0.0074 (0.0078)  loss_CrossEntropy: 0.0074 (0.0078)  time: 1.5400  data: 0.5614  max mem: 17023
Epoch: [105]  [30/95]  eta: 0:01:33  lr: 0.000100  loss: 0.0073 (0.0077)  loss_CrossEntropy: 0.0073 (0.0077)  time: 1.4309  data: 0.3911  max mem: 17023
Epoch: [105]  [40/95]  eta: 0:01:09  lr: 0.000100  loss: 0.0069 (0.0076)  loss_CrossEntropy: 0.0069 (0.0076)  time: 1.2550  data: 0.2689  max mem: 17023
Epoch: [105]  [50/95]  eta: 0:00:54  lr: 0.000100  loss: 0.0077 (0.0077)  loss_CrossEntropy: 0.0077 (0.0077)  time: 1.2214  data: 0.2349  max mem: 17023
Epoch: [105]  [60/95]  eta: 0:00:48  lr: 0.000100  loss: 0.0079 (0.0077)  loss_CrossEntropy: 0.0079 (0.0077)  time: 1.3793  data: 0.4020  max mem: 17023
Epoch: [105]  [70/95]  eta: 0:00:31  lr: 0.000100  loss: 0.0072 (0.0076)  loss_CrossEntropy: 0.0072 (0.0076)  time: 1.2745  data: 0.3014  max mem: 17023
Epoch: [105]  [80/95]  eta: 0:00:18  lr: 0.000100  loss: 0.0073 (0.0077)  loss_CrossEntropy: 0.0073 (0.0077)  time: 1.2579  data: 0.2825  max mem: 17023
Epoch: [105]  [90/95]  eta: 0:00:06  lr: 0.000100  loss: 0.0076 (0.0077)  loss_CrossEntropy: 0.0076 (0.0077)  time: 1.2375  data: 0.2529  max mem: 17023
Epoch: [105]  [94/95]  eta: 0:00:01  lr: 0.000100  loss: 0.0077 (0.0078)  loss_CrossEntropy: 0.0077 (0.0078)  time: 1.2248  data: 0.2538  max mem: 17023
Epoch: [105] Total time: 0:02:00 (1.2687 s / it)
Averaged stats: lr: 0.000100  loss: 0.0077 (0.0078)  loss_CrossEntropy: 0.0077 (0.0078)
Test:  [ 0/19]  eta: 0:00:02  loss: 0.2998 (0.2998)  loss_CrossEntropy: 0.2998 (0.2998)  Rv: 0.0000 (0.0000)  Lv: 0.8168 (0.8168)  Myo: 0.6128 (0.6128)  Avg: 0.4765 (0.4765)  time: 0.1215  data: 0.1011  max mem: 17023
Test:  [10/19]  eta: 0:00:01  loss: 0.2998 (0.3032)  loss_CrossEntropy: 0.2998 (0.3032)  Rv: 0.7679 (0.7044)  Lv: 0.9401 (0.9262)  Myo: 0.8435 (0.8078)  Avg: 0.8199 (0.8128)  time: 0.1226  data: 0.1021  max mem: 17023
Test:  [18/19]  eta: 0:00:00  loss: 0.2979 (0.3022)  loss_CrossEntropy: 0.2979 (0.3022)  Rv: 0.6989 (0.6243)  Lv: 0.9380 (0.9093)  Myo: 0.8290 (0.8009)  Avg: 0.7920 (0.7782)  time: 0.0602  data: 0.0425  max mem: 17023
Test: Total time: 0:00:03 (0.1719 s / it)
Averaged stats: loss: 0.2979 (0.3022)  loss_CrossEntropy: 0.2979 (0.3022)  Rv: 0.6989 (0.6243)  Lv: 0.9380 (0.9093)  Myo: 0.8290 (0.8009)  Avg: 0.7920 (0.7782)
dice score: 0.7781734466552734
Update high dice score model!
cutout loss: 0.013596497476100922
original loss: 0.0053846752271056175
integrity loss: 0.0035874664317816496
invariant loss: 0.012402206659317017
Epoch: [106]  [ 0/95]  eta: 0:01:57  lr: 0.000100  loss: 0.0054 (0.0054)  loss_CrossEntropy: 0.0054 (0.0054)  time: 1.2338  data: 0.2533  max mem: 17023
Epoch: [106]  [10/95]  eta: 0:01:54  lr: 0.000100  loss: 0.0080 (0.0076)  loss_CrossEntropy: 0.0080 (0.0076)  time: 1.3526  data: 0.3434  max mem: 17023
Epoch: [106]  [20/95]  eta: 0:01:19  lr: 0.000100  loss: 0.0076 (0.0076)  loss_CrossEntropy: 0.0076 (0.0076)  time: 1.0594  data: 0.0324  max mem: 17023
Epoch: [106]  [30/95]  eta: 0:01:12  lr: 0.000100  loss: 0.0077 (0.0078)  loss_CrossEntropy: 0.0077 (0.0078)  time: 1.1204  data: 0.1331  max mem: 17023
Epoch: [106]  [40/95]  eta: 0:01:16  lr: 0.000100  loss: 0.0077 (0.0077)  loss_CrossEntropy: 0.0077 (0.0077)  time: 1.3968  data: 0.4085  max mem: 17023
Epoch: [106]  [50/95]  eta: 0:01:07  lr: 0.000100  loss: 0.0072 (0.0078)  loss_CrossEntropy: 0.0072 (0.0078)  time: 1.4993  data: 0.5137  max mem: 17023
Epoch: [106]  [60/95]  eta: 0:00:57  lr: 0.000100  loss: 0.0077 (0.0078)  loss_CrossEntropy: 0.0077 (0.0078)  time: 1.6467  data: 0.6398  max mem: 17023
Epoch: [106]  [70/95]  eta: 0:00:26  lr: 0.000100  loss: 0.0079 (0.0079)  loss_CrossEntropy: 0.0079 (0.0079)  time: 1.0753  data: 0.0643  max mem: 17023
Epoch: [106]  [80/95]  eta: 0:00:19  lr: 0.000100  loss: 0.0079 (0.0080)  loss_CrossEntropy: 0.0079 (0.0080)  time: 1.2738  data: 0.2976  max mem: 17023
Epoch: [106]  [90/95]  eta: 0:00:06  lr: 0.000100  loss: 0.0074 (0.0080)  loss_CrossEntropy: 0.0074 (0.0080)  time: 1.2868  data: 0.3065  max mem: 17023
Epoch: [106]  [94/95]  eta: 0:00:01  lr: 0.000100  loss: 0.0074 (0.0081)  loss_CrossEntropy: 0.0074 (0.0081)  time: 1.4245  data: 0.4360  max mem: 17023
Epoch: [106] Total time: 0:02:03 (1.2986 s / it)
Averaged stats: lr: 0.000100  loss: 0.0074 (0.0081)  loss_CrossEntropy: 0.0074 (0.0081)
Test:  [ 0/19]  eta: 0:00:06  loss: 0.3352 (0.3352)  loss_CrossEntropy: 0.3352 (0.3352)  Rv: 0.0000 (0.0000)  Lv: 0.8341 (0.8341)  Myo: 0.5982 (0.5982)  Avg: 0.4774 (0.4774)  time: 0.3468  data: 0.3191  max mem: 17023
Test:  [10/19]  eta: 0:00:00  loss: 0.3312 (0.3316)  loss_CrossEntropy: 0.3312 (0.3316)  Rv: 0.7895 (0.6793)  Lv: 0.9521 (0.9197)  Myo: 0.8548 (0.8104)  Avg: 0.8749 (0.8031)  time: 0.0403  data: 0.0194  max mem: 17023
Test:  [18/19]  eta: 0:00:00  loss: 0.3310 (0.3292)  loss_CrossEntropy: 0.3310 (0.3292)  Rv: 0.5886 (0.5884)  Lv: 0.9252 (0.9089)  Myo: 0.8312 (0.8152)  Avg: 0.7662 (0.7708)  time: 0.3098  data: 0.2796  max mem: 17023
Test: Total time: 0:00:03 (0.1988 s / it)
Averaged stats: loss: 0.3310 (0.3292)  loss_CrossEntropy: 0.3310 (0.3292)  Rv: 0.5886 (0.5884)  Lv: 0.9252 (0.9089)  Myo: 0.8312 (0.8152)  Avg: 0.7662 (0.7708)
dice score: 0.7708133506147485
Update high dice score model!
cutout loss: 0.024145083501935005
original loss: 0.006073324009776115
integrity loss: 0.0031614662148058414
invariant loss: 0.013091874308884144
Epoch: [107]  [ 0/95]  eta: 0:02:00  lr: 0.000100  loss: 0.0061 (0.0061)  loss_CrossEntropy: 0.0061 (0.0061)  time: 1.2685  data: 0.2826  max mem: 17023
Epoch: [107]  [10/95]  eta: 0:01:45  lr: 0.000100  loss: 0.0070 (0.0073)  loss_CrossEntropy: 0.0070 (0.0073)  time: 1.2441  data: 0.2497  max mem: 17023
Epoch: [107]  [20/95]  eta: 0:01:24  lr: 0.000100  loss: 0.0071 (0.0075)  loss_CrossEntropy: 0.0071 (0.0075)  time: 1.1205  data: 0.1210  max mem: 17023
Epoch: [107]  [30/95]  eta: 0:01:30  lr: 0.000100  loss: 0.0075 (0.0074)  loss_CrossEntropy: 0.0075 (0.0074)  time: 1.3981  data: 0.4011  max mem: 17023
Epoch: [107]  [40/95]  eta: 0:01:13  lr: 0.000100  loss: 0.0077 (0.0076)  loss_CrossEntropy: 0.0077 (0.0076)  time: 1.3354  data: 0.3380  max mem: 17023
Epoch: [107]  [50/95]  eta: 0:00:55  lr: 0.000100  loss: 0.0077 (0.0077)  loss_CrossEntropy: 0.0077 (0.0077)  time: 1.2304  data: 0.2482  max mem: 17023
Epoch: [107]  [60/95]  eta: 0:00:44  lr: 0.000100  loss: 0.0067 (0.0076)  loss_CrossEntropy: 0.0067 (0.0076)  time: 1.2828  data: 0.3071  max mem: 17023
Epoch: [107]  [70/95]  eta: 0:00:36  lr: 0.000100  loss: 0.0061 (0.0075)  loss_CrossEntropy: 0.0061 (0.0075)  time: 1.4553  data: 0.4822  max mem: 17023
Epoch: [107]  [80/95]  eta: 0:00:15  lr: 0.000100  loss: 0.0068 (0.0074)  loss_CrossEntropy: 0.0068 (0.0074)  time: 1.0222  data: 0.0342  max mem: 17023
Epoch: [107]  [90/95]  eta: 0:00:06  lr: 0.000100  loss: 0.0072 (0.0074)  loss_CrossEntropy: 0.0072 (0.0074)  time: 1.2967  data: 0.2784  max mem: 17023
Epoch: [107]  [94/95]  eta: 0:00:01  lr: 0.000100  loss: 0.0078 (0.0075)  loss_CrossEntropy: 0.0078 (0.0075)  time: 1.3582  data: 0.3835  max mem: 17023
Epoch: [107] Total time: 0:02:04 (1.3107 s / it)
Averaged stats: lr: 0.000100  loss: 0.0078 (0.0075)  loss_CrossEntropy: 0.0078 (0.0075)
Test:  [ 0/19]  eta: 0:00:02  loss: 0.3444 (0.3444)  loss_CrossEntropy: 0.3444 (0.3444)  Rv: 0.0000 (0.0000)  Lv: 0.8449 (0.8449)  Myo: 0.6462 (0.6462)  Avg: 0.4970 (0.4970)  time: 0.1315  data: 0.1109  max mem: 17023
Test:  [10/19]  eta: 0:00:00  loss: 0.3374 (0.3306)  loss_CrossEntropy: 0.3374 (0.3306)  Rv: 0.7648 (0.6860)  Lv: 0.9348 (0.8962)  Myo: 0.8226 (0.7939)  Avg: 0.8553 (0.7920)  time: 0.0442  data: 0.0239  max mem: 17023
Test:  [18/19]  eta: 0:00:00  loss: 0.3231 (0.3266)  loss_CrossEntropy: 0.3231 (0.3266)  Rv: 0.6069 (0.6028)  Lv: 0.9201 (0.8953)  Myo: 0.8175 (0.8028)  Avg: 0.8120 (0.7670)  time: 0.2626  data: 0.2371  max mem: 17023
Test: Total time: 0:00:02 (0.1132 s / it)
Averaged stats: loss: 0.3231 (0.3266)  loss_CrossEntropy: 0.3231 (0.3266)  Rv: 0.6069 (0.6028)  Lv: 0.9201 (0.8953)  Myo: 0.8175 (0.8028)  Avg: 0.8120 (0.7670)
dice score: 0.766974350339488
Update high dice score model!
cutout loss: 0.013773759827017784
original loss: 0.00736087653785944
integrity loss: 0.004138004966080189
invariant loss: 0.014912933111190796
Epoch: [108]  [ 0/95]  eta: 0:01:42  lr: 0.000100  loss: 0.0074 (0.0074)  loss_CrossEntropy: 0.0074 (0.0074)  time: 1.0783  data: 0.0345  max mem: 17023
Epoch: [108]  [10/95]  eta: 0:01:55  lr: 0.000100  loss: 0.0076 (0.0080)  loss_CrossEntropy: 0.0076 (0.0080)  time: 1.3548  data: 0.3802  max mem: 17023
Epoch: [108]  [20/95]  eta: 0:01:24  lr: 0.000100  loss: 0.0074 (0.0078)  loss_CrossEntropy: 0.0074 (0.0078)  time: 1.1224  data: 0.1375  max mem: 17023
Epoch: [108]  [30/95]  eta: 0:01:20  lr: 0.000100  loss: 0.0067 (0.0077)  loss_CrossEntropy: 0.0067 (0.0077)  time: 1.2461  data: 0.2654  max mem: 17023
Epoch: [108]  [40/95]  eta: 0:01:36  lr: 0.000100  loss: 0.0072 (0.0080)  loss_CrossEntropy: 0.0072 (0.0080)  time: 1.7474  data: 0.7598  max mem: 17023
Epoch: [108]  [50/95]  eta: 0:01:00  lr: 0.000100  loss: 0.0075 (0.0079)  loss_CrossEntropy: 0.0075 (0.0079)  time: 1.3402  data: 0.3598  max mem: 17023
Epoch: [108]  [60/95]  eta: 0:00:53  lr: 0.000100  loss: 0.0069 (0.0079)  loss_CrossEntropy: 0.0069 (0.0079)  time: 1.5359  data: 0.5396  max mem: 17023
Epoch: [108]  [70/95]  eta: 0:00:26  lr: 0.000100  loss: 0.0075 (0.0078)  loss_CrossEntropy: 0.0075 (0.0078)  time: 1.0536  data: 0.0431  max mem: 17023
Epoch: [108]  [80/95]  eta: 0:00:22  lr: 0.000100  loss: 0.0070 (0.0078)  loss_CrossEntropy: 0.0070 (0.0078)  time: 1.5105  data: 0.5254  max mem: 17023
Epoch: [108]  [90/95]  eta: 0:00:05  lr: 0.000100  loss: 0.0066 (0.0077)  loss_CrossEntropy: 0.0066 (0.0077)  time: 1.1048  data: 0.1197  max mem: 17023
Epoch: [108]  [94/95]  eta: 0:00:01  lr: 0.000100  loss: 0.0063 (0.0077)  loss_CrossEntropy: 0.0063 (0.0077)  time: 1.2380  data: 0.2503  max mem: 17023
Epoch: [108] Total time: 0:02:02 (1.2885 s / it)
Averaged stats: lr: 0.000100  loss: 0.0063 (0.0077)  loss_CrossEntropy: 0.0063 (0.0077)
Test:  [ 0/19]  eta: 0:00:06  loss: 0.3505 (0.3505)  loss_CrossEntropy: 0.3505 (0.3505)  Rv: 0.0000 (0.0000)  Lv: 0.6286 (0.6286)  Myo: 0.4997 (0.4997)  Avg: 0.3761 (0.3761)  time: 0.3517  data: 0.3305  max mem: 17023
Test:  [10/19]  eta: 0:00:00  loss: 0.3233 (0.3271)  loss_CrossEntropy: 0.3233 (0.3271)  Rv: 0.8370 (0.7150)  Lv: 0.9482 (0.8607)  Myo: 0.8750 (0.7905)  Avg: 0.8909 (0.7887)  time: 0.0951  data: 0.0731  max mem: 17023
Test:  [18/19]  eta: 0:00:00  loss: 0.3346 (0.3330)  loss_CrossEntropy: 0.3346 (0.3330)  Rv: 0.6555 (0.6257)  Lv: 0.9324 (0.8627)  Myo: 0.8320 (0.7926)  Avg: 0.7894 (0.7603)  time: 0.2196  data: 0.2018  max mem: 17023
Test: Total time: 0:00:03 (0.1822 s / it)
Averaged stats: loss: 0.3346 (0.3330)  loss_CrossEntropy: 0.3346 (0.3330)  Rv: 0.6555 (0.6257)  Lv: 0.9324 (0.8627)  Myo: 0.8320 (0.7926)  Avg: 0.7894 (0.7603)
dice score: 0.7603157256778917
Update high dice score model!
cutout loss: 0.00852360762655735
original loss: 0.007177047897130251
integrity loss: 0.0028631032910197973
invariant loss: 0.017735248431563377
Epoch: [109]  [ 0/95]  eta: 0:02:16  lr: 0.000100  loss: 0.0072 (0.0072)  loss_CrossEntropy: 0.0072 (0.0072)  time: 1.4358  data: 0.4547  max mem: 17023
Epoch: [109]  [10/95]  eta: 0:02:21  lr: 0.000100  loss: 0.0063 (0.0060)  loss_CrossEntropy: 0.0063 (0.0060)  time: 1.6608  data: 0.6792  max mem: 17023
Epoch: [109]  [20/95]  eta: 0:01:44  lr: 0.000100  loss: 0.0064 (0.0067)  loss_CrossEntropy: 0.0064 (0.0067)  time: 1.3885  data: 0.3682  max mem: 17023
Epoch: [109]  [30/95]  eta: 0:01:23  lr: 0.000100  loss: 0.0071 (0.0071)  loss_CrossEntropy: 0.0071 (0.0071)  time: 1.2861  data: 0.2878  max mem: 17023
Epoch: [109]  [40/95]  eta: 0:01:00  lr: 0.000100  loss: 0.0075 (0.0073)  loss_CrossEntropy: 0.0075 (0.0073)  time: 1.0989  data: 0.1089  max mem: 17023
Epoch: [109]  [50/95]  eta: 0:01:02  lr: 0.000100  loss: 0.0072 (0.0073)  loss_CrossEntropy: 0.0072 (0.0073)  time: 1.3933  data: 0.3810  max mem: 17023
Epoch: [109]  [60/95]  eta: 0:00:46  lr: 0.000100  loss: 0.0074 (0.0075)  loss_CrossEntropy: 0.0074 (0.0075)  time: 1.3425  data: 0.3685  max mem: 17023
Epoch: [109]  [70/95]  eta: 0:00:26  lr: 0.000100  loss: 0.0071 (0.0074)  loss_CrossEntropy: 0.0071 (0.0074)  time: 1.0454  data: 0.0338  max mem: 17023
Epoch: [109]  [80/95]  eta: 0:00:22  lr: 0.000100  loss: 0.0071 (0.0075)  loss_CrossEntropy: 0.0071 (0.0075)  time: 1.5064  data: 0.4851  max mem: 17023
Epoch: [109]  [90/95]  eta: 0:00:06  lr: 0.000100  loss: 0.0068 (0.0075)  loss_CrossEntropy: 0.0068 (0.0075)  time: 1.3119  data: 0.3264  max mem: 17023
Epoch: [109]  [94/95]  eta: 0:00:01  lr: 0.000100  loss: 0.0066 (0.0074)  loss_CrossEntropy: 0.0066 (0.0074)  time: 1.3062  data: 0.3314  max mem: 17023
Epoch: [109] Total time: 0:02:08 (1.3519 s / it)
Averaged stats: lr: 0.000100  loss: 0.0066 (0.0074)  loss_CrossEntropy: 0.0066 (0.0074)
Test:  [ 0/19]  eta: 0:00:01  loss: 0.3380 (0.3380)  loss_CrossEntropy: 0.3380 (0.3380)  Rv: 0.0000 (0.0000)  Lv: 0.8296 (0.8296)  Myo: 0.6577 (0.6577)  Avg: 0.4958 (0.4958)  time: 0.1012  data: 0.0762  max mem: 17023
Test:  [10/19]  eta: 0:00:02  loss: 0.3172 (0.3136)  loss_CrossEntropy: 0.3172 (0.3136)  Rv: 0.7709 (0.7032)  Lv: 0.9455 (0.8925)  Myo: 0.8094 (0.7744)  Avg: 0.8657 (0.7900)  time: 0.2463  data: 0.2247  max mem: 17023
Test:  [18/19]  eta: 0:00:00  loss: 0.3095 (0.3075)  loss_CrossEntropy: 0.3095 (0.3075)  Rv: 0.6457 (0.6108)  Lv: 0.9214 (0.8902)  Myo: 0.8035 (0.7824)  Avg: 0.7914 (0.7611)  time: 0.0390  data: 0.0210  max mem: 17023
Test: Total time: 0:00:03 (0.1800 s / it)
Averaged stats: loss: 0.3095 (0.3075)  loss_CrossEntropy: 0.3095 (0.3075)  Rv: 0.6457 (0.6108)  Lv: 0.9214 (0.8902)  Myo: 0.8035 (0.7824)  Avg: 0.7914 (0.7611)
dice score: 0.7611333665094877
Update high dice score model!
cutout loss: 0.023367414250969887
original loss: 0.010585382580757141
integrity loss: 0.0032710134983062744
invariant loss: 0.015908945351839066
Epoch: [110]  [ 0/95]  eta: 0:01:57  lr: 0.000100  loss: 0.0106 (0.0106)  loss_CrossEntropy: 0.0106 (0.0106)  time: 1.2351  data: 0.2121  max mem: 17023
Epoch: [110]  [10/95]  eta: 0:01:50  lr: 0.000100  loss: 0.0070 (0.0072)  loss_CrossEntropy: 0.0070 (0.0072)  time: 1.3018  data: 0.3289  max mem: 17023
Epoch: [110]  [20/95]  eta: 0:01:54  lr: 0.000100  loss: 0.0066 (0.0070)  loss_CrossEntropy: 0.0066 (0.0070)  time: 1.5251  data: 0.5419  max mem: 17023
Epoch: [110]  [30/95]  eta: 0:01:10  lr: 0.000100  loss: 0.0075 (0.0072)  loss_CrossEntropy: 0.0075 (0.0072)  time: 1.0841  data: 0.0616  max mem: 17023
Epoch: [110]  [40/95]  eta: 0:00:57  lr: 0.000100  loss: 0.0071 (0.0072)  loss_CrossEntropy: 0.0071 (0.0072)  time: 1.0436  data: 0.0294  max mem: 17023
Epoch: [110]  [50/95]  eta: 0:01:03  lr: 0.000100  loss: 0.0067 (0.0071)  loss_CrossEntropy: 0.0067 (0.0071)  time: 1.4057  data: 0.4088  max mem: 17023
Epoch: [110]  [60/95]  eta: 0:00:47  lr: 0.000100  loss: 0.0061 (0.0072)  loss_CrossEntropy: 0.0061 (0.0072)  time: 1.3624  data: 0.3749  max mem: 17023
Epoch: [110]  [70/95]  eta: 0:00:31  lr: 0.000100  loss: 0.0061 (0.0072)  loss_CrossEntropy: 0.0061 (0.0072)  time: 1.2404  data: 0.2500  max mem: 17023
Epoch: [110]  [80/95]  eta: 0:00:20  lr: 0.000100  loss: 0.0079 (0.0074)  loss_CrossEntropy: 0.0079 (0.0074)  time: 1.3457  data: 0.3532  max mem: 17023
Epoch: [110]  [90/95]  eta: 0:00:08  lr: 0.000100  loss: 0.0080 (0.0074)  loss_CrossEntropy: 0.0080 (0.0074)  time: 1.6891  data: 0.7067  max mem: 17023
Epoch: [110]  [94/95]  eta: 0:00:01  lr: 0.000100  loss: 0.0068 (0.0074)  loss_CrossEntropy: 0.0068 (0.0074)  time: 1.0251  data: 0.0499  max mem: 17023
Epoch: [110] Total time: 0:02:06 (1.3353 s / it)
Averaged stats: lr: 0.000100  loss: 0.0068 (0.0074)  loss_CrossEntropy: 0.0068 (0.0074)
Test:  [ 0/19]  eta: 0:00:00  loss: 0.3161 (0.3161)  loss_CrossEntropy: 0.3161 (0.3161)  Rv: 0.0000 (0.0000)  Lv: 0.8175 (0.8175)  Myo: 0.6474 (0.6474)  Avg: 0.4883 (0.4883)  time: 0.0502  data: 0.0298  max mem: 17023
Test:  [10/19]  eta: 0:00:00  loss: 0.2997 (0.3029)  loss_CrossEntropy: 0.2997 (0.3029)  Rv: 0.8046 (0.6791)  Lv: 0.9504 (0.8767)  Myo: 0.8373 (0.7643)  Avg: 0.8705 (0.7734)  time: 0.0437  data: 0.0234  max mem: 17023
Test:  [18/19]  eta: 0:00:00  loss: 0.2997 (0.3026)  loss_CrossEntropy: 0.2997 (0.3026)  Rv: 0.6554 (0.6098)  Lv: 0.9348 (0.8878)  Myo: 0.8191 (0.7813)  Avg: 0.7729 (0.7596)  time: 0.0335  data: 0.0164  max mem: 17023
Test: Total time: 0:00:02 (0.1433 s / it)
Averaged stats: loss: 0.2997 (0.3026)  loss_CrossEntropy: 0.2997 (0.3026)  Rv: 0.6554 (0.6098)  Lv: 0.9348 (0.8878)  Myo: 0.8191 (0.7813)  Avg: 0.7729 (0.7596)
dice score: 0.759639101593118
Update high dice score model!
cutout loss: 0.014710696414113045
original loss: 0.006326197646558285
integrity loss: 0.003501325845718384
invariant loss: 0.015119737945497036
Epoch: [111]  [ 0/95]  eta: 0:01:50  lr: 0.000100  loss: 0.0063 (0.0063)  loss_CrossEntropy: 0.0063 (0.0063)  time: 1.1618  data: 0.1758  max mem: 17023
Epoch: [111]  [10/95]  eta: 0:01:59  lr: 0.000100  loss: 0.0067 (0.0074)  loss_CrossEntropy: 0.0067 (0.0074)  time: 1.4061  data: 0.3933  max mem: 17023
Epoch: [111]  [20/95]  eta: 0:02:00  lr: 0.000100  loss: 0.0073 (0.0075)  loss_CrossEntropy: 0.0073 (0.0075)  time: 1.6094  data: 0.6204  max mem: 17023
Epoch: [111]  [30/95]  eta: 0:01:37  lr: 0.000100  loss: 0.0072 (0.0073)  loss_CrossEntropy: 0.0072 (0.0073)  time: 1.4940  data: 0.5103  max mem: 17023
Epoch: [111]  [40/95]  eta: 0:01:10  lr: 0.000100  loss: 0.0072 (0.0074)  loss_CrossEntropy: 0.0072 (0.0074)  time: 1.2841  data: 0.2979  max mem: 17023
Epoch: [111]  [50/95]  eta: 0:01:06  lr: 0.000100  loss: 0.0073 (0.0076)  loss_CrossEntropy: 0.0073 (0.0076)  time: 1.4675  data: 0.4824  max mem: 17023
Epoch: [111]  [60/95]  eta: 0:00:48  lr: 0.000100  loss: 0.0062 (0.0075)  loss_CrossEntropy: 0.0062 (0.0075)  time: 1.3867  data: 0.3472  max mem: 17023
Epoch: [111]  [70/95]  eta: 0:00:41  lr: 0.000100  loss: 0.0059 (0.0073)  loss_CrossEntropy: 0.0059 (0.0073)  time: 1.6736  data: 0.6747  max mem: 17023
Epoch: [111]  [80/95]  eta: 0:00:21  lr: 0.000100  loss: 0.0064 (0.0072)  loss_CrossEntropy: 0.0064 (0.0072)  time: 1.4266  data: 0.4246  max mem: 17023
Epoch: [111]  [90/95]  eta: 0:00:07  lr: 0.000100  loss: 0.0070 (0.0073)  loss_CrossEntropy: 0.0070 (0.0073)  time: 1.4958  data: 0.4805  max mem: 17023
Epoch: [111]  [94/95]  eta: 0:00:01  lr: 0.000100  loss: 0.0069 (0.0073)  loss_CrossEntropy: 0.0069 (0.0073)  time: 1.2218  data: 0.2372  max mem: 17023
Epoch: [111] Total time: 0:02:01 (1.2841 s / it)
Averaged stats: lr: 0.000100  loss: 0.0069 (0.0073)  loss_CrossEntropy: 0.0069 (0.0073)
Test:  [ 0/19]  eta: 0:00:00  loss: 0.3610 (0.3610)  loss_CrossEntropy: 0.3610 (0.3610)  Rv: 0.0000 (0.0000)  Lv: 0.8545 (0.8545)  Myo: 0.5985 (0.5985)  Avg: 0.4843 (0.4843)  time: 0.0497  data: 0.0294  max mem: 17023
Test:  [10/19]  eta: 0:00:01  loss: 0.3407 (0.3383)  loss_CrossEntropy: 0.3407 (0.3383)  Rv: 0.7095 (0.6295)  Lv: 0.9493 (0.8779)  Myo: 0.8572 (0.7795)  Avg: 0.8422 (0.7623)  time: 0.1272  data: 0.1055  max mem: 17023
Test:  [18/19]  eta: 0:00:00  loss: 0.3382 (0.3397)  loss_CrossEntropy: 0.3382 (0.3397)  Rv: 0.5767 (0.5603)  Lv: 0.9354 (0.8674)  Myo: 0.8315 (0.7661)  Avg: 0.7681 (0.7312)  time: 0.0605  data: 0.0431  max mem: 17023
Test: Total time: 0:00:02 (0.1549 s / it)
Averaged stats: loss: 0.3382 (0.3397)  loss_CrossEntropy: 0.3382 (0.3397)  Rv: 0.5767 (0.5603)  Lv: 0.9354 (0.8674)  Myo: 0.8315 (0.7661)  Avg: 0.7681 (0.7312)
dice score: 0.7312479270131964
Update high dice score model!
cutout loss: 0.008944572880864143
original loss: 0.00674435356631875
integrity loss: 0.0036540867295116186
invariant loss: 0.01719256117939949
Epoch: [112]  [ 0/95]  eta: 0:02:14  lr: 0.000100  loss: 0.0067 (0.0067)  loss_CrossEntropy: 0.0067 (0.0067)  time: 1.4181  data: 0.4320  max mem: 17023
Epoch: [112]  [10/95]  eta: 0:01:33  lr: 0.000100  loss: 0.0067 (0.0070)  loss_CrossEntropy: 0.0067 (0.0070)  time: 1.1013  data: 0.1239  max mem: 17023
Epoch: [112]  [20/95]  eta: 0:01:30  lr: 0.000100  loss: 0.0069 (0.0069)  loss_CrossEntropy: 0.0069 (0.0069)  time: 1.2032  data: 0.1789  max mem: 17023
Epoch: [112]  [30/95]  eta: 0:01:10  lr: 0.000100  loss: 0.0069 (0.0068)  loss_CrossEntropy: 0.0069 (0.0068)  time: 1.0796  data: 0.1066  max mem: 17023
Epoch: [112]  [40/95]  eta: 0:00:56  lr: 0.000100  loss: 0.0062 (0.0066)  loss_CrossEntropy: 0.0062 (0.0066)  time: 1.0291  data: 0.0412  max mem: 17023
Epoch: [112]  [50/95]  eta: 0:00:56  lr: 0.000100  loss: 0.0059 (0.0068)  loss_CrossEntropy: 0.0059 (0.0068)  time: 1.2452  data: 0.2577  max mem: 17023
Epoch: [112]  [60/95]  eta: 0:00:41  lr: 0.000100  loss: 0.0081 (0.0071)  loss_CrossEntropy: 0.0081 (0.0071)  time: 1.1943  data: 0.2108  max mem: 17023
Epoch: [112]  [70/95]  eta: 0:00:35  lr: 0.000100  loss: 0.0081 (0.0072)  loss_CrossEntropy: 0.0081 (0.0072)  time: 1.4382  data: 0.4531  max mem: 17023
Epoch: [112]  [80/95]  eta: 0:00:18  lr: 0.000100  loss: 0.0079 (0.0075)  loss_CrossEntropy: 0.0079 (0.0075)  time: 1.2433  data: 0.2651  max mem: 17023
Epoch: [112]  [90/95]  eta: 0:00:06  lr: 0.000100  loss: 0.0074 (0.0073)  loss_CrossEntropy: 0.0074 (0.0073)  time: 1.3062  data: 0.3281  max mem: 17023
Epoch: [112]  [94/95]  eta: 0:00:01  lr: 0.000100  loss: 0.0064 (0.0073)  loss_CrossEntropy: 0.0064 (0.0073)  time: 1.1205  data: 0.1296  max mem: 17023
Epoch: [112] Total time: 0:02:05 (1.3233 s / it)
Averaged stats: lr: 0.000100  loss: 0.0064 (0.0073)  loss_CrossEntropy: 0.0064 (0.0073)
Test:  [ 0/19]  eta: 0:00:01  loss: 0.2998 (0.2998)  loss_CrossEntropy: 0.2998 (0.2998)  Rv: 0.0000 (0.0000)  Lv: 0.8820 (0.8820)  Myo: 0.6077 (0.6077)  Avg: 0.4966 (0.4966)  time: 0.0547  data: 0.0341  max mem: 17023
Test:  [10/19]  eta: 0:00:00  loss: 0.3062 (0.3076)  loss_CrossEntropy: 0.3062 (0.3076)  Rv: 0.8267 (0.7001)  Lv: 0.9539 (0.9151)  Myo: 0.8444 (0.7911)  Avg: 0.8804 (0.8021)  time: 0.0417  data: 0.0206  max mem: 17023
Test:  [18/19]  eta: 0:00:00  loss: 0.3033 (0.3072)  loss_CrossEntropy: 0.3033 (0.3072)  Rv: 0.6462 (0.6104)  Lv: 0.9384 (0.8946)  Myo: 0.8257 (0.7791)  Avg: 0.8074 (0.7614)  time: 0.0881  data: 0.0694  max mem: 17023
Test: Total time: 0:00:02 (0.1482 s / it)
Averaged stats: loss: 0.3033 (0.3072)  loss_CrossEntropy: 0.3033 (0.3072)  Rv: 0.6462 (0.6104)  Lv: 0.9384 (0.8946)  Myo: 0.8257 (0.7791)  Avg: 0.8074 (0.7614)
dice score: 0.761358369337885
Update high dice score model!
cutout loss: 0.00874046515673399
original loss: 0.005023916717618704
integrity loss: 0.0025697888340801
invariant loss: 0.0124748470261693
Epoch: [113]  [ 0/95]  eta: 0:01:46  lr: 0.000100  loss: 0.0050 (0.0050)  loss_CrossEntropy: 0.0050 (0.0050)  time: 1.1241  data: 0.1365  max mem: 17023
Epoch: [113]  [10/95]  eta: 0:01:47  lr: 0.000100  loss: 0.0078 (0.0077)  loss_CrossEntropy: 0.0078 (0.0077)  time: 1.2672  data: 0.2786  max mem: 17023
Epoch: [113]  [20/95]  eta: 0:02:28  lr: 0.000100  loss: 0.0076 (0.0077)  loss_CrossEntropy: 0.0076 (0.0077)  time: 1.9801  data: 0.9881  max mem: 17023
Epoch: [113]  [30/95]  eta: 0:01:16  lr: 0.000100  loss: 0.0071 (0.0076)  loss_CrossEntropy: 0.0071 (0.0076)  time: 1.1772  data: 0.1827  max mem: 17023
Epoch: [113]  [40/95]  eta: 0:01:21  lr: 0.000100  loss: 0.0071 (0.0075)  loss_CrossEntropy: 0.0071 (0.0075)  time: 1.4897  data: 0.5142  max mem: 17023
Epoch: [113]  [50/95]  eta: 0:00:47  lr: 0.000100  loss: 0.0071 (0.0077)  loss_CrossEntropy: 0.0071 (0.0077)  time: 1.0473  data: 0.0609  max mem: 17023
Epoch: [113]  [60/95]  eta: 0:00:49  lr: 0.000100  loss: 0.0074 (0.0077)  loss_CrossEntropy: 0.0074 (0.0077)  time: 1.4261  data: 0.4512  max mem: 17023
Epoch: [113]  [70/95]  eta: 0:00:27  lr: 0.000100  loss: 0.0068 (0.0077)  loss_CrossEntropy: 0.0068 (0.0077)  time: 1.0865  data: 0.0998  max mem: 17023
Epoch: [113]  [80/95]  eta: 0:00:21  lr: 0.000100  loss: 0.0068 (0.0076)  loss_CrossEntropy: 0.0068 (0.0076)  time: 1.4113  data: 0.4178  max mem: 17023
Epoch: [113]  [90/95]  eta: 0:00:07  lr: 0.000100  loss: 0.0068 (0.0075)  loss_CrossEntropy: 0.0068 (0.0075)  time: 1.4483  data: 0.4656  max mem: 17023
Epoch: [113]  [94/95]  eta: 0:00:01  lr: 0.000100  loss: 0.0068 (0.0075)  loss_CrossEntropy: 0.0068 (0.0075)  time: 1.0373  data: 0.0490  max mem: 17023
Epoch: [113] Total time: 0:02:06 (1.3287 s / it)
Averaged stats: lr: 0.000100  loss: 0.0068 (0.0075)  loss_CrossEntropy: 0.0068 (0.0075)
Test:  [ 0/19]  eta: 0:00:06  loss: 0.2841 (0.2841)  loss_CrossEntropy: 0.2841 (0.2841)  Rv: 0.0000 (0.0000)  Lv: 0.8250 (0.8250)  Myo: 0.6014 (0.6014)  Avg: 0.4755 (0.4755)  time: 0.3316  data: 0.2993  max mem: 17023
Test:  [10/19]  eta: 0:00:02  loss: 0.2909 (0.2952)  loss_CrossEntropy: 0.2909 (0.2952)  Rv: 0.8079 (0.6860)  Lv: 0.9492 (0.9370)  Myo: 0.8476 (0.8281)  Avg: 0.8683 (0.8170)  time: 0.2643  data: 0.2422  max mem: 17023
Test:  [18/19]  eta: 0:00:00  loss: 0.2931 (0.2958)  loss_CrossEntropy: 0.2931 (0.2958)  Rv: 0.6343 (0.6074)  Lv: 0.9371 (0.9117)  Myo: 0.8322 (0.8210)  Avg: 0.7963 (0.7801)  time: 0.0723  data: 0.0540  max mem: 17023
Test: Total time: 0:00:03 (0.1603 s / it)
Averaged stats: loss: 0.2931 (0.2958)  loss_CrossEntropy: 0.2931 (0.2958)  Rv: 0.6343 (0.6074)  Lv: 0.9371 (0.9117)  Myo: 0.8322 (0.8210)  Avg: 0.7963 (0.7801)
dice score: 0.7800565612943549
Update best model!
Update high dice score model!
cutout loss: 0.01625189743936062
original loss: 0.009228138253092766
integrity loss: 0.0024359822273254395
invariant loss: 0.015048039145767689
Epoch: [114]  [ 0/95]  eta: 0:01:43  lr: 0.000100  loss: 0.0092 (0.0092)  loss_CrossEntropy: 0.0092 (0.0092)  time: 1.0866  data: 0.0276  max mem: 17023
Epoch: [114]  [10/95]  eta: 0:01:44  lr: 0.000100  loss: 0.0076 (0.0074)  loss_CrossEntropy: 0.0076 (0.0074)  time: 1.2310  data: 0.2554  max mem: 17023
Epoch: [114]  [20/95]  eta: 0:01:22  lr: 0.000100  loss: 0.0062 (0.0068)  loss_CrossEntropy: 0.0062 (0.0068)  time: 1.1015  data: 0.1269  max mem: 17023
Epoch: [114]  [30/95]  eta: 0:01:21  lr: 0.000100  loss: 0.0062 (0.0073)  loss_CrossEntropy: 0.0062 (0.0073)  time: 1.2465  data: 0.2372  max mem: 17023
Epoch: [114]  [40/95]  eta: 0:01:12  lr: 0.000100  loss: 0.0073 (0.0074)  loss_CrossEntropy: 0.0073 (0.0074)  time: 1.3250  data: 0.2941  max mem: 17023
Epoch: [114]  [50/95]  eta: 0:01:14  lr: 0.000100  loss: 0.0065 (0.0071)  loss_CrossEntropy: 0.0065 (0.0071)  time: 1.6572  data: 0.6737  max mem: 17023
Epoch: [114]  [60/95]  eta: 0:00:43  lr: 0.000100  loss: 0.0063 (0.0071)  loss_CrossEntropy: 0.0063 (0.0071)  time: 1.2348  data: 0.2576  max mem: 17023
Epoch: [114]  [70/95]  eta: 0:00:40  lr: 0.000100  loss: 0.0067 (0.0071)  loss_CrossEntropy: 0.0067 (0.0071)  time: 1.6382  data: 0.6552  max mem: 17023
Epoch: [114]  [80/95]  eta: 0:00:18  lr: 0.000100  loss: 0.0073 (0.0071)  loss_CrossEntropy: 0.0073 (0.0071)  time: 1.2320  data: 0.2449  max mem: 17023
Epoch: [114]  [90/95]  eta: 0:00:06  lr: 0.000100  loss: 0.0075 (0.0070)  loss_CrossEntropy: 0.0075 (0.0070)  time: 1.2375  data: 0.2670  max mem: 17023
Epoch: [114]  [94/95]  eta: 0:00:01  lr: 0.000100  loss: 0.0062 (0.0070)  loss_CrossEntropy: 0.0062 (0.0070)  time: 1.8463  data: 0.8564  max mem: 17023
Epoch: [114] Total time: 0:02:08 (1.3513 s / it)
Averaged stats: lr: 0.000100  loss: 0.0062 (0.0070)  loss_CrossEntropy: 0.0062 (0.0070)
Test:  [ 0/19]  eta: 0:00:02  loss: 0.2671 (0.2671)  loss_CrossEntropy: 0.2671 (0.2671)  Rv: 0.0000 (0.0000)  Lv: 0.7109 (0.7109)  Myo: 0.6134 (0.6134)  Avg: 0.4414 (0.4414)  time: 0.1444  data: 0.1114  max mem: 17023
Test:  [10/19]  eta: 0:00:03  loss: 0.2745 (0.2850)  loss_CrossEntropy: 0.2745 (0.2850)  Rv: 0.7907 (0.7005)  Lv: 0.9484 (0.9187)  Myo: 0.8410 (0.8052)  Avg: 0.8375 (0.8082)  time: 0.4169  data: 0.3762  max mem: 17023
Test:  [18/19]  eta: 0:00:00  loss: 0.2909 (0.2920)  loss_CrossEntropy: 0.2909 (0.2920)  Rv: 0.6483 (0.6238)  Lv: 0.9326 (0.9030)  Myo: 0.8207 (0.8042)  Avg: 0.8112 (0.7770)  time: 0.0517  data: 0.0338  max mem: 17023
Test: Total time: 0:00:02 (0.1350 s / it)
Averaged stats: loss: 0.2909 (0.2920)  loss_CrossEntropy: 0.2909 (0.2920)  Rv: 0.6483 (0.6238)  Lv: 0.9326 (0.9030)  Myo: 0.8207 (0.8042)  Avg: 0.8112 (0.7770)
dice score: 0.7770016020850131
Update high dice score model!
cutout loss: 0.012419255450367928
original loss: 0.007902270182967186
integrity loss: 0.002953910967335105
invariant loss: 0.011209673248231411
Epoch: [115]  [ 0/95]  eta: 0:02:15  lr: 0.000100  loss: 0.0079 (0.0079)  loss_CrossEntropy: 0.0079 (0.0079)  time: 1.4227  data: 0.4432  max mem: 17023
Epoch: [115]  [10/95]  eta: 0:01:29  lr: 0.000100  loss: 0.0079 (0.0079)  loss_CrossEntropy: 0.0079 (0.0079)  time: 1.0525  data: 0.0565  max mem: 17023
Epoch: [115]  [20/95]  eta: 0:01:49  lr: 0.000100  loss: 0.0068 (0.0073)  loss_CrossEntropy: 0.0068 (0.0073)  time: 1.4629  data: 0.4745  max mem: 17023
Epoch: [115]  [30/95]  eta: 0:01:16  lr: 0.000100  loss: 0.0069 (0.0077)  loss_CrossEntropy: 0.0069 (0.0077)  time: 1.1797  data: 0.1998  max mem: 17023
Epoch: [115]  [40/95]  eta: 0:01:15  lr: 0.000100  loss: 0.0069 (0.0074)  loss_CrossEntropy: 0.0069 (0.0074)  time: 1.3653  data: 0.3255  max mem: 17023
Epoch: [115]  [50/95]  eta: 0:00:46  lr: 0.000100  loss: 0.0070 (0.0075)  loss_CrossEntropy: 0.0070 (0.0075)  time: 1.0259  data: 0.0455  max mem: 17023
Epoch: [115]  [60/95]  eta: 0:00:40  lr: 0.000100  loss: 0.0069 (0.0074)  loss_CrossEntropy: 0.0069 (0.0074)  time: 1.1605  data: 0.1830  max mem: 17023
Epoch: [115]  [70/95]  eta: 0:00:27  lr: 0.000100  loss: 0.0061 (0.0071)  loss_CrossEntropy: 0.0061 (0.0071)  time: 1.0992  data: 0.1111  max mem: 17023
Epoch: [115]  [80/95]  eta: 0:00:26  lr: 0.000100  loss: 0.0060 (0.0071)  loss_CrossEntropy: 0.0060 (0.0071)  time: 1.7601  data: 0.7882  max mem: 17023
Epoch: [115]  [90/95]  eta: 0:00:06  lr: 0.000100  loss: 0.0070 (0.0072)  loss_CrossEntropy: 0.0070 (0.0072)  time: 1.2972  data: 0.3239  max mem: 17023
Epoch: [115]  [94/95]  eta: 0:00:01  lr: 0.000100  loss: 0.0070 (0.0072)  loss_CrossEntropy: 0.0070 (0.0072)  time: 1.1532  data: 0.1103  max mem: 17023
Epoch: [115] Total time: 0:02:10 (1.3694 s / it)
Averaged stats: lr: 0.000100  loss: 0.0070 (0.0072)  loss_CrossEntropy: 0.0070 (0.0072)
Test:  [ 0/19]  eta: 0:00:05  loss: 0.2747 (0.2747)  loss_CrossEntropy: 0.2747 (0.2747)  Rv: 0.0000 (0.0000)  Lv: 0.6977 (0.6977)  Myo: 0.5303 (0.5303)  Avg: 0.4094 (0.4094)  time: 0.3064  data: 0.2856  max mem: 17023
Test:  [10/19]  eta: 0:00:00  loss: 0.2735 (0.2741)  loss_CrossEntropy: 0.2735 (0.2741)  Rv: 0.7590 (0.6412)  Lv: 0.9377 (0.8448)  Myo: 0.8016 (0.7268)  Avg: 0.8521 (0.7376)  time: 0.0687  data: 0.0470  max mem: 17023
Test:  [18/19]  eta: 0:00:00  loss: 0.2735 (0.2782)  loss_CrossEntropy: 0.2735 (0.2782)  Rv: 0.6329 (0.5701)  Lv: 0.9341 (0.7766)  Myo: 0.7839 (0.6752)  Avg: 0.7469 (0.6740)  time: 0.2876  data: 0.2563  max mem: 17023
Test: Total time: 0:00:03 (0.1868 s / it)
Averaged stats: loss: 0.2735 (0.2782)  loss_CrossEntropy: 0.2735 (0.2782)  Rv: 0.6329 (0.5701)  Lv: 0.9341 (0.7766)  Myo: 0.7839 (0.6752)  Avg: 0.7469 (0.6740)
dice score: 0.6739732074110132
Update high dice score model!
cutout loss: 0.024356916546821594
original loss: 0.007146529853343964
integrity loss: 0.002686673542484641
invariant loss: 0.015453415922820568
Epoch: [116]  [ 0/95]  eta: 0:01:51  lr: 0.000100  loss: 0.0071 (0.0071)  loss_CrossEntropy: 0.0071 (0.0071)  time: 1.1688  data: 0.1927  max mem: 17023
Epoch: [116]  [10/95]  eta: 0:01:44  lr: 0.000100  loss: 0.0071 (0.0071)  loss_CrossEntropy: 0.0071 (0.0071)  time: 1.2302  data: 0.1882  max mem: 17023
Epoch: [116]  [20/95]  eta: 0:01:23  lr: 0.000100  loss: 0.0076 (0.0085)  loss_CrossEntropy: 0.0076 (0.0085)  time: 1.1144  data: 0.1314  max mem: 17023
Epoch: [116]  [30/95]  eta: 0:01:28  lr: 0.000100  loss: 0.0084 (0.0082)  loss_CrossEntropy: 0.0084 (0.0082)  time: 1.3553  data: 0.3620  max mem: 17023
Epoch: [116]  [40/95]  eta: 0:01:12  lr: 0.000100  loss: 0.0072 (0.0080)  loss_CrossEntropy: 0.0072 (0.0080)  time: 1.3174  data: 0.3368  max mem: 17023
Epoch: [116]  [50/95]  eta: 0:01:08  lr: 0.000100  loss: 0.0064 (0.0078)  loss_CrossEntropy: 0.0064 (0.0078)  time: 1.5141  data: 0.5296  max mem: 17023
Epoch: [116]  [60/95]  eta: 0:00:41  lr: 0.000100  loss: 0.0064 (0.0078)  loss_CrossEntropy: 0.0064 (0.0078)  time: 1.1967  data: 0.2108  max mem: 17023
Epoch: [116]  [70/95]  eta: 0:00:30  lr: 0.000100  loss: 0.0076 (0.0078)  loss_CrossEntropy: 0.0076 (0.0078)  time: 1.2167  data: 0.2289  max mem: 17023
Epoch: [116]  [80/95]  eta: 0:00:23  lr: 0.000100  loss: 0.0076 (0.0077)  loss_CrossEntropy: 0.0076 (0.0077)  time: 1.5743  data: 0.5860  max mem: 17023
Epoch: [116]  [90/95]  eta: 0:00:07  lr: 0.000100  loss: 0.0070 (0.0077)  loss_CrossEntropy: 0.0070 (0.0077)  time: 1.4037  data: 0.4231  max mem: 17023
Epoch: [116]  [94/95]  eta: 0:00:01  lr: 0.000100  loss: 0.0069 (0.0077)  loss_CrossEntropy: 0.0069 (0.0077)  time: 1.0541  data: 0.0656  max mem: 17023
Epoch: [116] Total time: 0:02:03 (1.3047 s / it)
Averaged stats: lr: 0.000100  loss: 0.0069 (0.0077)  loss_CrossEntropy: 0.0069 (0.0077)
Test:  [ 0/19]  eta: 0:00:00  loss: 0.2909 (0.2909)  loss_CrossEntropy: 0.2909 (0.2909)  Rv: 0.0000 (0.0000)  Lv: 0.8458 (0.8458)  Myo: 0.6330 (0.6330)  Avg: 0.4929 (0.4929)  time: 0.0524  data: 0.0313  max mem: 17023
Test:  [10/19]  eta: 0:00:02  loss: 0.2900 (0.2874)  loss_CrossEntropy: 0.2900 (0.2874)  Rv: 0.8449 (0.7139)  Lv: 0.9503 (0.9403)  Myo: 0.8467 (0.8219)  Avg: 0.8870 (0.8254)  time: 0.3313  data: 0.3095  max mem: 17023
Test:  [18/19]  eta: 0:00:00  loss: 0.2820 (0.2861)  loss_CrossEntropy: 0.2820 (0.2861)  Rv: 0.6731 (0.6314)  Lv: 0.9390 (0.9206)  Myo: 0.8409 (0.8239)  Avg: 0.8145 (0.7920)  time: 0.1599  data: 0.1428  max mem: 17023
Test: Total time: 0:00:03 (0.1595 s / it)
Averaged stats: loss: 0.2820 (0.2861)  loss_CrossEntropy: 0.2820 (0.2861)  Rv: 0.6731 (0.6314)  Lv: 0.9390 (0.9206)  Myo: 0.8409 (0.8239)  Avg: 0.8145 (0.7920)
dice score: 0.7919515371322632
Update best model!
Update high dice score model!
cutout loss: 0.027337318286299706
original loss: 0.006217556539922953
integrity loss: 0.002225208329036832
invariant loss: 0.010986763052642345
Epoch: [117]  [ 0/95]  eta: 0:01:54  lr: 0.000100  loss: 0.0062 (0.0062)  loss_CrossEntropy: 0.0062 (0.0062)  time: 1.2023  data: 0.1890  max mem: 17023
Epoch: [117]  [10/95]  eta: 0:01:48  lr: 0.000100  loss: 0.0071 (0.0069)  loss_CrossEntropy: 0.0071 (0.0069)  time: 1.2760  data: 0.2962  max mem: 17023
Epoch: [117]  [20/95]  eta: 0:01:34  lr: 0.000100  loss: 0.0062 (0.0064)  loss_CrossEntropy: 0.0062 (0.0064)  time: 1.2578  data: 0.2743  max mem: 17023
Epoch: [117]  [30/95]  eta: 0:01:50  lr: 0.000100  loss: 0.0064 (0.0066)  loss_CrossEntropy: 0.0064 (0.0066)  time: 1.6927  data: 0.7087  max mem: 17023
Epoch: [117]  [40/95]  eta: 0:01:13  lr: 0.000100  loss: 0.0061 (0.0065)  loss_CrossEntropy: 0.0061 (0.0065)  time: 1.3336  data: 0.3400  max mem: 17023
Epoch: [117]  [50/95]  eta: 0:01:04  lr: 0.000100  loss: 0.0058 (0.0064)  loss_CrossEntropy: 0.0058 (0.0064)  time: 1.4383  data: 0.4593  max mem: 17023
Epoch: [117]  [60/95]  eta: 0:00:37  lr: 0.000100  loss: 0.0055 (0.0064)  loss_CrossEntropy: 0.0055 (0.0064)  time: 1.0685  data: 0.0863  max mem: 17023
Epoch: [117]  [70/95]  eta: 0:00:28  lr: 0.000100  loss: 0.0061 (0.0065)  loss_CrossEntropy: 0.0061 (0.0065)  time: 1.1545  data: 0.1721  max mem: 17023
Epoch: [117]  [80/95]  eta: 0:00:20  lr: 0.000100  loss: 0.0065 (0.0065)  loss_CrossEntropy: 0.0065 (0.0065)  time: 1.3355  data: 0.3094  max mem: 17023
Epoch: [117]  [90/95]  eta: 0:00:07  lr: 0.000100  loss: 0.0060 (0.0065)  loss_CrossEntropy: 0.0060 (0.0065)  time: 1.5137  data: 0.5184  max mem: 17023
Epoch: [117]  [94/95]  eta: 0:00:01  lr: 0.000100  loss: 0.0061 (0.0066)  loss_CrossEntropy: 0.0061 (0.0066)  time: 1.1605  data: 0.1527  max mem: 17023
Epoch: [117] Total time: 0:02:02 (1.2890 s / it)
Averaged stats: lr: 0.000100  loss: 0.0061 (0.0066)  loss_CrossEntropy: 0.0061 (0.0066)
Test:  [ 0/19]  eta: 0:00:06  loss: 0.2963 (0.2963)  loss_CrossEntropy: 0.2963 (0.2963)  Rv: 0.0000 (0.0000)  Lv: 0.8317 (0.8317)  Myo: 0.6242 (0.6242)  Avg: 0.4853 (0.4853)  time: 0.3186  data: 0.2984  max mem: 17023
Test:  [10/19]  eta: 0:00:03  loss: 0.2940 (0.2944)  loss_CrossEntropy: 0.2940 (0.2944)  Rv: 0.7961 (0.7063)  Lv: 0.9430 (0.9362)  Myo: 0.8355 (0.8152)  Avg: 0.8746 (0.8192)  time: 0.4023  data: 0.3558  max mem: 17023
Test:  [18/19]  eta: 0:00:00  loss: 0.2963 (0.2996)  loss_CrossEntropy: 0.2963 (0.2996)  Rv: 0.6197 (0.6103)  Lv: 0.9278 (0.9155)  Myo: 0.8284 (0.8146)  Avg: 0.7915 (0.7801)  time: 0.0360  data: 0.0184  max mem: 17023
Test: Total time: 0:00:03 (0.1672 s / it)
Averaged stats: loss: 0.2963 (0.2996)  loss_CrossEntropy: 0.2963 (0.2996)  Rv: 0.6197 (0.6103)  Lv: 0.9278 (0.9155)  Myo: 0.8284 (0.8146)  Avg: 0.7915 (0.7801)
dice score: 0.7801300961720316
Update high dice score model!
cutout loss: 0.0035941333044320345
original loss: 0.00653450982645154
integrity loss: 0.0030010759364813566
invariant loss: 0.011277228593826294
Epoch: [118]  [ 0/95]  eta: 0:01:45  lr: 0.000100  loss: 0.0065 (0.0065)  loss_CrossEntropy: 0.0065 (0.0065)  time: 1.1104  data: 0.0306  max mem: 17023
Epoch: [118]  [10/95]  eta: 0:01:32  lr: 0.000100  loss: 0.0067 (0.0064)  loss_CrossEntropy: 0.0067 (0.0064)  time: 1.0927  data: 0.0737  max mem: 17023
Epoch: [118]  [20/95]  eta: 0:01:18  lr: 0.000100  loss: 0.0065 (0.0067)  loss_CrossEntropy: 0.0065 (0.0067)  time: 1.0495  data: 0.0722  max mem: 17023
Epoch: [118]  [30/95]  eta: 0:01:47  lr: 0.000100  loss: 0.0063 (0.0066)  loss_CrossEntropy: 0.0063 (0.0066)  time: 1.6562  data: 0.6314  max mem: 17023
Epoch: [118]  [40/95]  eta: 0:01:06  lr: 0.000100  loss: 0.0062 (0.0065)  loss_CrossEntropy: 0.0062 (0.0065)  time: 1.2040  data: 0.1696  max mem: 17023
Epoch: [118]  [50/95]  eta: 0:00:53  lr: 0.000100  loss: 0.0062 (0.0066)  loss_CrossEntropy: 0.0062 (0.0066)  time: 1.1857  data: 0.2085  max mem: 17023
Epoch: [118]  [60/95]  eta: 0:00:48  lr: 0.000100  loss: 0.0058 (0.0066)  loss_CrossEntropy: 0.0058 (0.0066)  time: 1.3751  data: 0.3829  max mem: 17023
Epoch: [118]  [70/95]  eta: 0:00:33  lr: 0.000100  loss: 0.0058 (0.0066)  loss_CrossEntropy: 0.0058 (0.0066)  time: 1.3495  data: 0.3426  max mem: 17023
Epoch: [118]  [80/95]  eta: 0:00:16  lr: 0.000100  loss: 0.0069 (0.0067)  loss_CrossEntropy: 0.0069 (0.0067)  time: 1.1202  data: 0.0537  max mem: 17023
Epoch: [118]  [90/95]  eta: 0:00:07  lr: 0.000100  loss: 0.0071 (0.0066)  loss_CrossEntropy: 0.0071 (0.0066)  time: 1.4867  data: 0.5108  max mem: 17023
Epoch: [118]  [94/95]  eta: 0:00:01  lr: 0.000100  loss: 0.0071 (0.0067)  loss_CrossEntropy: 0.0071 (0.0067)  time: 1.2557  data: 0.2803  max mem: 17023
Epoch: [118] Total time: 0:02:03 (1.2982 s / it)
Averaged stats: lr: 0.000100  loss: 0.0071 (0.0067)  loss_CrossEntropy: 0.0071 (0.0067)
Test:  [ 0/19]  eta: 0:00:01  loss: 0.3043 (0.3043)  loss_CrossEntropy: 0.3043 (0.3043)  Rv: 0.0000 (0.0000)  Lv: 0.8203 (0.8203)  Myo: 0.6085 (0.6085)  Avg: 0.4762 (0.4762)  time: 0.0928  data: 0.0723  max mem: 17023
Test:  [10/19]  eta: 0:00:03  loss: 0.2988 (0.2958)  loss_CrossEntropy: 0.2988 (0.2958)  Rv: 0.8305 (0.7103)  Lv: 0.9454 (0.9134)  Myo: 0.8170 (0.7806)  Avg: 0.8807 (0.8015)  time: 0.3990  data: 0.3660  max mem: 17023
Test:  [18/19]  eta: 0:00:00  loss: 0.2959 (0.2936)  loss_CrossEntropy: 0.2959 (0.2936)  Rv: 0.6982 (0.6334)  Lv: 0.9283 (0.9058)  Myo: 0.8076 (0.7922)  Avg: 0.8005 (0.7771)  time: 0.2388  data: 0.2084  max mem: 17023
Test: Total time: 0:00:02 (0.1548 s / it)
Averaged stats: loss: 0.2959 (0.2936)  loss_CrossEntropy: 0.2959 (0.2936)  Rv: 0.6982 (0.6334)  Lv: 0.9283 (0.9058)  Myo: 0.8076 (0.7922)  Avg: 0.8005 (0.7771)
dice score: 0.7771014979011134
Update high dice score model!
cutout loss: 0.018777405843138695
original loss: 0.009190546348690987
integrity loss: 0.002682328224182129
invariant loss: 0.016005778685212135
Epoch: [119]  [ 0/95]  eta: 0:02:13  lr: 0.000100  loss: 0.0092 (0.0092)  loss_CrossEntropy: 0.0092 (0.0092)  time: 1.4104  data: 0.4208  max mem: 17023
Epoch: [119]  [10/95]  eta: 0:02:08  lr: 0.000100  loss: 0.0073 (0.0067)  loss_CrossEntropy: 0.0073 (0.0067)  time: 1.5163  data: 0.5416  max mem: 17023
Epoch: [119]  [20/95]  eta: 0:02:02  lr: 0.000100  loss: 0.0059 (0.0062)  loss_CrossEntropy: 0.0059 (0.0062)  time: 1.6305  data: 0.6492  max mem: 17023
Epoch: [119]  [30/95]  eta: 0:01:21  lr: 0.000100  loss: 0.0054 (0.0060)  loss_CrossEntropy: 0.0054 (0.0060)  time: 1.2511  data: 0.2656  max mem: 17023
Epoch: [119]  [40/95]  eta: 0:01:19  lr: 0.000100  loss: 0.0062 (0.0063)  loss_CrossEntropy: 0.0062 (0.0063)  time: 1.4377  data: 0.3729  max mem: 17023
Epoch: [119]  [50/95]  eta: 0:01:00  lr: 0.000100  loss: 0.0064 (0.0064)  loss_CrossEntropy: 0.0064 (0.0064)  time: 1.3349  data: 0.3564  max mem: 17023
Epoch: [119]  [60/95]  eta: 0:00:40  lr: 0.000100  loss: 0.0057 (0.0062)  loss_CrossEntropy: 0.0057 (0.0062)  time: 1.1661  data: 0.1865  max mem: 17023
Epoch: [119]  [70/95]  eta: 0:00:32  lr: 0.000100  loss: 0.0062 (0.0063)  loss_CrossEntropy: 0.0062 (0.0063)  time: 1.2923  data: 0.3114  max mem: 17023
Epoch: [119]  [80/95]  eta: 0:00:22  lr: 0.000100  loss: 0.0063 (0.0063)  loss_CrossEntropy: 0.0063 (0.0063)  time: 1.4805  data: 0.5082  max mem: 17023
Epoch: [119]  [90/95]  eta: 0:00:07  lr: 0.000100  loss: 0.0053 (0.0062)  loss_CrossEntropy: 0.0053 (0.0062)  time: 1.4543  data: 0.4659  max mem: 17023
Epoch: [119]  [94/95]  eta: 0:00:01  lr: 0.000100  loss: 0.0053 (0.0062)  loss_CrossEntropy: 0.0053 (0.0062)  time: 1.1005  data: 0.1183  max mem: 17023
Epoch: [119] Total time: 0:02:07 (1.3376 s / it)
Averaged stats: lr: 0.000100  loss: 0.0053 (0.0062)  loss_CrossEntropy: 0.0053 (0.0062)
Test:  [ 0/19]  eta: 0:00:03  loss: 0.2649 (0.2649)  loss_CrossEntropy: 0.2649 (0.2649)  Rv: 0.0000 (0.0000)  Lv: 0.8236 (0.8236)  Myo: 0.6186 (0.6186)  Avg: 0.4807 (0.4807)  time: 0.1963  data: 0.1758  max mem: 17023
Test:  [10/19]  eta: 0:00:00  loss: 0.2718 (0.2736)  loss_CrossEntropy: 0.2718 (0.2736)  Rv: 0.8258 (0.7009)  Lv: 0.9442 (0.9119)  Myo: 0.8407 (0.8006)  Avg: 0.8870 (0.8045)  time: 0.0445  data: 0.0235  max mem: 17023
Test:  [18/19]  eta: 0:00:00  loss: 0.2718 (0.2733)  loss_CrossEntropy: 0.2718 (0.2733)  Rv: 0.6956 (0.6259)  Lv: 0.9262 (0.9080)  Myo: 0.8261 (0.8067)  Avg: 0.7998 (0.7802)  time: 0.0380  data: 0.0209  max mem: 17023
Test: Total time: 0:00:02 (0.1454 s / it)
Averaged stats: loss: 0.2718 (0.2733)  loss_CrossEntropy: 0.2718 (0.2733)  Rv: 0.6956 (0.6259)  Lv: 0.9262 (0.9080)  Myo: 0.8261 (0.8067)  Avg: 0.7998 (0.7802)
dice score: 0.7802241695554633
Update high dice score model!
cutout loss: 0.012185707688331604
original loss: 0.006194246932864189
integrity loss: 0.00261704926379025
invariant loss: 0.01463096123188734
Epoch: [120]  [ 0/95]  eta: 0:02:02  lr: 0.000100  loss: 0.0062 (0.0062)  loss_CrossEntropy: 0.0062 (0.0062)  time: 1.2893  data: 0.2995  max mem: 17023
Epoch: [120]  [10/95]  eta: 0:01:55  lr: 0.000100  loss: 0.0062 (0.0066)  loss_CrossEntropy: 0.0062 (0.0066)  time: 1.3612  data: 0.3693  max mem: 17023
Epoch: [120]  [20/95]  eta: 0:01:42  lr: 0.000100  loss: 0.0059 (0.0064)  loss_CrossEntropy: 0.0059 (0.0064)  time: 1.3674  data: 0.3787  max mem: 17023
Epoch: [120]  [30/95]  eta: 0:01:23  lr: 0.000100  loss: 0.0061 (0.0065)  loss_CrossEntropy: 0.0061 (0.0065)  time: 1.2895  data: 0.2979  max mem: 17023
Epoch: [120]  [40/95]  eta: 0:01:10  lr: 0.000100  loss: 0.0063 (0.0066)  loss_CrossEntropy: 0.0063 (0.0066)  time: 1.2818  data: 0.2429  max mem: 17023
Epoch: [120]  [50/95]  eta: 0:01:00  lr: 0.000100  loss: 0.0057 (0.0064)  loss_CrossEntropy: 0.0057 (0.0064)  time: 1.3457  data: 0.3611  max mem: 17023
Epoch: [120]  [60/95]  eta: 0:00:42  lr: 0.000100  loss: 0.0051 (0.0062)  loss_CrossEntropy: 0.0051 (0.0062)  time: 1.2234  data: 0.2401  max mem: 17023
Epoch: [120]  [70/95]  eta: 0:00:37  lr: 0.000100  loss: 0.0069 (0.0065)  loss_CrossEntropy: 0.0069 (0.0065)  time: 1.4803  data: 0.4938  max mem: 17023
Epoch: [120]  [80/95]  eta: 0:00:16  lr: 0.000100  loss: 0.0069 (0.0066)  loss_CrossEntropy: 0.0069 (0.0066)  time: 1.0992  data: 0.1121  max mem: 17023
Epoch: [120]  [90/95]  eta: 0:00:05  lr: 0.000100  loss: 0.0063 (0.0066)  loss_CrossEntropy: 0.0063 (0.0066)  time: 1.1404  data: 0.1575  max mem: 17023
Epoch: [120]  [94/95]  eta: 0:00:01  lr: 0.000100  loss: 0.0064 (0.0066)  loss_CrossEntropy: 0.0064 (0.0066)  time: 1.2655  data: 0.2739  max mem: 17023
Epoch: [120] Total time: 0:02:08 (1.3555 s / it)
Averaged stats: lr: 0.000100  loss: 0.0064 (0.0066)  loss_CrossEntropy: 0.0064 (0.0066)
Test:  [ 0/19]  eta: 0:00:04  loss: 0.1704 (0.1704)  loss_CrossEntropy: 0.1704 (0.1704)  Rv: 0.0000 (0.0000)  Lv: 0.8411 (0.8411)  Myo: 0.6102 (0.6102)  Avg: 0.4838 (0.4838)  time: 0.2359  data: 0.2148  max mem: 17023
Test:  [10/19]  eta: 0:00:02  loss: 0.2080 (0.2038)  loss_CrossEntropy: 0.2080 (0.2038)  Rv: 0.7821 (0.7112)  Lv: 0.9399 (0.9276)  Myo: 0.8476 (0.8171)  Avg: 0.8660 (0.8186)  time: 0.2474  data: 0.2261  max mem: 17023
Test:  [18/19]  eta: 0:00:00  loss: 0.2134 (0.2077)  loss_CrossEntropy: 0.2134 (0.2077)  Rv: 0.6660 (0.6271)  Lv: 0.9258 (0.9086)  Myo: 0.8268 (0.8167)  Avg: 0.8107 (0.7841)  time: 0.0354  data: 0.0181  max mem: 17023
Test: Total time: 0:00:03 (0.1689 s / it)
Averaged stats: loss: 0.2134 (0.2077)  loss_CrossEntropy: 0.2134 (0.2077)  Rv: 0.6660 (0.6271)  Lv: 0.9258 (0.9086)  Myo: 0.8268 (0.8167)  Avg: 0.8107 (0.7841)
dice score: 0.7841230646560067
Update high dice score model!
cutout loss: 0.018279287964105606
original loss: 0.006433738395571709
integrity loss: 0.0017293930286541581
invariant loss: 0.01705537550151348
Epoch: [121]  [ 0/95]  eta: 0:01:36  lr: 0.000100  loss: 0.0064 (0.0064)  loss_CrossEntropy: 0.0064 (0.0064)  time: 1.0161  data: 0.0332  max mem: 17023
Epoch: [121]  [10/95]  eta: 0:01:50  lr: 0.000100  loss: 0.0059 (0.0057)  loss_CrossEntropy: 0.0059 (0.0057)  time: 1.2984  data: 0.3014  max mem: 17023
Epoch: [121]  [20/95]  eta: 0:01:40  lr: 0.000100  loss: 0.0059 (0.0063)  loss_CrossEntropy: 0.0059 (0.0063)  time: 1.3389  data: 0.3384  max mem: 17023
Epoch: [121]  [30/95]  eta: 0:01:14  lr: 0.000100  loss: 0.0058 (0.0063)  loss_CrossEntropy: 0.0058 (0.0063)  time: 1.1470  data: 0.1638  max mem: 17023
Epoch: [121]  [40/95]  eta: 0:00:56  lr: 0.000100  loss: 0.0055 (0.0063)  loss_CrossEntropy: 0.0055 (0.0063)  time: 1.0186  data: 0.0329  max mem: 17023
Epoch: [121]  [50/95]  eta: 0:00:56  lr: 0.000100  loss: 0.0063 (0.0064)  loss_CrossEntropy: 0.0063 (0.0064)  time: 1.2641  data: 0.2860  max mem: 17023
Epoch: [121]  [60/95]  eta: 0:00:47  lr: 0.000100  loss: 0.0068 (0.0064)  loss_CrossEntropy: 0.0068 (0.0064)  time: 1.3671  data: 0.3640  max mem: 17023
Epoch: [121]  [70/95]  eta: 0:00:35  lr: 0.000100  loss: 0.0065 (0.0064)  loss_CrossEntropy: 0.0065 (0.0064)  time: 1.4097  data: 0.4134  max mem: 17023
Epoch: [121]  [80/95]  eta: 0:00:15  lr: 0.000100  loss: 0.0068 (0.0065)  loss_CrossEntropy: 0.0068 (0.0065)  time: 1.0223  data: 0.0453  max mem: 17023
Epoch: [121]  [90/95]  eta: 0:00:06  lr: 0.000100  loss: 0.0069 (0.0066)  loss_CrossEntropy: 0.0069 (0.0066)  time: 1.3853  data: 0.3893  max mem: 17023
Epoch: [121]  [94/95]  eta: 0:00:01  lr: 0.000100  loss: 0.0068 (0.0066)  loss_CrossEntropy: 0.0068 (0.0066)  time: 1.4702  data: 0.4971  max mem: 17023
Epoch: [121] Total time: 0:02:05 (1.3235 s / it)
Averaged stats: lr: 0.000100  loss: 0.0068 (0.0066)  loss_CrossEntropy: 0.0068 (0.0066)
Test:  [ 0/19]  eta: 0:00:01  loss: 0.2904 (0.2904)  loss_CrossEntropy: 0.2904 (0.2904)  Rv: 0.0000 (0.0000)  Lv: 0.7086 (0.7086)  Myo: 0.6233 (0.6233)  Avg: 0.4440 (0.4440)  time: 0.0531  data: 0.0327  max mem: 17023
Test:  [10/19]  eta: 0:00:00  loss: 0.2767 (0.2779)  loss_CrossEntropy: 0.2767 (0.2779)  Rv: 0.6808 (0.6803)  Lv: 0.9528 (0.8861)  Myo: 0.8243 (0.7793)  Avg: 0.8383 (0.7819)  time: 0.0398  data: 0.0195  max mem: 17023
Test:  [18/19]  eta: 0:00:00  loss: 0.2767 (0.2815)  loss_CrossEntropy: 0.2767 (0.2815)  Rv: 0.6458 (0.6042)  Lv: 0.9406 (0.8734)  Myo: 0.8197 (0.7730)  Avg: 0.7772 (0.7502)  time: 0.0325  data: 0.0153  max mem: 17023
Test: Total time: 0:00:02 (0.1504 s / it)
Averaged stats: loss: 0.2767 (0.2815)  loss_CrossEntropy: 0.2767 (0.2815)  Rv: 0.6458 (0.6042)  Lv: 0.9406 (0.8734)  Myo: 0.8197 (0.7730)  Avg: 0.7772 (0.7502)
dice score: 0.7501928116145887
Update high dice score model!
cutout loss: 0.013192426413297653
original loss: 0.007633992936462164
integrity loss: 0.0028402209281921387
invariant loss: 0.01655060611665249
Epoch: [122]  [ 0/95]  eta: 0:01:36  lr: 0.000100  loss: 0.0076 (0.0076)  loss_CrossEntropy: 0.0076 (0.0076)  time: 1.0146  data: 0.0374  max mem: 17023
Epoch: [122]  [10/95]  eta: 0:02:00  lr: 0.000100  loss: 0.0076 (0.0080)  loss_CrossEntropy: 0.0076 (0.0080)  time: 1.4185  data: 0.4412  max mem: 17023
Epoch: [122]  [20/95]  eta: 0:01:47  lr: 0.000100  loss: 0.0084 (0.0086)  loss_CrossEntropy: 0.0084 (0.0086)  time: 1.4268  data: 0.4241  max mem: 17023
Epoch: [122]  [30/95]  eta: 0:01:42  lr: 0.000100  loss: 0.0084 (0.0085)  loss_CrossEntropy: 0.0084 (0.0085)  time: 1.5801  data: 0.6022  max mem: 17023
Epoch: [122]  [40/95]  eta: 0:01:22  lr: 0.000100  loss: 0.0065 (0.0083)  loss_CrossEntropy: 0.0065 (0.0083)  time: 1.5086  data: 0.4822  max mem: 17023
Epoch: [122]  [50/95]  eta: 0:00:53  lr: 0.000100  loss: 0.0057 (0.0081)  loss_CrossEntropy: 0.0057 (0.0081)  time: 1.1952  data: 0.1921  max mem: 17023
Epoch: [122]  [60/95]  eta: 0:00:42  lr: 0.000100  loss: 0.0068 (0.0085)  loss_CrossEntropy: 0.0068 (0.0085)  time: 1.2090  data: 0.2240  max mem: 17023
Epoch: [122]  [70/95]  eta: 0:00:41  lr: 0.000100  loss: 0.0080 (0.0084)  loss_CrossEntropy: 0.0080 (0.0084)  time: 1.6585  data: 0.6639  max mem: 17023
Epoch: [122]  [80/95]  eta: 0:00:20  lr: 0.000100  loss: 0.0066 (0.0083)  loss_CrossEntropy: 0.0066 (0.0083)  time: 1.3892  data: 0.3622  max mem: 17023
Epoch: [122]  [90/95]  eta: 0:00:07  lr: 0.000100  loss: 0.0070 (0.0082)  loss_CrossEntropy: 0.0070 (0.0082)  time: 1.5660  data: 0.5579  max mem: 17023
Epoch: [122]  [94/95]  eta: 0:00:01  lr: 0.000100  loss: 0.0070 (0.0082)  loss_CrossEntropy: 0.0070 (0.0082)  time: 1.6933  data: 0.7063  max mem: 17023
Epoch: [122] Total time: 0:02:05 (1.3171 s / it)
Averaged stats: lr: 0.000100  loss: 0.0070 (0.0082)  loss_CrossEntropy: 0.0070 (0.0082)
Test:  [ 0/19]  eta: 0:00:06  loss: 0.2500 (0.2500)  loss_CrossEntropy: 0.2500 (0.2500)  Rv: 0.0000 (0.0000)  Lv: 0.8585 (0.8585)  Myo: 0.6121 (0.6121)  Avg: 0.4902 (0.4902)  time: 0.3361  data: 0.3156  max mem: 17023
Test:  [10/19]  eta: 0:00:03  loss: 0.2445 (0.2499)  loss_CrossEntropy: 0.2445 (0.2499)  Rv: 0.7793 (0.7143)  Lv: 0.9388 (0.9249)  Myo: 0.8253 (0.8157)  Avg: 0.8462 (0.8183)  time: 0.3923  data: 0.3467  max mem: 17023
Test:  [18/19]  eta: 0:00:00  loss: 0.2530 (0.2554)  loss_CrossEntropy: 0.2530 (0.2554)  Rv: 0.6787 (0.6201)  Lv: 0.9234 (0.9124)  Myo: 0.8339 (0.8212)  Avg: 0.7972 (0.7846)  time: 0.0385  data: 0.0148  max mem: 17023
Test: Total time: 0:00:02 (0.1542 s / it)
Averaged stats: loss: 0.2530 (0.2554)  loss_CrossEntropy: 0.2530 (0.2554)  Rv: 0.6787 (0.6201)  Lv: 0.9234 (0.9124)  Myo: 0.8339 (0.8212)  Avg: 0.7972 (0.7846)
dice score: 0.7845669451512789
Update high dice score model!
cutout loss: 0.008289496414363384
original loss: 0.005146175157278776
integrity loss: 0.0022648335434496403
invariant loss: 0.010007125325500965
Epoch: [123]  [ 0/95]  eta: 0:02:46  lr: 0.000100  loss: 0.0051 (0.0051)  loss_CrossEntropy: 0.0051 (0.0051)  time: 1.7531  data: 0.7759  max mem: 17023
Epoch: [123]  [10/95]  eta: 0:01:26  lr: 0.000100  loss: 0.0069 (0.0086)  loss_CrossEntropy: 0.0069 (0.0086)  time: 1.0226  data: 0.0295  max mem: 17023
Epoch: [123]  [20/95]  eta: 0:01:37  lr: 0.000100  loss: 0.0069 (0.0082)  loss_CrossEntropy: 0.0069 (0.0082)  time: 1.2935  data: 0.3076  max mem: 17023
Epoch: [123]  [30/95]  eta: 0:01:45  lr: 0.000100  loss: 0.0065 (0.0076)  loss_CrossEntropy: 0.0065 (0.0076)  time: 1.6204  data: 0.6140  max mem: 17023
Epoch: [123]  [40/95]  eta: 0:01:08  lr: 0.000100  loss: 0.0052 (0.0073)  loss_CrossEntropy: 0.0052 (0.0073)  time: 1.2389  data: 0.2525  max mem: 17023
Epoch: [123]  [50/95]  eta: 0:00:52  lr: 0.000100  loss: 0.0062 (0.0073)  loss_CrossEntropy: 0.0062 (0.0073)  time: 1.1634  data: 0.1711  max mem: 17023
Epoch: [123]  [60/95]  eta: 0:00:48  lr: 0.000100  loss: 0.0062 (0.0071)  loss_CrossEntropy: 0.0062 (0.0071)  time: 1.3878  data: 0.4045  max mem: 17023
Epoch: [123]  [70/95]  eta: 0:00:31  lr: 0.000100  loss: 0.0059 (0.0071)  loss_CrossEntropy: 0.0059 (0.0071)  time: 1.2525  data: 0.2708  max mem: 17023
Epoch: [123]  [80/95]  eta: 0:00:19  lr: 0.000100  loss: 0.0061 (0.0070)  loss_CrossEntropy: 0.0061 (0.0070)  time: 1.3279  data: 0.3407  max mem: 17023
Epoch: [123]  [90/95]  eta: 0:00:06  lr: 0.000100  loss: 0.0053 (0.0068)  loss_CrossEntropy: 0.0053 (0.0068)  time: 1.2542  data: 0.2672  max mem: 17023
Epoch: [123]  [94/95]  eta: 0:00:01  lr: 0.000100  loss: 0.0061 (0.0068)  loss_CrossEntropy: 0.0061 (0.0068)  time: 1.5396  data: 0.5530  max mem: 17023
Epoch: [123] Total time: 0:02:04 (1.3156 s / it)
Averaged stats: lr: 0.000100  loss: 0.0061 (0.0068)  loss_CrossEntropy: 0.0061 (0.0068)
Test:  [ 0/19]  eta: 0:00:01  loss: 0.2923 (0.2923)  loss_CrossEntropy: 0.2923 (0.2923)  Rv: 0.0000 (0.0000)  Lv: 0.8379 (0.8379)  Myo: 0.6195 (0.6195)  Avg: 0.4858 (0.4858)  time: 0.0864  data: 0.0660  max mem: 17023
Test:  [10/19]  eta: 0:00:00  loss: 0.2775 (0.2771)  loss_CrossEntropy: 0.2775 (0.2771)  Rv: 0.8176 (0.7086)  Lv: 0.9486 (0.9160)  Myo: 0.8487 (0.7988)  Avg: 0.8813 (0.8078)  time: 0.0693  data: 0.0488  max mem: 17023
Test:  [18/19]  eta: 0:00:00  loss: 0.2775 (0.2761)  loss_CrossEntropy: 0.2775 (0.2761)  Rv: 0.7230 (0.6395)  Lv: 0.9321 (0.9081)  Myo: 0.8376 (0.8135)  Avg: 0.8158 (0.7870)  time: 0.1729  data: 0.1548  max mem: 17023
Test: Total time: 0:00:02 (0.1484 s / it)
Averaged stats: loss: 0.2775 (0.2761)  loss_CrossEntropy: 0.2775 (0.2761)  Rv: 0.7230 (0.6395)  Lv: 0.9321 (0.9081)  Myo: 0.8376 (0.8135)  Avg: 0.8158 (0.7870)
dice score: 0.7870292036156905
Update high dice score model!
cutout loss: 0.015002237632870674
original loss: 0.007769725751131773
integrity loss: 0.0033311068546026945
invariant loss: 0.012793970294296741
Epoch: [124]  [ 0/95]  eta: 0:01:45  lr: 0.000100  loss: 0.0078 (0.0078)  loss_CrossEntropy: 0.0078 (0.0078)  time: 1.1141  data: 0.1289  max mem: 17023
Epoch: [124]  [10/95]  eta: 0:02:00  lr: 0.000100  loss: 0.0072 (0.0072)  loss_CrossEntropy: 0.0072 (0.0072)  time: 1.4122  data: 0.4391  max mem: 17023
Epoch: [124]  [20/95]  eta: 0:01:48  lr: 0.000100  loss: 0.0064 (0.0068)  loss_CrossEntropy: 0.0064 (0.0068)  time: 1.4423  data: 0.4600  max mem: 17023
Epoch: [124]  [30/95]  eta: 0:01:15  lr: 0.000100  loss: 0.0056 (0.0066)  loss_CrossEntropy: 0.0056 (0.0066)  time: 1.1562  data: 0.1841  max mem: 17023
Epoch: [124]  [40/95]  eta: 0:01:17  lr: 0.000100  loss: 0.0061 (0.0067)  loss_CrossEntropy: 0.0061 (0.0067)  time: 1.4129  data: 0.3959  max mem: 17023
Epoch: [124]  [50/95]  eta: 0:00:53  lr: 0.000100  loss: 0.0063 (0.0064)  loss_CrossEntropy: 0.0063 (0.0064)  time: 1.1988  data: 0.2193  max mem: 17023
Epoch: [124]  [60/95]  eta: 0:00:43  lr: 0.000100  loss: 0.0063 (0.0065)  loss_CrossEntropy: 0.0063 (0.0065)  time: 1.2542  data: 0.2571  max mem: 17023
Epoch: [124]  [70/95]  eta: 0:00:37  lr: 0.000100  loss: 0.0068 (0.0065)  loss_CrossEntropy: 0.0068 (0.0065)  time: 1.5110  data: 0.5289  max mem: 17023
Epoch: [124]  [80/95]  eta: 0:00:16  lr: 0.000100  loss: 0.0064 (0.0065)  loss_CrossEntropy: 0.0064 (0.0065)  time: 1.0929  data: 0.0944  max mem: 17023
Epoch: [124]  [90/95]  eta: 0:00:07  lr: 0.000100  loss: 0.0061 (0.0065)  loss_CrossEntropy: 0.0061 (0.0065)  time: 1.5287  data: 0.5543  max mem: 17023
Epoch: [124]  [94/95]  eta: 0:00:01  lr: 0.000100  loss: 0.0062 (0.0065)  loss_CrossEntropy: 0.0062 (0.0065)  time: 1.4840  data: 0.5098  max mem: 17023
Epoch: [124] Total time: 0:02:06 (1.3332 s / it)
Averaged stats: lr: 0.000100  loss: 0.0062 (0.0065)  loss_CrossEntropy: 0.0062 (0.0065)
Test:  [ 0/19]  eta: 0:00:02  loss: 0.2813 (0.2813)  loss_CrossEntropy: 0.2813 (0.2813)  Rv: 0.0000 (0.0000)  Lv: 0.8516 (0.8516)  Myo: 0.6123 (0.6123)  Avg: 0.4880 (0.4880)  time: 0.1162  data: 0.0957  max mem: 17023
Test:  [10/19]  eta: 0:00:00  loss: 0.2420 (0.2455)  loss_CrossEntropy: 0.2420 (0.2455)  Rv: 0.8198 (0.7124)  Lv: 0.9435 (0.9208)  Myo: 0.8456 (0.8073)  Avg: 0.8603 (0.8135)  time: 0.0474  data: 0.0264  max mem: 17023
Test:  [18/19]  eta: 0:00:00  loss: 0.2412 (0.2423)  loss_CrossEntropy: 0.2412 (0.2423)  Rv: 0.7211 (0.6379)  Lv: 0.9122 (0.9103)  Myo: 0.8287 (0.8131)  Avg: 0.8213 (0.7871)  time: 0.1829  data: 0.1647  max mem: 17023
Test: Total time: 0:00:03 (0.1984 s / it)
Averaged stats: loss: 0.2412 (0.2423)  loss_CrossEntropy: 0.2412 (0.2423)  Rv: 0.7211 (0.6379)  Lv: 0.9122 (0.9103)  Myo: 0.8287 (0.8131)  Avg: 0.8213 (0.7871)
dice score: 0.7870852774695346
Update high dice score model!
cutout loss: 0.007426542229950428
original loss: 0.006501496769487858
integrity loss: 0.0029576183296740055
invariant loss: 0.014387107454240322
Epoch: [125]  [ 0/95]  eta: 0:01:49  lr: 0.000100  loss: 0.0065 (0.0065)  loss_CrossEntropy: 0.0065 (0.0065)  time: 1.1482  data: 0.1418  max mem: 17023
Epoch: [125]  [10/95]  eta: 0:01:44  lr: 0.000100  loss: 0.0070 (0.0089)  loss_CrossEntropy: 0.0070 (0.0089)  time: 1.2337  data: 0.2490  max mem: 17023
Epoch: [125]  [20/95]  eta: 0:01:33  lr: 0.000100  loss: 0.0066 (0.0079)  loss_CrossEntropy: 0.0066 (0.0079)  time: 1.2467  data: 0.2552  max mem: 17023
Epoch: [125]  [30/95]  eta: 0:01:29  lr: 0.000100  loss: 0.0070 (0.0078)  loss_CrossEntropy: 0.0070 (0.0078)  time: 1.3716  data: 0.3919  max mem: 17023
Epoch: [125]  [40/95]  eta: 0:01:03  lr: 0.000100  loss: 0.0070 (0.0080)  loss_CrossEntropy: 0.0070 (0.0080)  time: 1.1635  data: 0.1829  max mem: 17023
Epoch: [125]  [50/95]  eta: 0:00:57  lr: 0.000100  loss: 0.0067 (0.0079)  loss_CrossEntropy: 0.0067 (0.0079)  time: 1.2698  data: 0.2973  max mem: 17023
Epoch: [125]  [60/95]  eta: 0:00:45  lr: 0.000100  loss: 0.0064 (0.0077)  loss_CrossEntropy: 0.0064 (0.0077)  time: 1.2912  data: 0.2993  max mem: 17023
Epoch: [125]  [70/95]  eta: 0:00:27  lr: 0.000100  loss: 0.0061 (0.0074)  loss_CrossEntropy: 0.0061 (0.0074)  time: 1.0832  data: 0.1105  max mem: 17023
Epoch: [125]  [80/95]  eta: 0:00:19  lr: 0.000100  loss: 0.0054 (0.0073)  loss_CrossEntropy: 0.0054 (0.0073)  time: 1.2835  data: 0.2571  max mem: 17023
Epoch: [125]  [90/95]  eta: 0:00:09  lr: 0.000100  loss: 0.0066 (0.0073)  loss_CrossEntropy: 0.0066 (0.0073)  time: 1.9151  data: 0.9340  max mem: 17023
Epoch: [125]  [94/95]  eta: 0:00:01  lr: 0.000100  loss: 0.0057 (0.0072)  loss_CrossEntropy: 0.0057 (0.0072)  time: 1.4470  data: 0.4614  max mem: 17023
Epoch: [125] Total time: 0:02:03 (1.3005 s / it)
Averaged stats: lr: 0.000100  loss: 0.0057 (0.0072)  loss_CrossEntropy: 0.0057 (0.0072)
Test:  [ 0/19]  eta: 0:00:04  loss: 0.2524 (0.2524)  loss_CrossEntropy: 0.2524 (0.2524)  Rv: 0.0000 (0.0000)  Lv: 0.8443 (0.8443)  Myo: 0.6573 (0.6573)  Avg: 0.5005 (0.5005)  time: 0.2440  data: 0.2009  max mem: 17023
Test:  [10/19]  eta: 0:00:02  loss: 0.2468 (0.2415)  loss_CrossEntropy: 0.2468 (0.2415)  Rv: 0.8585 (0.7223)  Lv: 0.9307 (0.9210)  Myo: 0.8272 (0.8006)  Avg: 0.8639 (0.8146)  time: 0.2592  data: 0.2383  max mem: 17023
Test:  [18/19]  eta: 0:00:00  loss: 0.2360 (0.2366)  loss_CrossEntropy: 0.2360 (0.2366)  Rv: 0.7185 (0.6406)  Lv: 0.9189 (0.9135)  Myo: 0.8355 (0.8054)  Avg: 0.8566 (0.7865)  time: 0.2461  data: 0.2167  max mem: 17023
Test: Total time: 0:00:02 (0.1408 s / it)
Averaged stats: loss: 0.2360 (0.2366)  loss_CrossEntropy: 0.2360 (0.2366)  Rv: 0.7185 (0.6406)  Lv: 0.9189 (0.9135)  Myo: 0.8355 (0.8054)  Avg: 0.8566 (0.7865)
dice score: 0.7864989638328552
Update high dice score model!
cutout loss: 0.012893632054328918
original loss: 0.00542875099927187
integrity loss: 0.0018580437172204256
invariant loss: 0.019058842211961746
Epoch: [126]  [ 0/95]  eta: 0:01:51  lr: 0.000100  loss: 0.0054 (0.0054)  loss_CrossEntropy: 0.0054 (0.0054)  time: 1.1687  data: 0.1645  max mem: 17023
Epoch: [126]  [10/95]  eta: 0:01:48  lr: 0.000100  loss: 0.0059 (0.0066)  loss_CrossEntropy: 0.0059 (0.0066)  time: 1.2804  data: 0.2928  max mem: 17023
Epoch: [126]  [20/95]  eta: 0:01:21  lr: 0.000100  loss: 0.0067 (0.0074)  loss_CrossEntropy: 0.0067 (0.0074)  time: 1.0898  data: 0.0931  max mem: 17023
Epoch: [126]  [30/95]  eta: 0:01:09  lr: 0.000100  loss: 0.0067 (0.0069)  loss_CrossEntropy: 0.0067 (0.0069)  time: 1.0624  data: 0.0700  max mem: 17023
Epoch: [126]  [40/95]  eta: 0:01:08  lr: 0.000100  loss: 0.0065 (0.0069)  loss_CrossEntropy: 0.0065 (0.0069)  time: 1.2448  data: 0.2572  max mem: 17023
Epoch: [126]  [50/95]  eta: 0:00:45  lr: 0.000100  loss: 0.0061 (0.0067)  loss_CrossEntropy: 0.0061 (0.0067)  time: 1.0054  data: 0.0271  max mem: 17023
Epoch: [126]  [60/95]  eta: 0:00:44  lr: 0.000100  loss: 0.0059 (0.0066)  loss_CrossEntropy: 0.0059 (0.0066)  time: 1.2828  data: 0.2940  max mem: 17023
Epoch: [126]  [70/95]  eta: 0:00:33  lr: 0.000100  loss: 0.0059 (0.0064)  loss_CrossEntropy: 0.0059 (0.0064)  time: 1.3285  data: 0.3441  max mem: 17023
Epoch: [126]  [80/95]  eta: 0:00:15  lr: 0.000100  loss: 0.0060 (0.0065)  loss_CrossEntropy: 0.0060 (0.0065)  time: 1.0106  data: 0.0362  max mem: 17023
Epoch: [126]  [90/95]  eta: 0:00:05  lr: 0.000100  loss: 0.0059 (0.0064)  loss_CrossEntropy: 0.0059 (0.0064)  time: 1.0295  data: 0.0532  max mem: 17023
Epoch: [126]  [94/95]  eta: 0:00:01  lr: 0.000100  loss: 0.0059 (0.0064)  loss_CrossEntropy: 0.0059 (0.0064)  time: 1.6047  data: 0.6213  max mem: 17023
Epoch: [126] Total time: 0:02:03 (1.3024 s / it)
Averaged stats: lr: 0.000100  loss: 0.0059 (0.0064)  loss_CrossEntropy: 0.0059 (0.0064)
Test:  [ 0/19]  eta: 0:00:00  loss: 0.2628 (0.2628)  loss_CrossEntropy: 0.2628 (0.2628)  Rv: 0.0000 (0.0000)  Lv: 0.8292 (0.8292)  Myo: 0.6250 (0.6250)  Avg: 0.4847 (0.4847)  time: 0.0500  data: 0.0296  max mem: 17023
Test:  [10/19]  eta: 0:00:00  loss: 0.2650 (0.2690)  loss_CrossEntropy: 0.2650 (0.2690)  Rv: 0.8787 (0.7353)  Lv: 0.9415 (0.9045)  Myo: 0.8280 (0.7920)  Avg: 0.8859 (0.8106)  time: 0.0401  data: 0.0198  max mem: 17023
Test:  [18/19]  eta: 0:00:00  loss: 0.2678 (0.2699)  loss_CrossEntropy: 0.2678 (0.2699)  Rv: 0.7143 (0.6520)  Lv: 0.9360 (0.8847)  Myo: 0.8280 (0.8000)  Avg: 0.8302 (0.7789)  time: 0.1528  data: 0.1352  max mem: 17023
Test: Total time: 0:00:02 (0.1111 s / it)
Averaged stats: loss: 0.2678 (0.2699)  loss_CrossEntropy: 0.2678 (0.2699)  Rv: 0.7143 (0.6520)  Lv: 0.9360 (0.8847)  Myo: 0.8280 (0.8000)  Avg: 0.8302 (0.7789)
dice score: 0.7789006970430675
Update high dice score model!
cutout loss: 0.009110874496400356
original loss: 0.005982398055493832
integrity loss: 0.0023621320724487305
invariant loss: 0.012223881669342518
Epoch: [127]  [ 0/95]  eta: 0:01:37  lr: 0.000100  loss: 0.0060 (0.0060)  loss_CrossEntropy: 0.0060 (0.0060)  time: 1.0302  data: 0.0269  max mem: 17023
Epoch: [127]  [10/95]  eta: 0:01:59  lr: 0.000100  loss: 0.0045 (0.0053)  loss_CrossEntropy: 0.0045 (0.0053)  time: 1.4049  data: 0.4215  max mem: 17023
Epoch: [127]  [20/95]  eta: 0:01:29  lr: 0.000100  loss: 0.0057 (0.0056)  loss_CrossEntropy: 0.0057 (0.0056)  time: 1.1991  data: 0.2258  max mem: 17023
Epoch: [127]  [30/95]  eta: 0:01:31  lr: 0.000100  loss: 0.0058 (0.0057)  loss_CrossEntropy: 0.0058 (0.0057)  time: 1.4120  data: 0.3980  max mem: 17023
Epoch: [127]  [40/95]  eta: 0:01:14  lr: 0.000100  loss: 0.0058 (0.0057)  loss_CrossEntropy: 0.0058 (0.0057)  time: 1.3532  data: 0.3693  max mem: 17023
Epoch: [127]  [50/95]  eta: 0:00:54  lr: 0.000100  loss: 0.0053 (0.0056)  loss_CrossEntropy: 0.0053 (0.0056)  time: 1.2099  data: 0.2314  max mem: 17023
Epoch: [127]  [60/95]  eta: 0:00:53  lr: 0.000100  loss: 0.0051 (0.0056)  loss_CrossEntropy: 0.0051 (0.0056)  time: 1.5249  data: 0.5241  max mem: 17023
Epoch: [127]  [70/95]  eta: 0:00:38  lr: 0.000100  loss: 0.0051 (0.0056)  loss_CrossEntropy: 0.0051 (0.0056)  time: 1.5359  data: 0.5540  max mem: 17023
Epoch: [127]  [80/95]  eta: 0:00:16  lr: 0.000100  loss: 0.0054 (0.0057)  loss_CrossEntropy: 0.0054 (0.0057)  time: 1.1276  data: 0.1343  max mem: 17023
Epoch: [127]  [90/95]  eta: 0:00:06  lr: 0.000100  loss: 0.0058 (0.0057)  loss_CrossEntropy: 0.0058 (0.0057)  time: 1.3556  data: 0.3638  max mem: 17023
Epoch: [127]  [94/95]  eta: 0:00:01  lr: 0.000100  loss: 0.0058 (0.0057)  loss_CrossEntropy: 0.0058 (0.0057)  time: 1.5800  data: 0.5477  max mem: 17023
Epoch: [127] Total time: 0:02:03 (1.2969 s / it)
Averaged stats: lr: 0.000100  loss: 0.0058 (0.0057)  loss_CrossEntropy: 0.0058 (0.0057)
Test:  [ 0/19]  eta: 0:00:01  loss: 0.2455 (0.2455)  loss_CrossEntropy: 0.2455 (0.2455)  Rv: 0.0000 (0.0000)  Lv: 0.8252 (0.8252)  Myo: 0.6274 (0.6274)  Avg: 0.4842 (0.4842)  time: 0.0884  data: 0.0612  max mem: 17023
Test:  [10/19]  eta: 0:00:00  loss: 0.2310 (0.2312)  loss_CrossEntropy: 0.2310 (0.2312)  Rv: 0.8779 (0.7376)  Lv: 0.9512 (0.9356)  Myo: 0.8468 (0.8137)  Avg: 0.8969 (0.8290)  time: 0.0590  data: 0.0374  max mem: 17023
Test:  [18/19]  eta: 0:00:00  loss: 0.2230 (0.2295)  loss_CrossEntropy: 0.2230 (0.2295)  Rv: 0.7209 (0.6498)  Lv: 0.9381 (0.9116)  Myo: 0.8168 (0.8113)  Avg: 0.8341 (0.7909)  time: 0.2525  data: 0.2198  max mem: 17023
Test: Total time: 0:00:04 (0.2133 s / it)
Averaged stats: loss: 0.2230 (0.2295)  loss_CrossEntropy: 0.2230 (0.2295)  Rv: 0.7209 (0.6498)  Lv: 0.9381 (0.9116)  Myo: 0.8168 (0.8113)  Avg: 0.8341 (0.7909)
dice score: 0.790905906965858
Update high dice score model!
cutout loss: 0.012765921652317047
original loss: 0.006623031571507454
integrity loss: 0.0022034288849681616
invariant loss: 0.017473984509706497
Epoch: [128]  [ 0/95]  eta: 0:01:41  lr: 0.000100  loss: 0.0066 (0.0066)  loss_CrossEntropy: 0.0066 (0.0066)  time: 1.0693  data: 0.0329  max mem: 17023
Epoch: [128]  [10/95]  eta: 0:01:46  lr: 0.000100  loss: 0.0064 (0.0060)  loss_CrossEntropy: 0.0064 (0.0060)  time: 1.2501  data: 0.2138  max mem: 17023
Epoch: [128]  [20/95]  eta: 0:02:01  lr: 0.000100  loss: 0.0057 (0.0061)  loss_CrossEntropy: 0.0057 (0.0061)  time: 1.6226  data: 0.6421  max mem: 17023
Epoch: [128]  [30/95]  eta: 0:01:41  lr: 0.000100  loss: 0.0051 (0.0058)  loss_CrossEntropy: 0.0051 (0.0058)  time: 1.5601  data: 0.5853  max mem: 17023
Epoch: [128]  [40/95]  eta: 0:01:06  lr: 0.000100  loss: 0.0049 (0.0060)  loss_CrossEntropy: 0.0049 (0.0060)  time: 1.2161  data: 0.2369  max mem: 17023
Epoch: [128]  [50/95]  eta: 0:01:03  lr: 0.000100  loss: 0.0050 (0.0059)  loss_CrossEntropy: 0.0050 (0.0059)  time: 1.4130  data: 0.4039  max mem: 17023
Epoch: [128]  [60/95]  eta: 0:00:54  lr: 0.000100  loss: 0.0050 (0.0059)  loss_CrossEntropy: 0.0050 (0.0059)  time: 1.5556  data: 0.5719  max mem: 17023
Epoch: [128]  [70/95]  eta: 0:00:33  lr: 0.000100  loss: 0.0060 (0.0059)  loss_CrossEntropy: 0.0060 (0.0059)  time: 1.3569  data: 0.2832  max mem: 17023
Epoch: [128]  [80/95]  eta: 0:00:16  lr: 0.000100  loss: 0.0058 (0.0058)  loss_CrossEntropy: 0.0058 (0.0058)  time: 1.0692  data: 0.0535  max mem: 17023
Epoch: [128]  [90/95]  eta: 0:00:06  lr: 0.000100  loss: 0.0052 (0.0058)  loss_CrossEntropy: 0.0052 (0.0058)  time: 1.2155  data: 0.2292  max mem: 17023
Epoch: [128]  [94/95]  eta: 0:00:01  lr: 0.000100  loss: 0.0050 (0.0058)  loss_CrossEntropy: 0.0050 (0.0058)  time: 1.4177  data: 0.4401  max mem: 17023
Epoch: [128] Total time: 0:02:04 (1.3078 s / it)
Averaged stats: lr: 0.000100  loss: 0.0050 (0.0058)  loss_CrossEntropy: 0.0050 (0.0058)
Test:  [ 0/19]  eta: 0:00:07  loss: 0.2507 (0.2507)  loss_CrossEntropy: 0.2507 (0.2507)  Rv: 0.0000 (0.0000)  Lv: 0.8465 (0.8465)  Myo: 0.6458 (0.6458)  Avg: 0.4974 (0.4974)  time: 0.4172  data: 0.3847  max mem: 17023
Test:  [10/19]  eta: 0:00:01  loss: 0.2391 (0.2389)  loss_CrossEntropy: 0.2391 (0.2389)  Rv: 0.8152 (0.6951)  Lv: 0.9459 (0.9363)  Myo: 0.8386 (0.8004)  Avg: 0.8827 (0.8106)  time: 0.1301  data: 0.1087  max mem: 17023
Test:  [18/19]  eta: 0:00:00  loss: 0.2343 (0.2352)  loss_CrossEntropy: 0.2343 (0.2352)  Rv: 0.6935 (0.6263)  Lv: 0.9352 (0.9078)  Myo: 0.8317 (0.7971)  Avg: 0.7949 (0.7771)  time: 0.2601  data: 0.2429  max mem: 17023
Test: Total time: 0:00:03 (0.1955 s / it)
Averaged stats: loss: 0.2343 (0.2352)  loss_CrossEntropy: 0.2343 (0.2352)  Rv: 0.6935 (0.6263)  Lv: 0.9352 (0.9078)  Myo: 0.8317 (0.7971)  Avg: 0.7949 (0.7771)
dice score: 0.777089962833806
Update high dice score model!
cutout loss: 0.010119556449353695
original loss: 0.005777888465672731
integrity loss: 0.0017340242629870772
invariant loss: 0.009521699510514736
Epoch: [129]  [ 0/95]  eta: 0:02:55  lr: 0.000100  loss: 0.0058 (0.0058)  loss_CrossEntropy: 0.0058 (0.0058)  time: 1.8485  data: 0.8478  max mem: 17023
Epoch: [129]  [10/95]  eta: 0:01:49  lr: 0.000100  loss: 0.0054 (0.0059)  loss_CrossEntropy: 0.0054 (0.0059)  time: 1.2932  data: 0.3067  max mem: 17023
Epoch: [129]  [20/95]  eta: 0:01:36  lr: 0.000100  loss: 0.0054 (0.0060)  loss_CrossEntropy: 0.0054 (0.0060)  time: 1.2853  data: 0.3124  max mem: 17023
Epoch: [129]  [30/95]  eta: 0:01:17  lr: 0.000100  loss: 0.0059 (0.0062)  loss_CrossEntropy: 0.0059 (0.0062)  time: 1.1857  data: 0.2151  max mem: 17023
Epoch: [129]  [40/95]  eta: 0:01:08  lr: 0.000100  loss: 0.0057 (0.0060)  loss_CrossEntropy: 0.0057 (0.0060)  time: 1.2477  data: 0.2641  max mem: 17023
Epoch: [129]  [50/95]  eta: 0:00:53  lr: 0.000100  loss: 0.0057 (0.0060)  loss_CrossEntropy: 0.0057 (0.0060)  time: 1.1929  data: 0.2155  max mem: 17023
Epoch: [129]  [60/95]  eta: 0:00:41  lr: 0.000100  loss: 0.0060 (0.0060)  loss_CrossEntropy: 0.0060 (0.0060)  time: 1.1856  data: 0.2044  max mem: 17023
Epoch: [129]  [70/95]  eta: 0:00:28  lr: 0.000100  loss: 0.0060 (0.0061)  loss_CrossEntropy: 0.0060 (0.0061)  time: 1.1588  data: 0.1619  max mem: 17023
Epoch: [129]  [80/95]  eta: 0:00:19  lr: 0.000100  loss: 0.0067 (0.0061)  loss_CrossEntropy: 0.0067 (0.0061)  time: 1.2690  data: 0.2859  max mem: 17023
Epoch: [129]  [90/95]  eta: 0:00:05  lr: 0.000100  loss: 0.0053 (0.0060)  loss_CrossEntropy: 0.0053 (0.0060)  time: 1.0934  data: 0.1029  max mem: 17023
Epoch: [129]  [94/95]  eta: 0:00:01  lr: 0.000100  loss: 0.0052 (0.0059)  loss_CrossEntropy: 0.0052 (0.0059)  time: 1.3677  data: 0.3802  max mem: 17023
Epoch: [129] Total time: 0:02:04 (1.3126 s / it)
Averaged stats: lr: 0.000100  loss: 0.0052 (0.0059)  loss_CrossEntropy: 0.0052 (0.0059)
Test:  [ 0/19]  eta: 0:00:07  loss: 0.2627 (0.2627)  loss_CrossEntropy: 0.2627 (0.2627)  Rv: 0.0000 (0.0000)  Lv: 0.7151 (0.7151)  Myo: 0.6641 (0.6641)  Avg: 0.4597 (0.4597)  time: 0.3956  data: 0.3650  max mem: 17023
Test:  [10/19]  eta: 0:00:00  loss: 0.2619 (0.2595)  loss_CrossEntropy: 0.2619 (0.2595)  Rv: 0.8582 (0.7316)  Lv: 0.9503 (0.9282)  Myo: 0.8530 (0.8309)  Avg: 0.8991 (0.8302)  time: 0.0451  data: 0.0240  max mem: 17023
Test:  [18/19]  eta: 0:00:00  loss: 0.2627 (0.2629)  loss_CrossEntropy: 0.2627 (0.2629)  Rv: 0.7172 (0.6517)  Lv: 0.9419 (0.9118)  Myo: 0.8382 (0.8271)  Avg: 0.8359 (0.7969)  time: 0.0663  data: 0.0488  max mem: 17023
Test: Total time: 0:00:03 (0.1728 s / it)
Averaged stats: loss: 0.2627 (0.2629)  loss_CrossEntropy: 0.2627 (0.2629)  Rv: 0.7172 (0.6517)  Lv: 0.9419 (0.9118)  Myo: 0.8382 (0.8271)  Avg: 0.8359 (0.7969)
dice score: 0.7968507424781197
Update best model!
Update high dice score model!
cutout loss: 0.011655067093670368
original loss: 0.005176525097340345
integrity loss: 0.0020162761211395264
invariant loss: 0.016196787357330322
Epoch: [130]  [ 0/95]  eta: 0:02:14  lr: 0.000100  loss: 0.0052 (0.0052)  loss_CrossEntropy: 0.0052 (0.0052)  time: 1.4179  data: 0.4254  max mem: 17023
Epoch: [130]  [10/95]  eta: 0:01:57  lr: 0.000100  loss: 0.0059 (0.0057)  loss_CrossEntropy: 0.0059 (0.0057)  time: 1.3873  data: 0.4020  max mem: 17023
Epoch: [130]  [20/95]  eta: 0:01:31  lr: 0.000100  loss: 0.0054 (0.0056)  loss_CrossEntropy: 0.0054 (0.0056)  time: 1.2235  data: 0.2355  max mem: 17023
Epoch: [130]  [30/95]  eta: 0:01:20  lr: 0.000100  loss: 0.0052 (0.0056)  loss_CrossEntropy: 0.0052 (0.0056)  time: 1.2398  data: 0.2559  max mem: 17023
Epoch: [130]  [40/95]  eta: 0:01:08  lr: 0.000100  loss: 0.0051 (0.0057)  loss_CrossEntropy: 0.0051 (0.0057)  time: 1.2403  data: 0.2375  max mem: 17023
Epoch: [130]  [50/95]  eta: 0:01:05  lr: 0.000100  loss: 0.0052 (0.0056)  loss_CrossEntropy: 0.0052 (0.0056)  time: 1.4599  data: 0.4902  max mem: 17023
Epoch: [130]  [60/95]  eta: 0:00:43  lr: 0.000100  loss: 0.0056 (0.0057)  loss_CrossEntropy: 0.0056 (0.0057)  time: 1.2409  data: 0.2506  max mem: 17023
Epoch: [130]  [70/95]  eta: 0:00:33  lr: 0.000100  loss: 0.0056 (0.0056)  loss_CrossEntropy: 0.0056 (0.0056)  time: 1.3313  data: 0.3592  max mem: 17023
Epoch: [130]  [80/95]  eta: 0:00:20  lr: 0.000100  loss: 0.0056 (0.0058)  loss_CrossEntropy: 0.0056 (0.0058)  time: 1.3401  data: 0.3545  max mem: 17023
Epoch: [130]  [90/95]  eta: 0:00:07  lr: 0.000100  loss: 0.0071 (0.0060)  loss_CrossEntropy: 0.0071 (0.0060)  time: 1.5606  data: 0.5612  max mem: 17023
Epoch: [130]  [94/95]  eta: 0:00:01  lr: 0.000100  loss: 0.0071 (0.0061)  loss_CrossEntropy: 0.0071 (0.0061)  time: 1.4543  data: 0.4624  max mem: 17023
Epoch: [130] Total time: 0:02:06 (1.3272 s / it)
Averaged stats: lr: 0.000100  loss: 0.0071 (0.0061)  loss_CrossEntropy: 0.0071 (0.0061)
Test:  [ 0/19]  eta: 0:00:06  loss: 0.2609 (0.2609)  loss_CrossEntropy: 0.2609 (0.2609)  Rv: 0.0000 (0.0000)  Lv: 0.7100 (0.7100)  Myo: 0.6217 (0.6217)  Avg: 0.4439 (0.4439)  time: 0.3564  data: 0.3236  max mem: 17023
Test:  [10/19]  eta: 0:00:03  loss: 0.2461 (0.2458)  loss_CrossEntropy: 0.2461 (0.2458)  Rv: 0.8254 (0.7190)  Lv: 0.9473 (0.9109)  Myo: 0.8490 (0.8082)  Avg: 0.8801 (0.8127)  time: 0.3951  data: 0.3615  max mem: 17023
Test:  [18/19]  eta: 0:00:00  loss: 0.2461 (0.2490)  loss_CrossEntropy: 0.2461 (0.2490)  Rv: 0.6573 (0.6105)  Lv: 0.9452 (0.8930)  Myo: 0.8298 (0.7993)  Avg: 0.8145 (0.7676)  time: 0.0354  data: 0.0182  max mem: 17023
Test: Total time: 0:00:03 (0.1689 s / it)
Averaged stats: loss: 0.2461 (0.2490)  loss_CrossEntropy: 0.2461 (0.2490)  Rv: 0.6573 (0.6105)  Lv: 0.9452 (0.8930)  Myo: 0.8298 (0.7993)  Avg: 0.8145 (0.7676)
dice score: 0.7676135050623041
Update high dice score model!
cutout loss: 0.020244110375642776
original loss: 0.012074886821210384
integrity loss: 0.0029611350037157536
invariant loss: 0.015076011419296265
Epoch: [131]  [ 0/95]  eta: 0:02:03  lr: 0.000100  loss: 0.0121 (0.0121)  loss_CrossEntropy: 0.0121 (0.0121)  time: 1.2997  data: 0.3192  max mem: 17023
Epoch: [131]  [10/95]  eta: 0:01:26  lr: 0.000100  loss: 0.0058 (0.0064)  loss_CrossEntropy: 0.0058 (0.0064)  time: 1.0168  data: 0.0429  max mem: 17023
Epoch: [131]  [20/95]  eta: 0:01:31  lr: 0.000100  loss: 0.0055 (0.0059)  loss_CrossEntropy: 0.0055 (0.0059)  time: 1.2250  data: 0.2394  max mem: 17023
Epoch: [131]  [30/95]  eta: 0:01:45  lr: 0.000100  loss: 0.0050 (0.0060)  loss_CrossEntropy: 0.0050 (0.0060)  time: 1.6307  data: 0.6079  max mem: 17023
Epoch: [131]  [40/95]  eta: 0:01:12  lr: 0.000100  loss: 0.0052 (0.0058)  loss_CrossEntropy: 0.0052 (0.0058)  time: 1.3114  data: 0.3265  max mem: 17023
Epoch: [131]  [50/95]  eta: 0:00:58  lr: 0.000100  loss: 0.0052 (0.0059)  loss_CrossEntropy: 0.0052 (0.0059)  time: 1.3086  data: 0.2921  max mem: 17023
Epoch: [131]  [60/95]  eta: 0:00:36  lr: 0.000100  loss: 0.0051 (0.0058)  loss_CrossEntropy: 0.0051 (0.0058)  time: 1.0293  data: 0.0368  max mem: 17023
Epoch: [131]  [70/95]  eta: 0:00:33  lr: 0.000100  loss: 0.0056 (0.0058)  loss_CrossEntropy: 0.0056 (0.0058)  time: 1.3257  data: 0.3470  max mem: 17023
Epoch: [131]  [80/95]  eta: 0:00:18  lr: 0.000100  loss: 0.0061 (0.0059)  loss_CrossEntropy: 0.0061 (0.0059)  time: 1.2298  data: 0.2450  max mem: 17023
Epoch: [131]  [90/95]  eta: 0:00:06  lr: 0.000100  loss: 0.0054 (0.0058)  loss_CrossEntropy: 0.0054 (0.0058)  time: 1.2749  data: 0.2421  max mem: 17023
Epoch: [131]  [94/95]  eta: 0:00:01  lr: 0.000100  loss: 0.0053 (0.0059)  loss_CrossEntropy: 0.0053 (0.0059)  time: 1.0763  data: 0.0946  max mem: 17023
Epoch: [131] Total time: 0:02:03 (1.2982 s / it)
Averaged stats: lr: 0.000100  loss: 0.0053 (0.0059)  loss_CrossEntropy: 0.0053 (0.0059)
Test:  [ 0/19]  eta: 0:00:00  loss: 0.2498 (0.2498)  loss_CrossEntropy: 0.2498 (0.2498)  Rv: 0.0000 (0.0000)  Lv: 0.8594 (0.8594)  Myo: 0.6053 (0.6053)  Avg: 0.4882 (0.4882)  time: 0.0526  data: 0.0322  max mem: 17023
Test:  [10/19]  eta: 0:00:01  loss: 0.2498 (0.2505)  loss_CrossEntropy: 0.2498 (0.2505)  Rv: 0.8266 (0.6843)  Lv: 0.9326 (0.9061)  Myo: 0.8429 (0.7982)  Avg: 0.8776 (0.7962)  time: 0.2091  data: 0.1879  max mem: 17023
Test:  [18/19]  eta: 0:00:00  loss: 0.2498 (0.2508)  loss_CrossEntropy: 0.2498 (0.2508)  Rv: 0.6794 (0.6200)  Lv: 0.9246 (0.8921)  Myo: 0.7978 (0.7808)  Avg: 0.7740 (0.7643)  time: 0.0337  data: 0.0158  max mem: 17023
Test: Total time: 0:00:02 (0.1498 s / it)
Averaged stats: loss: 0.2498 (0.2508)  loss_CrossEntropy: 0.2498 (0.2508)  Rv: 0.6794 (0.6200)  Lv: 0.9246 (0.8921)  Myo: 0.7978 (0.7808)  Avg: 0.7740 (0.7643)
dice score: 0.764298793516661
Update high dice score model!
cutout loss: 0.013822660781443119
original loss: 0.005851158872246742
integrity loss: 0.001701915287412703
invariant loss: 0.015592778101563454
Epoch: [132]  [ 0/95]  eta: 0:01:36  lr: 0.000100  loss: 0.0059 (0.0059)  loss_CrossEntropy: 0.0059 (0.0059)  time: 1.0148  data: 0.0298  max mem: 17023
Epoch: [132]  [10/95]  eta: 0:01:56  lr: 0.000100  loss: 0.0049 (0.0051)  loss_CrossEntropy: 0.0049 (0.0051)  time: 1.3741  data: 0.3763  max mem: 17023
Epoch: [132]  [20/95]  eta: 0:01:53  lr: 0.000100  loss: 0.0049 (0.0054)  loss_CrossEntropy: 0.0049 (0.0054)  time: 1.5084  data: 0.5150  max mem: 17023
Epoch: [132]  [30/95]  eta: 0:01:05  lr: 0.000100  loss: 0.0056 (0.0056)  loss_CrossEntropy: 0.0056 (0.0056)  time: 1.0120  data: 0.0394  max mem: 17023
Epoch: [132]  [40/95]  eta: 0:01:09  lr: 0.000100  loss: 0.0059 (0.0057)  loss_CrossEntropy: 0.0059 (0.0057)  time: 1.2596  data: 0.2520  max mem: 17023
Epoch: [132]  [50/95]  eta: 0:01:07  lr: 0.000100  loss: 0.0059 (0.0057)  loss_CrossEntropy: 0.0059 (0.0057)  time: 1.4983  data: 0.5056  max mem: 17023
Epoch: [132]  [60/95]  eta: 0:00:42  lr: 0.000100  loss: 0.0055 (0.0057)  loss_CrossEntropy: 0.0055 (0.0057)  time: 1.2225  data: 0.2283  max mem: 17023
Epoch: [132]  [70/95]  eta: 0:00:25  lr: 0.000100  loss: 0.0051 (0.0056)  loss_CrossEntropy: 0.0051 (0.0056)  time: 1.0057  data: 0.0287  max mem: 17023
Epoch: [132]  [80/95]  eta: 0:00:18  lr: 0.000100  loss: 0.0048 (0.0056)  loss_CrossEntropy: 0.0048 (0.0056)  time: 1.2550  data: 0.2452  max mem: 17023
Epoch: [132]  [90/95]  eta: 0:00:05  lr: 0.000100  loss: 0.0049 (0.0056)  loss_CrossEntropy: 0.0049 (0.0056)  time: 1.0959  data: 0.1234  max mem: 17023
Epoch: [132]  [94/95]  eta: 0:00:01  lr: 0.000100  loss: 0.0053 (0.0057)  loss_CrossEntropy: 0.0053 (0.0057)  time: 1.0392  data: 0.0340  max mem: 17023
Epoch: [132] Total time: 0:02:00 (1.2691 s / it)
Averaged stats: lr: 0.000100  loss: 0.0053 (0.0057)  loss_CrossEntropy: 0.0053 (0.0057)
Test:  [ 0/19]  eta: 0:00:06  loss: 0.2626 (0.2626)  loss_CrossEntropy: 0.2626 (0.2626)  Rv: 0.0000 (0.0000)  Lv: 0.8209 (0.8209)  Myo: 0.6578 (0.6578)  Avg: 0.4929 (0.4929)  time: 0.3443  data: 0.3109  max mem: 17023
Test:  [10/19]  eta: 0:00:03  loss: 0.2553 (0.2551)  loss_CrossEntropy: 0.2553 (0.2551)  Rv: 0.8702 (0.7246)  Lv: 0.9513 (0.8984)  Myo: 0.8306 (0.7785)  Avg: 0.8936 (0.8005)  time: 0.3849  data: 0.3543  max mem: 17023
Test:  [18/19]  eta: 0:00:00  loss: 0.2512 (0.2521)  loss_CrossEntropy: 0.2512 (0.2521)  Rv: 0.7067 (0.6454)  Lv: 0.9029 (0.8922)  Myo: 0.8118 (0.7673)  Avg: 0.8013 (0.7683)  time: 0.2933  data: 0.2661  max mem: 17023
Test: Total time: 0:00:03 (0.2005 s / it)
Averaged stats: loss: 0.2512 (0.2521)  loss_CrossEntropy: 0.2512 (0.2521)  Rv: 0.7067 (0.6454)  Lv: 0.9029 (0.8922)  Myo: 0.8118 (0.7673)  Avg: 0.8013 (0.7683)
dice score: 0.7683066443393105
Update high dice score model!
cutout loss: 0.012897920794785023
original loss: 0.003778401529416442
integrity loss: 0.002257233951240778
invariant loss: 0.011147153563797474
Epoch: [133]  [ 0/95]  eta: 0:01:58  lr: 0.000100  loss: 0.0038 (0.0038)  loss_CrossEntropy: 0.0038 (0.0038)  time: 1.2475  data: 0.2599  max mem: 17023
Epoch: [133]  [10/95]  eta: 0:02:01  lr: 0.000100  loss: 0.0057 (0.0052)  loss_CrossEntropy: 0.0057 (0.0052)  time: 1.4263  data: 0.4448  max mem: 17023
Epoch: [133]  [20/95]  eta: 0:01:16  lr: 0.000100  loss: 0.0057 (0.0056)  loss_CrossEntropy: 0.0057 (0.0056)  time: 1.0164  data: 0.0308  max mem: 17023
Epoch: [133]  [30/95]  eta: 0:01:55  lr: 0.000100  loss: 0.0051 (0.0055)  loss_CrossEntropy: 0.0051 (0.0055)  time: 1.7716  data: 0.7921  max mem: 17023
Epoch: [133]  [40/95]  eta: 0:01:32  lr: 0.000100  loss: 0.0051 (0.0056)  loss_CrossEntropy: 0.0051 (0.0056)  time: 1.6855  data: 0.6867  max mem: 17023
Epoch: [133]  [50/95]  eta: 0:00:54  lr: 0.000100  loss: 0.0050 (0.0056)  loss_CrossEntropy: 0.0050 (0.0056)  time: 1.2067  data: 0.2250  max mem: 17023
Epoch: [133]  [60/95]  eta: 0:00:43  lr: 0.000100  loss: 0.0049 (0.0055)  loss_CrossEntropy: 0.0049 (0.0055)  time: 1.2522  data: 0.2725  max mem: 17023
Epoch: [133]  [70/95]  eta: 0:00:35  lr: 0.000100  loss: 0.0050 (0.0056)  loss_CrossEntropy: 0.0050 (0.0056)  time: 1.4170  data: 0.4440  max mem: 17023
Epoch: [133]  [80/95]  eta: 0:00:15  lr: 0.000100  loss: 0.0050 (0.0055)  loss_CrossEntropy: 0.0050 (0.0055)  time: 1.0255  data: 0.0479  max mem: 17023
Epoch: [133]  [90/95]  eta: 0:00:06  lr: 0.000100  loss: 0.0048 (0.0056)  loss_CrossEntropy: 0.0048 (0.0056)  time: 1.2428  data: 0.2686  max mem: 17023
Epoch: [133]  [94/95]  eta: 0:00:01  lr: 0.000100  loss: 0.0050 (0.0056)  loss_CrossEntropy: 0.0050 (0.0056)  time: 1.3449  data: 0.3691  max mem: 17023
Epoch: [133] Total time: 0:02:05 (1.3206 s / it)
Averaged stats: lr: 0.000100  loss: 0.0050 (0.0056)  loss_CrossEntropy: 0.0050 (0.0056)
Test:  [ 0/19]  eta: 0:00:05  loss: 0.2343 (0.2343)  loss_CrossEntropy: 0.2343 (0.2343)  Rv: 0.0000 (0.0000)  Lv: 0.7081 (0.7081)  Myo: 0.6174 (0.6174)  Avg: 0.4418 (0.4418)  time: 0.2852  data: 0.2486  max mem: 17023
Test:  [10/19]  eta: 0:00:03  loss: 0.2343 (0.2311)  loss_CrossEntropy: 0.2343 (0.2311)  Rv: 0.7831 (0.7096)  Lv: 0.9480 (0.9035)  Myo: 0.8159 (0.7989)  Avg: 0.8348 (0.8040)  time: 0.3600  data: 0.3380  max mem: 17023
Test:  [18/19]  eta: 0:00:00  loss: 0.2299 (0.2300)  loss_CrossEntropy: 0.2299 (0.2300)  Rv: 0.7024 (0.6344)  Lv: 0.8984 (0.8902)  Myo: 0.7816 (0.7842)  Avg: 0.7983 (0.7696)  time: 0.2020  data: 0.1846  max mem: 17023
Test: Total time: 0:00:03 (0.2019 s / it)
Averaged stats: loss: 0.2299 (0.2300)  loss_CrossEntropy: 0.2299 (0.2300)  Rv: 0.7024 (0.6344)  Lv: 0.8984 (0.8902)  Myo: 0.7816 (0.7842)  Avg: 0.7983 (0.7696)
dice score: 0.7696251806459928
Update high dice score model!
cutout loss: 0.016977721825242043
original loss: 0.007412155158817768
integrity loss: 0.001554209040477872
invariant loss: 0.018506204709410667
Epoch: [134]  [ 0/95]  eta: 0:02:01  lr: 0.000100  loss: 0.0074 (0.0074)  loss_CrossEntropy: 0.0074 (0.0074)  time: 1.2800  data: 0.2927  max mem: 17023
Epoch: [134]  [10/95]  eta: 0:01:58  lr: 0.000100  loss: 0.0057 (0.0057)  loss_CrossEntropy: 0.0057 (0.0057)  time: 1.3917  data: 0.4109  max mem: 17023
Epoch: [134]  [20/95]  eta: 0:01:34  lr: 0.000100  loss: 0.0055 (0.0057)  loss_CrossEntropy: 0.0055 (0.0057)  time: 1.2629  data: 0.2755  max mem: 17023
Epoch: [134]  [30/95]  eta: 0:01:41  lr: 0.000100  loss: 0.0047 (0.0055)  loss_CrossEntropy: 0.0047 (0.0055)  time: 1.5645  data: 0.5793  max mem: 17023
Epoch: [134]  [40/95]  eta: 0:01:11  lr: 0.000100  loss: 0.0047 (0.0056)  loss_CrossEntropy: 0.0047 (0.0056)  time: 1.2930  data: 0.3092  max mem: 17023
Epoch: [134]  [50/95]  eta: 0:00:48  lr: 0.000100  loss: 0.0053 (0.0057)  loss_CrossEntropy: 0.0053 (0.0057)  time: 1.0680  data: 0.0851  max mem: 17023
Epoch: [134]  [60/95]  eta: 0:00:55  lr: 0.000100  loss: 0.0052 (0.0056)  loss_CrossEntropy: 0.0052 (0.0056)  time: 1.5833  data: 0.5996  max mem: 17023
Epoch: [134]  [70/95]  eta: 0:00:35  lr: 0.000100  loss: 0.0051 (0.0056)  loss_CrossEntropy: 0.0051 (0.0056)  time: 1.4061  data: 0.4194  max mem: 17023
Epoch: [134]  [80/95]  eta: 0:00:18  lr: 0.000100  loss: 0.0056 (0.0058)  loss_CrossEntropy: 0.0056 (0.0058)  time: 1.2596  data: 0.2842  max mem: 17023
Epoch: [134]  [90/95]  eta: 0:00:06  lr: 0.000100  loss: 0.0064 (0.0058)  loss_CrossEntropy: 0.0064 (0.0058)  time: 1.3797  data: 0.3950  max mem: 17023
Epoch: [134]  [94/95]  eta: 0:00:01  lr: 0.000100  loss: 0.0057 (0.0057)  loss_CrossEntropy: 0.0057 (0.0057)  time: 1.2590  data: 0.2800  max mem: 17023
Epoch: [134] Total time: 0:02:06 (1.3298 s / it)
Averaged stats: lr: 0.000100  loss: 0.0057 (0.0057)  loss_CrossEntropy: 0.0057 (0.0057)
Test:  [ 0/19]  eta: 0:00:06  loss: 0.2445 (0.2445)  loss_CrossEntropy: 0.2445 (0.2445)  Rv: 0.0000 (0.0000)  Lv: 0.8425 (0.8425)  Myo: 0.6240 (0.6240)  Avg: 0.4888 (0.4888)  time: 0.3521  data: 0.3310  max mem: 17023
Test:  [10/19]  eta: 0:00:00  loss: 0.2313 (0.2322)  loss_CrossEntropy: 0.2313 (0.2322)  Rv: 0.8252 (0.6858)  Lv: 0.9511 (0.9175)  Myo: 0.8523 (0.8085)  Avg: 0.8852 (0.8039)  time: 0.0948  data: 0.0729  max mem: 17023
Test:  [18/19]  eta: 0:00:00  loss: 0.2368 (0.2374)  loss_CrossEntropy: 0.2368 (0.2374)  Rv: 0.6462 (0.5911)  Lv: 0.9136 (0.8840)  Myo: 0.8246 (0.7971)  Avg: 0.7686 (0.7574)  time: 0.2739  data: 0.2438  max mem: 17023
Test: Total time: 0:00:03 (0.1643 s / it)
Averaged stats: loss: 0.2368 (0.2374)  loss_CrossEntropy: 0.2368 (0.2374)  Rv: 0.6462 (0.5911)  Lv: 0.9136 (0.8840)  Myo: 0.8246 (0.7971)  Avg: 0.7686 (0.7574)
dice score: 0.7574276861391569
Update high dice score model!
cutout loss: 0.014283809810876846
original loss: 0.00532092060893774
integrity loss: 0.0015926779014989734
invariant loss: 0.015498751774430275
Epoch: [135]  [ 0/95]  eta: 0:01:51  lr: 0.000100  loss: 0.0053 (0.0053)  loss_CrossEntropy: 0.0053 (0.0053)  time: 1.1726  data: 0.1896  max mem: 17023
Epoch: [135]  [10/95]  eta: 0:02:25  lr: 0.000100  loss: 0.0047 (0.0047)  loss_CrossEntropy: 0.0047 (0.0047)  time: 1.7164  data: 0.7438  max mem: 17023
Epoch: [135]  [20/95]  eta: 0:01:47  lr: 0.000100  loss: 0.0048 (0.0052)  loss_CrossEntropy: 0.0048 (0.0052)  time: 1.4299  data: 0.4536  max mem: 17023
Epoch: [135]  [30/95]  eta: 0:01:29  lr: 0.000100  loss: 0.0054 (0.0052)  loss_CrossEntropy: 0.0054 (0.0052)  time: 1.3739  data: 0.3745  max mem: 17023
Epoch: [135]  [40/95]  eta: 0:01:05  lr: 0.000100  loss: 0.0054 (0.0054)  loss_CrossEntropy: 0.0054 (0.0054)  time: 1.1957  data: 0.2043  max mem: 17023
Epoch: [135]  [50/95]  eta: 0:00:46  lr: 0.000100  loss: 0.0051 (0.0053)  loss_CrossEntropy: 0.0051 (0.0053)  time: 1.0266  data: 0.0275  max mem: 17023
Epoch: [135]  [60/95]  eta: 0:00:38  lr: 0.000100  loss: 0.0046 (0.0054)  loss_CrossEntropy: 0.0046 (0.0054)  time: 1.0928  data: 0.1027  max mem: 17023
Epoch: [135]  [70/95]  eta: 0:00:26  lr: 0.000100  loss: 0.0047 (0.0054)  loss_CrossEntropy: 0.0047 (0.0054)  time: 1.0496  data: 0.0624  max mem: 17023
Epoch: [135]  [80/95]  eta: 0:00:20  lr: 0.000100  loss: 0.0053 (0.0054)  loss_CrossEntropy: 0.0053 (0.0054)  time: 1.3423  data: 0.3609  max mem: 17023
Epoch: [135]  [90/95]  eta: 0:00:07  lr: 0.000100  loss: 0.0059 (0.0054)  loss_CrossEntropy: 0.0059 (0.0054)  time: 1.4431  data: 0.4565  max mem: 17023
Epoch: [135]  [94/95]  eta: 0:00:01  lr: 0.000100  loss: 0.0055 (0.0054)  loss_CrossEntropy: 0.0055 (0.0054)  time: 1.0119  data: 0.0369  max mem: 17023
Epoch: [135] Total time: 0:02:07 (1.3410 s / it)
Averaged stats: lr: 0.000100  loss: 0.0055 (0.0054)  loss_CrossEntropy: 0.0055 (0.0054)
Test:  [ 0/19]  eta: 0:00:02  loss: 0.2434 (0.2434)  loss_CrossEntropy: 0.2434 (0.2434)  Rv: 0.0000 (0.0000)  Lv: 0.8349 (0.8349)  Myo: 0.6084 (0.6084)  Avg: 0.4811 (0.4811)  time: 0.1509  data: 0.1274  max mem: 17023
Test:  [10/19]  eta: 0:00:00  loss: 0.2285 (0.2285)  loss_CrossEntropy: 0.2285 (0.2285)  Rv: 0.8780 (0.7386)  Lv: 0.9452 (0.9212)  Myo: 0.8486 (0.8074)  Avg: 0.8967 (0.8224)  time: 0.0437  data: 0.0234  max mem: 17023
Test:  [18/19]  eta: 0:00:00  loss: 0.2331 (0.2326)  loss_CrossEntropy: 0.2331 (0.2326)  Rv: 0.7181 (0.6550)  Lv: 0.9372 (0.9121)  Myo: 0.8283 (0.8132)  Avg: 0.8343 (0.7934)  time: 0.0410  data: 0.0230  max mem: 17023
Test: Total time: 0:00:02 (0.1469 s / it)
Averaged stats: loss: 0.2331 (0.2326)  loss_CrossEntropy: 0.2331 (0.2326)  Rv: 0.7181 (0.6550)  Lv: 0.9372 (0.9121)  Myo: 0.8283 (0.8132)  Avg: 0.8343 (0.7934)
dice score: 0.793439971773248
Update high dice score model!
cutout loss: 0.01039940770715475
original loss: 0.006232957821339369
integrity loss: 0.001800364232622087
invariant loss: 0.0128640653565526
Epoch: [136]  [ 0/95]  eta: 0:02:17  lr: 0.000100  loss: 0.0062 (0.0062)  loss_CrossEntropy: 0.0062 (0.0062)  time: 1.4447  data: 0.4680  max mem: 17023
Epoch: [136]  [10/95]  eta: 0:01:28  lr: 0.000100  loss: 0.0054 (0.0060)  loss_CrossEntropy: 0.0054 (0.0060)  time: 1.0375  data: 0.0550  max mem: 17023
Epoch: [136]  [20/95]  eta: 0:02:15  lr: 0.000100  loss: 0.0047 (0.0051)  loss_CrossEntropy: 0.0047 (0.0051)  time: 1.8084  data: 0.8253  max mem: 17023
Epoch: [136]  [30/95]  eta: 0:01:23  lr: 0.000100  loss: 0.0046 (0.0052)  loss_CrossEntropy: 0.0046 (0.0052)  time: 1.2880  data: 0.3171  max mem: 17023
Epoch: [136]  [40/95]  eta: 0:01:19  lr: 0.000100  loss: 0.0051 (0.0053)  loss_CrossEntropy: 0.0051 (0.0053)  time: 1.4542  data: 0.4625  max mem: 17023
Epoch: [136]  [50/95]  eta: 0:01:00  lr: 0.000100  loss: 0.0055 (0.0055)  loss_CrossEntropy: 0.0055 (0.0055)  time: 1.3441  data: 0.3594  max mem: 17023
Epoch: [136]  [60/95]  eta: 0:00:51  lr: 0.000100  loss: 0.0047 (0.0054)  loss_CrossEntropy: 0.0047 (0.0054)  time: 1.4642  data: 0.4869  max mem: 17023
Epoch: [136]  [70/95]  eta: 0:00:30  lr: 0.000100  loss: 0.0050 (0.0054)  loss_CrossEntropy: 0.0050 (0.0054)  time: 1.2251  data: 0.2484  max mem: 17023
Epoch: [136]  [80/95]  eta: 0:00:19  lr: 0.000100  loss: 0.0050 (0.0053)  loss_CrossEntropy: 0.0050 (0.0053)  time: 1.2857  data: 0.3137  max mem: 17023
Epoch: [136]  [90/95]  eta: 0:00:07  lr: 0.000100  loss: 0.0050 (0.0053)  loss_CrossEntropy: 0.0050 (0.0053)  time: 1.5739  data: 0.5883  max mem: 17023
Epoch: [136]  [94/95]  eta: 0:00:01  lr: 0.000100  loss: 0.0048 (0.0053)  loss_CrossEntropy: 0.0048 (0.0053)  time: 1.0062  data: 0.0347  max mem: 17023
Epoch: [136] Total time: 0:02:08 (1.3563 s / it)
Averaged stats: lr: 0.000100  loss: 0.0048 (0.0053)  loss_CrossEntropy: 0.0048 (0.0053)
Test:  [ 0/19]  eta: 0:00:07  loss: 0.2294 (0.2294)  loss_CrossEntropy: 0.2294 (0.2294)  Rv: 0.0000 (0.0000)  Lv: 0.7353 (0.7353)  Myo: 0.6201 (0.6201)  Avg: 0.4518 (0.4518)  time: 0.3931  data: 0.3607  max mem: 17023
Test:  [10/19]  eta: 0:00:00  loss: 0.2298 (0.2266)  loss_CrossEntropy: 0.2298 (0.2266)  Rv: 0.8336 (0.7305)  Lv: 0.9491 (0.9306)  Myo: 0.8564 (0.8210)  Avg: 0.8876 (0.8274)  time: 0.0455  data: 0.0241  max mem: 17023
Test:  [18/19]  eta: 0:00:00  loss: 0.2294 (0.2250)  loss_CrossEntropy: 0.2294 (0.2250)  Rv: 0.7215 (0.6478)  Lv: 0.9361 (0.9131)  Myo: 0.8380 (0.8177)  Avg: 0.8164 (0.7929)  time: 0.2406  data: 0.2103  max mem: 17023
Test: Total time: 0:00:03 (0.1992 s / it)
Averaged stats: loss: 0.2294 (0.2250)  loss_CrossEntropy: 0.2294 (0.2250)  Rv: 0.7215 (0.6478)  Lv: 0.9361 (0.9131)  Myo: 0.8380 (0.8177)  Avg: 0.8164 (0.7929)
dice score: 0.7928732570848966
Update high dice score model!
cutout loss: 0.003792489180341363
original loss: 0.0048392098397016525
integrity loss: 0.0013226866722106934
invariant loss: 0.017741834744811058
Epoch: [137]  [ 0/95]  eta: 0:02:05  lr: 0.000100  loss: 0.0048 (0.0048)  loss_CrossEntropy: 0.0048 (0.0048)  time: 1.3240  data: 0.3448  max mem: 17023
Epoch: [137]  [10/95]  eta: 0:01:50  lr: 0.000100  loss: 0.0058 (0.0057)  loss_CrossEntropy: 0.0058 (0.0057)  time: 1.3046  data: 0.3188  max mem: 17023
Epoch: [137]  [20/95]  eta: 0:01:20  lr: 0.000100  loss: 0.0053 (0.0055)  loss_CrossEntropy: 0.0053 (0.0055)  time: 1.0673  data: 0.0828  max mem: 17023
Epoch: [137]  [30/95]  eta: 0:02:03  lr: 0.000100  loss: 0.0051 (0.0055)  loss_CrossEntropy: 0.0051 (0.0055)  time: 1.8961  data: 0.9104  max mem: 17023
Epoch: [137]  [40/95]  eta: 0:01:02  lr: 0.000100  loss: 0.0048 (0.0053)  loss_CrossEntropy: 0.0048 (0.0053)  time: 1.1453  data: 0.1589  max mem: 17023
Epoch: [137]  [50/95]  eta: 0:00:55  lr: 0.000100  loss: 0.0047 (0.0053)  loss_CrossEntropy: 0.0047 (0.0053)  time: 1.2305  data: 0.2574  max mem: 17023
Epoch: [137]  [60/95]  eta: 0:00:42  lr: 0.000100  loss: 0.0052 (0.0054)  loss_CrossEntropy: 0.0052 (0.0054)  time: 1.2260  data: 0.2447  max mem: 17023
Epoch: [137]  [70/95]  eta: 0:00:33  lr: 0.000100  loss: 0.0056 (0.0055)  loss_CrossEntropy: 0.0056 (0.0055)  time: 1.3556  data: 0.3789  max mem: 17023
Epoch: [137]  [80/95]  eta: 0:00:22  lr: 0.000100  loss: 0.0056 (0.0056)  loss_CrossEntropy: 0.0056 (0.0056)  time: 1.4691  data: 0.4378  max mem: 17023
Epoch: [137]  [90/95]  eta: 0:00:06  lr: 0.000100  loss: 0.0048 (0.0055)  loss_CrossEntropy: 0.0048 (0.0055)  time: 1.3349  data: 0.3538  max mem: 17023
Epoch: [137]  [94/95]  eta: 0:00:01  lr: 0.000100  loss: 0.0047 (0.0055)  loss_CrossEntropy: 0.0047 (0.0055)  time: 1.2802  data: 0.2974  max mem: 17023
Epoch: [137] Total time: 0:02:03 (1.3011 s / it)
Averaged stats: lr: 0.000100  loss: 0.0047 (0.0055)  loss_CrossEntropy: 0.0047 (0.0055)
Test:  [ 0/19]  eta: 0:00:04  loss: 0.2003 (0.2003)  loss_CrossEntropy: 0.2003 (0.2003)  Rv: 0.0000 (0.0000)  Lv: 0.8291 (0.8291)  Myo: 0.6390 (0.6390)  Avg: 0.4894 (0.4894)  time: 0.2232  data: 0.2024  max mem: 17023
Test:  [10/19]  eta: 0:00:00  loss: 0.2016 (0.2050)  loss_CrossEntropy: 0.2016 (0.2050)  Rv: 0.7895 (0.6925)  Lv: 0.9359 (0.9025)  Myo: 0.8434 (0.8042)  Avg: 0.8663 (0.7997)  time: 0.0410  data: 0.0198  max mem: 17023
Test:  [18/19]  eta: 0:00:00  loss: 0.2016 (0.1996)  loss_CrossEntropy: 0.2016 (0.1996)  Rv: 0.6520 (0.6097)  Lv: 0.9089 (0.8746)  Myo: 0.8158 (0.7916)  Avg: 0.8151 (0.7586)  time: 0.1334  data: 0.1156  max mem: 17023
Test: Total time: 0:00:03 (0.1656 s / it)
Averaged stats: loss: 0.2016 (0.1996)  loss_CrossEntropy: 0.2016 (0.1996)  Rv: 0.6520 (0.6097)  Lv: 0.9089 (0.8746)  Myo: 0.8158 (0.7916)  Avg: 0.8151 (0.7586)
dice score: 0.7586281472130826
Update high dice score model!
cutout loss: 0.007376668509095907
original loss: 0.006326877977699041
integrity loss: 0.0012614130973815918
invariant loss: 0.016047870740294456
Epoch: [138]  [ 0/95]  eta: 0:02:35  lr: 0.000100  loss: 0.0063 (0.0063)  loss_CrossEntropy: 0.0063 (0.0063)  time: 1.6394  data: 0.6422  max mem: 17023
Epoch: [138]  [10/95]  eta: 0:01:45  lr: 0.000100  loss: 0.0052 (0.0051)  loss_CrossEntropy: 0.0052 (0.0051)  time: 1.2390  data: 0.2656  max mem: 17023
Epoch: [138]  [20/95]  eta: 0:01:35  lr: 0.000100  loss: 0.0048 (0.0056)  loss_CrossEntropy: 0.0048 (0.0056)  time: 1.2791  data: 0.2981  max mem: 17023
Epoch: [138]  [30/95]  eta: 0:01:35  lr: 0.000100  loss: 0.0055 (0.0058)  loss_CrossEntropy: 0.0055 (0.0058)  time: 1.4713  data: 0.4831  max mem: 17023
Epoch: [138]  [40/95]  eta: 0:01:07  lr: 0.000100  loss: 0.0055 (0.0056)  loss_CrossEntropy: 0.0055 (0.0056)  time: 1.2272  data: 0.2431  max mem: 17023
Epoch: [138]  [50/95]  eta: 0:00:46  lr: 0.000100  loss: 0.0053 (0.0058)  loss_CrossEntropy: 0.0053 (0.0058)  time: 1.0228  data: 0.0285  max mem: 17023
Epoch: [138]  [60/95]  eta: 0:00:47  lr: 0.000100  loss: 0.0062 (0.0058)  loss_CrossEntropy: 0.0062 (0.0058)  time: 1.3647  data: 0.3883  max mem: 17023
Epoch: [138]  [70/95]  eta: 0:00:26  lr: 0.000100  loss: 0.0056 (0.0057)  loss_CrossEntropy: 0.0056 (0.0057)  time: 1.0595  data: 0.0723  max mem: 17023
Epoch: [138]  [80/95]  eta: 0:00:18  lr: 0.000100  loss: 0.0052 (0.0057)  loss_CrossEntropy: 0.0052 (0.0057)  time: 1.2034  data: 0.2206  max mem: 17023
Epoch: [138]  [90/95]  eta: 0:00:05  lr: 0.000100  loss: 0.0051 (0.0056)  loss_CrossEntropy: 0.0051 (0.0056)  time: 1.0312  data: 0.0365  max mem: 17023
Epoch: [138]  [94/95]  eta: 0:00:01  lr: 0.000100  loss: 0.0049 (0.0056)  loss_CrossEntropy: 0.0049 (0.0056)  time: 1.5364  data: 0.5431  max mem: 17023
Epoch: [138] Total time: 0:02:04 (1.3057 s / it)
Averaged stats: lr: 0.000100  loss: 0.0049 (0.0056)  loss_CrossEntropy: 0.0049 (0.0056)
Test:  [ 0/19]  eta: 0:00:07  loss: 0.2477 (0.2477)  loss_CrossEntropy: 0.2477 (0.2477)  Rv: 0.0000 (0.0000)  Lv: 0.8266 (0.8266)  Myo: 0.6058 (0.6058)  Avg: 0.4775 (0.4775)  time: 0.3810  data: 0.3487  max mem: 17023
Test:  [10/19]  eta: 0:00:01  loss: 0.2338 (0.2359)  loss_CrossEntropy: 0.2338 (0.2359)  Rv: 0.8761 (0.6949)  Lv: 0.9519 (0.9045)  Myo: 0.8539 (0.8013)  Avg: 0.8954 (0.8002)  time: 0.2207  data: 0.1997  max mem: 17023
Test:  [18/19]  eta: 0:00:00  loss: 0.2338 (0.2356)  loss_CrossEntropy: 0.2338 (0.2356)  Rv: 0.7179 (0.6196)  Lv: 0.9164 (0.8912)  Myo: 0.8317 (0.7969)  Avg: 0.7980 (0.7692)  time: 0.1830  data: 0.1656  max mem: 17023
Test: Total time: 0:00:02 (0.1571 s / it)
Averaged stats: loss: 0.2338 (0.2356)  loss_CrossEntropy: 0.2338 (0.2356)  Rv: 0.7179 (0.6196)  Lv: 0.9164 (0.8912)  Myo: 0.8317 (0.7969)  Avg: 0.7980 (0.7692)
dice score: 0.7692180417085949
Update high dice score model!
cutout loss: 0.02070062793791294
original loss: 0.0053043058142066
integrity loss: 0.0017030537128448486
invariant loss: 0.011835134588181973
Epoch: [139]  [ 0/95]  eta: 0:01:52  lr: 0.000100  loss: 0.0053 (0.0053)  loss_CrossEntropy: 0.0053 (0.0053)  time: 1.1874  data: 0.2093  max mem: 17023
Epoch: [139]  [10/95]  eta: 0:01:50  lr: 0.000100  loss: 0.0053 (0.0060)  loss_CrossEntropy: 0.0053 (0.0060)  time: 1.2941  data: 0.2887  max mem: 17023
Epoch: [139]  [20/95]  eta: 0:01:53  lr: 0.000100  loss: 0.0051 (0.0055)  loss_CrossEntropy: 0.0051 (0.0055)  time: 1.5109  data: 0.5302  max mem: 17023
Epoch: [139]  [30/95]  eta: 0:01:23  lr: 0.000100  loss: 0.0051 (0.0054)  loss_CrossEntropy: 0.0051 (0.0054)  time: 1.2818  data: 0.2970  max mem: 17023
Epoch: [139]  [40/95]  eta: 0:01:17  lr: 0.000100  loss: 0.0053 (0.0055)  loss_CrossEntropy: 0.0053 (0.0055)  time: 1.4014  data: 0.4152  max mem: 17023
Epoch: [139]  [50/95]  eta: 0:00:58  lr: 0.000100  loss: 0.0053 (0.0054)  loss_CrossEntropy: 0.0053 (0.0054)  time: 1.3027  data: 0.3230  max mem: 17023
Epoch: [139]  [60/95]  eta: 0:00:42  lr: 0.000100  loss: 0.0048 (0.0054)  loss_CrossEntropy: 0.0048 (0.0054)  time: 1.2212  data: 0.2465  max mem: 17023
Epoch: [139]  [70/95]  eta: 0:00:28  lr: 0.000100  loss: 0.0048 (0.0053)  loss_CrossEntropy: 0.0048 (0.0053)  time: 1.1597  data: 0.1884  max mem: 17023
Epoch: [139]  [80/95]  eta: 0:00:19  lr: 0.000100  loss: 0.0049 (0.0053)  loss_CrossEntropy: 0.0049 (0.0053)  time: 1.2791  data: 0.2854  max mem: 17023
Epoch: [139]  [90/95]  eta: 0:00:05  lr: 0.000100  loss: 0.0053 (0.0053)  loss_CrossEntropy: 0.0053 (0.0053)  time: 1.0480  data: 0.0564  max mem: 17023
Epoch: [139]  [94/95]  eta: 0:00:01  lr: 0.000100  loss: 0.0053 (0.0054)  loss_CrossEntropy: 0.0053 (0.0054)  time: 1.1912  data: 0.2131  max mem: 17023
Epoch: [139] Total time: 0:02:01 (1.2750 s / it)
Averaged stats: lr: 0.000100  loss: 0.0053 (0.0054)  loss_CrossEntropy: 0.0053 (0.0054)
Test:  [ 0/19]  eta: 0:00:02  loss: 0.2173 (0.2173)  loss_CrossEntropy: 0.2173 (0.2173)  Rv: 0.0000 (0.0000)  Lv: 0.7925 (0.7925)  Myo: 0.6486 (0.6486)  Avg: 0.4804 (0.4804)  time: 0.1454  data: 0.1249  max mem: 17023
Test:  [10/19]  eta: 0:00:00  loss: 0.2253 (0.2306)  loss_CrossEntropy: 0.2253 (0.2306)  Rv: 0.8426 (0.7201)  Lv: 0.9550 (0.9393)  Myo: 0.8522 (0.8297)  Avg: 0.8969 (0.8297)  time: 0.0402  data: 0.0200  max mem: 17023
Test:  [18/19]  eta: 0:00:00  loss: 0.2378 (0.2368)  loss_CrossEntropy: 0.2378 (0.2368)  Rv: 0.7031 (0.6433)  Lv: 0.9435 (0.9193)  Myo: 0.8199 (0.8207)  Avg: 0.8279 (0.7945)  time: 0.0326  data: 0.0152  max mem: 17023
Test: Total time: 0:00:03 (0.1591 s / it)
Averaged stats: loss: 0.2378 (0.2368)  loss_CrossEntropy: 0.2378 (0.2368)  Rv: 0.7031 (0.6433)  Lv: 0.9435 (0.9193)  Myo: 0.8199 (0.8207)  Avg: 0.8279 (0.7945)
dice score: 0.7944772588579279
Update high dice score model!
cutout loss: 0.016600903123617172
original loss: 0.003942465875297785
integrity loss: 0.0014108598697930574
invariant loss: 0.011041897349059582
Epoch: [140]  [ 0/95]  eta: 0:01:37  lr: 0.000100  loss: 0.0039 (0.0039)  loss_CrossEntropy: 0.0039 (0.0039)  time: 1.0269  data: 0.0415  max mem: 17023
Epoch: [140]  [10/95]  eta: 0:01:54  lr: 0.000100  loss: 0.0052 (0.0051)  loss_CrossEntropy: 0.0052 (0.0051)  time: 1.3523  data: 0.3668  max mem: 17023
Epoch: [140]  [20/95]  eta: 0:01:34  lr: 0.000100  loss: 0.0052 (0.0053)  loss_CrossEntropy: 0.0052 (0.0053)  time: 1.2560  data: 0.2608  max mem: 17023
Epoch: [140]  [30/95]  eta: 0:01:28  lr: 0.000100  loss: 0.0053 (0.0055)  loss_CrossEntropy: 0.0053 (0.0055)  time: 1.3578  data: 0.3858  max mem: 17023
Epoch: [140]  [40/95]  eta: 0:01:18  lr: 0.000100  loss: 0.0048 (0.0054)  loss_CrossEntropy: 0.0048 (0.0054)  time: 1.4302  data: 0.4454  max mem: 17023
Epoch: [140]  [50/95]  eta: 0:00:47  lr: 0.000100  loss: 0.0046 (0.0054)  loss_CrossEntropy: 0.0046 (0.0054)  time: 1.0472  data: 0.0444  max mem: 17023
Epoch: [140]  [60/95]  eta: 0:00:51  lr: 0.000100  loss: 0.0052 (0.0054)  loss_CrossEntropy: 0.0052 (0.0054)  time: 1.4688  data: 0.4639  max mem: 17023
Epoch: [140]  [70/95]  eta: 0:00:28  lr: 0.000100  loss: 0.0052 (0.0055)  loss_CrossEntropy: 0.0052 (0.0055)  time: 1.1409  data: 0.1611  max mem: 17023
Epoch: [140]  [80/95]  eta: 0:00:23  lr: 0.000100  loss: 0.0045 (0.0054)  loss_CrossEntropy: 0.0045 (0.0054)  time: 1.5547  data: 0.5616  max mem: 17023
Epoch: [140]  [90/95]  eta: 0:00:05  lr: 0.000100  loss: 0.0049 (0.0054)  loss_CrossEntropy: 0.0049 (0.0054)  time: 1.0196  data: 0.0238  max mem: 17023
Epoch: [140]  [94/95]  eta: 0:00:01  lr: 0.000100  loss: 0.0049 (0.0054)  loss_CrossEntropy: 0.0049 (0.0054)  time: 1.3979  data: 0.4079  max mem: 17023
Epoch: [140] Total time: 0:02:06 (1.3284 s / it)
Averaged stats: lr: 0.000100  loss: 0.0049 (0.0054)  loss_CrossEntropy: 0.0049 (0.0054)
Test:  [ 0/19]  eta: 0:00:01  loss: 0.2221 (0.2221)  loss_CrossEntropy: 0.2221 (0.2221)  Rv: 0.0000 (0.0000)  Lv: 0.7118 (0.7118)  Myo: 0.6390 (0.6390)  Avg: 0.4503 (0.4503)  time: 0.0676  data: 0.0463  max mem: 17023
Test:  [10/19]  eta: 0:00:03  loss: 0.2221 (0.2273)  loss_CrossEntropy: 0.2221 (0.2273)  Rv: 0.8669 (0.7086)  Lv: 0.9542 (0.8774)  Myo: 0.8611 (0.8074)  Avg: 0.8803 (0.7978)  time: 0.3599  data: 0.3268  max mem: 17023
Test:  [18/19]  eta: 0:00:00  loss: 0.2229 (0.2280)  loss_CrossEntropy: 0.2229 (0.2280)  Rv: 0.7127 (0.6364)  Lv: 0.9215 (0.8856)  Myo: 0.8541 (0.8114)  Avg: 0.8214 (0.7778)  time: 0.0323  data: 0.0152  max mem: 17023
Test: Total time: 0:00:03 (0.1754 s / it)
Averaged stats: loss: 0.2229 (0.2280)  loss_CrossEntropy: 0.2229 (0.2280)  Rv: 0.7127 (0.6364)  Lv: 0.9215 (0.8856)  Myo: 0.8541 (0.8114)  Avg: 0.8214 (0.7778)
dice score: 0.7777998870924899
Update high dice score model!
cutout loss: 0.004151051864027977
original loss: 0.0041575045324862
integrity loss: 0.0010957360500469804
invariant loss: 0.014060604386031628
Epoch: [141]  [ 0/95]  eta: 0:02:17  lr: 0.000100  loss: 0.0042 (0.0042)  loss_CrossEntropy: 0.0042 (0.0042)  time: 1.4509  data: 0.4695  max mem: 17023
Epoch: [141]  [10/95]  eta: 0:01:47  lr: 0.000100  loss: 0.0057 (0.0055)  loss_CrossEntropy: 0.0057 (0.0055)  time: 1.2607  data: 0.2776  max mem: 17023
Epoch: [141]  [20/95]  eta: 0:01:46  lr: 0.000100  loss: 0.0051 (0.0053)  loss_CrossEntropy: 0.0051 (0.0053)  time: 1.4265  data: 0.4411  max mem: 17023
Epoch: [141]  [30/95]  eta: 0:01:07  lr: 0.000100  loss: 0.0047 (0.0052)  loss_CrossEntropy: 0.0047 (0.0052)  time: 1.0356  data: 0.0618  max mem: 17023
Epoch: [141]  [40/95]  eta: 0:01:06  lr: 0.000100  loss: 0.0045 (0.0050)  loss_CrossEntropy: 0.0045 (0.0050)  time: 1.2179  data: 0.2408  max mem: 17023
Epoch: [141]  [50/95]  eta: 0:00:52  lr: 0.000100  loss: 0.0045 (0.0050)  loss_CrossEntropy: 0.0045 (0.0050)  time: 1.1608  data: 0.1768  max mem: 17023
Epoch: [141]  [60/95]  eta: 0:00:37  lr: 0.000100  loss: 0.0047 (0.0050)  loss_CrossEntropy: 0.0047 (0.0050)  time: 1.0744  data: 0.0305  max mem: 17023
Epoch: [141]  [70/95]  eta: 0:00:25  lr: 0.000100  loss: 0.0047 (0.0051)  loss_CrossEntropy: 0.0047 (0.0051)  time: 1.0056  data: 0.0288  max mem: 17023
Epoch: [141]  [80/95]  eta: 0:00:16  lr: 0.000100  loss: 0.0051 (0.0053)  loss_CrossEntropy: 0.0051 (0.0053)  time: 1.0846  data: 0.0912  max mem: 17023
Epoch: [141]  [90/95]  eta: 0:00:08  lr: 0.000100  loss: 0.0051 (0.0052)  loss_CrossEntropy: 0.0051 (0.0052)  time: 1.6351  data: 0.6563  max mem: 17023
Epoch: [141]  [94/95]  eta: 0:00:01  lr: 0.000100  loss: 0.0051 (0.0052)  loss_CrossEntropy: 0.0051 (0.0052)  time: 1.5121  data: 0.5256  max mem: 17023
Epoch: [141] Total time: 0:02:02 (1.2877 s / it)
Averaged stats: lr: 0.000100  loss: 0.0051 (0.0052)  loss_CrossEntropy: 0.0051 (0.0052)
Test:  [ 0/19]  eta: 0:00:03  loss: 0.2276 (0.2276)  loss_CrossEntropy: 0.2276 (0.2276)  Rv: 0.0000 (0.0000)  Lv: 0.8114 (0.8114)  Myo: 0.6236 (0.6236)  Avg: 0.4783 (0.4783)  time: 0.1788  data: 0.1583  max mem: 17023
Test:  [10/19]  eta: 0:00:02  loss: 0.2129 (0.2143)  loss_CrossEntropy: 0.2129 (0.2143)  Rv: 0.8654 (0.6906)  Lv: 0.9486 (0.9365)  Myo: 0.8558 (0.8306)  Avg: 0.8884 (0.8192)  time: 0.3317  data: 0.3097  max mem: 17023
Test:  [18/19]  eta: 0:00:00  loss: 0.2129 (0.2144)  loss_CrossEntropy: 0.2129 (0.2144)  Rv: 0.7115 (0.6293)  Lv: 0.9379 (0.9103)  Myo: 0.8270 (0.8171)  Avg: 0.8250 (0.7855)  time: 0.0335  data: 0.0157  max mem: 17023
Test: Total time: 0:00:03 (0.2032 s / it)
Averaged stats: loss: 0.2129 (0.2144)  loss_CrossEntropy: 0.2129 (0.2144)  Rv: 0.7115 (0.6293)  Lv: 0.9379 (0.9103)  Myo: 0.8270 (0.8171)  Avg: 0.8250 (0.7855)
dice score: 0.7855416630443773
Update high dice score model!
cutout loss: 0.016619976609945297
original loss: 0.004843966569751501
integrity loss: 0.0013793230755254626
invariant loss: 0.015069323591887951
Epoch: [142]  [ 0/95]  eta: 0:01:40  lr: 0.000100  loss: 0.0048 (0.0048)  loss_CrossEntropy: 0.0048 (0.0048)  time: 1.0567  data: 0.0699  max mem: 17023
Epoch: [142]  [10/95]  eta: 0:02:29  lr: 0.000100  loss: 0.0048 (0.0051)  loss_CrossEntropy: 0.0048 (0.0051)  time: 1.7641  data: 0.7280  max mem: 17023
Epoch: [142]  [20/95]  eta: 0:01:25  lr: 0.000100  loss: 0.0045 (0.0051)  loss_CrossEntropy: 0.0045 (0.0051)  time: 1.1438  data: 0.1506  max mem: 17023
Epoch: [142]  [30/95]  eta: 0:01:29  lr: 0.000100  loss: 0.0048 (0.0053)  loss_CrossEntropy: 0.0048 (0.0053)  time: 1.3841  data: 0.3897  max mem: 17023
Epoch: [142]  [40/95]  eta: 0:01:00  lr: 0.000100  loss: 0.0049 (0.0052)  loss_CrossEntropy: 0.0049 (0.0052)  time: 1.1052  data: 0.1249  max mem: 17023
Epoch: [142]  [50/95]  eta: 0:00:53  lr: 0.000100  loss: 0.0049 (0.0052)  loss_CrossEntropy: 0.0049 (0.0052)  time: 1.1926  data: 0.2088  max mem: 17023
Epoch: [142]  [60/95]  eta: 0:00:40  lr: 0.000100  loss: 0.0050 (0.0053)  loss_CrossEntropy: 0.0050 (0.0053)  time: 1.1684  data: 0.1857  max mem: 17023
Epoch: [142]  [70/95]  eta: 0:00:31  lr: 0.000100  loss: 0.0059 (0.0054)  loss_CrossEntropy: 0.0059 (0.0054)  time: 1.2753  data: 0.2942  max mem: 17023
Epoch: [142]  [80/95]  eta: 0:00:17  lr: 0.000100  loss: 0.0059 (0.0055)  loss_CrossEntropy: 0.0059 (0.0055)  time: 1.1652  data: 0.1822  max mem: 17023
Epoch: [142]  [90/95]  eta: 0:00:06  lr: 0.000100  loss: 0.0046 (0.0054)  loss_CrossEntropy: 0.0046 (0.0054)  time: 1.2511  data: 0.2663  max mem: 17023
Epoch: [142]  [94/95]  eta: 0:00:01  lr: 0.000100  loss: 0.0044 (0.0053)  loss_CrossEntropy: 0.0044 (0.0053)  time: 1.2413  data: 0.2554  max mem: 17023
Epoch: [142] Total time: 0:02:05 (1.3235 s / it)
Averaged stats: lr: 0.000100  loss: 0.0044 (0.0053)  loss_CrossEntropy: 0.0044 (0.0053)
Test:  [ 0/19]  eta: 0:00:04  loss: 0.1707 (0.1707)  loss_CrossEntropy: 0.1707 (0.1707)  Rv: 0.0000 (0.0000)  Lv: 0.8238 (0.8238)  Myo: 0.6259 (0.6259)  Avg: 0.4832 (0.4832)  time: 0.2520  data: 0.2305  max mem: 17023
Test:  [10/19]  eta: 0:00:02  loss: 0.1699 (0.1680)  loss_CrossEntropy: 0.1699 (0.1680)  Rv: 0.9052 (0.7218)  Lv: 0.9469 (0.9195)  Myo: 0.8653 (0.8161)  Avg: 0.8875 (0.8191)  time: 0.2917  data: 0.2699  max mem: 17023
Test:  [18/19]  eta: 0:00:00  loss: 0.1699 (0.1705)  loss_CrossEntropy: 0.1699 (0.1705)  Rv: 0.7176 (0.6471)  Lv: 0.9182 (0.8992)  Myo: 0.8304 (0.8109)  Avg: 0.8387 (0.7857)  time: 0.1508  data: 0.1331  max mem: 17023
Test: Total time: 0:00:03 (0.1805 s / it)
Averaged stats: loss: 0.1699 (0.1705)  loss_CrossEntropy: 0.1699 (0.1705)  Rv: 0.7176 (0.6471)  Lv: 0.9182 (0.8992)  Myo: 0.8304 (0.8109)  Avg: 0.8387 (0.7857)
dice score: 0.785737367052781
Update high dice score model!
cutout loss: 0.01644492708146572
original loss: 0.00513481255620718
integrity loss: 0.0015443683369085193
invariant loss: 0.014277184382081032
Epoch: [143]  [ 0/95]  eta: 0:02:10  lr: 0.000100  loss: 0.0051 (0.0051)  loss_CrossEntropy: 0.0051 (0.0051)  time: 1.3765  data: 0.3887  max mem: 17023
Epoch: [143]  [10/95]  eta: 0:01:27  lr: 0.000100  loss: 0.0048 (0.0047)  loss_CrossEntropy: 0.0048 (0.0047)  time: 1.0341  data: 0.0492  max mem: 17023
Epoch: [143]  [20/95]  eta: 0:01:43  lr: 0.000100  loss: 0.0048 (0.0053)  loss_CrossEntropy: 0.0048 (0.0053)  time: 1.3820  data: 0.3939  max mem: 17023
Epoch: [143]  [30/95]  eta: 0:01:11  lr: 0.000100  loss: 0.0047 (0.0053)  loss_CrossEntropy: 0.0047 (0.0053)  time: 1.0935  data: 0.1106  max mem: 17023
Epoch: [143]  [40/95]  eta: 0:01:07  lr: 0.000100  loss: 0.0049 (0.0053)  loss_CrossEntropy: 0.0049 (0.0053)  time: 1.2326  data: 0.2488  max mem: 17023
Epoch: [143]  [50/95]  eta: 0:00:58  lr: 0.000100  loss: 0.0048 (0.0051)  loss_CrossEntropy: 0.0048 (0.0051)  time: 1.2937  data: 0.2767  max mem: 17023
Epoch: [143]  [60/95]  eta: 0:00:36  lr: 0.000100  loss: 0.0048 (0.0052)  loss_CrossEntropy: 0.0048 (0.0052)  time: 1.0372  data: 0.0628  max mem: 17023
Epoch: [143]  [70/95]  eta: 0:00:38  lr: 0.000100  loss: 0.0052 (0.0052)  loss_CrossEntropy: 0.0052 (0.0052)  time: 1.5487  data: 0.5673  max mem: 17023
Epoch: [143]  [80/95]  eta: 0:00:21  lr: 0.000100  loss: 0.0046 (0.0051)  loss_CrossEntropy: 0.0046 (0.0051)  time: 1.4142  data: 0.4019  max mem: 17023
Epoch: [143]  [90/95]  eta: 0:00:08  lr: 0.000100  loss: 0.0045 (0.0051)  loss_CrossEntropy: 0.0045 (0.0051)  time: 1.7048  data: 0.6790  max mem: 17023
Epoch: [143]  [94/95]  eta: 0:00:01  lr: 0.000100  loss: 0.0048 (0.0052)  loss_CrossEntropy: 0.0048 (0.0052)  time: 1.2184  data: 0.2169  max mem: 17023
Epoch: [143] Total time: 0:02:05 (1.3158 s / it)
Averaged stats: lr: 0.000100  loss: 0.0048 (0.0052)  loss_CrossEntropy: 0.0048 (0.0052)
Test:  [ 0/19]  eta: 0:00:02  loss: 0.2250 (0.2250)  loss_CrossEntropy: 0.2250 (0.2250)  Rv: 0.0000 (0.0000)  Lv: 0.8398 (0.8398)  Myo: 0.6429 (0.6429)  Avg: 0.4942 (0.4942)  time: 0.1057  data: 0.0850  max mem: 17023
Test:  [10/19]  eta: 0:00:00  loss: 0.2216 (0.2206)  loss_CrossEntropy: 0.2216 (0.2206)  Rv: 0.8916 (0.7500)  Lv: 0.9452 (0.9382)  Myo: 0.8317 (0.8112)  Avg: 0.9016 (0.8331)  time: 0.1050  data: 0.0655  max mem: 17023
Test:  [18/19]  eta: 0:00:00  loss: 0.2209 (0.2227)  loss_CrossEntropy: 0.2209 (0.2227)  Rv: 0.7113 (0.6479)  Lv: 0.9356 (0.9246)  Myo: 0.8204 (0.8143)  Avg: 0.8504 (0.7956)  time: 0.0361  data: 0.0185  max mem: 17023
Test: Total time: 0:00:02 (0.1446 s / it)
Averaged stats: loss: 0.2209 (0.2227)  loss_CrossEntropy: 0.2209 (0.2227)  Rv: 0.7113 (0.6479)  Lv: 0.9356 (0.9246)  Myo: 0.8204 (0.8143)  Avg: 0.8504 (0.7956)
dice score: 0.7956025945512872
Update high dice score model!
cutout loss: 0.00640580989420414
original loss: 0.007140087429434061
integrity loss: 0.001782321953214705
invariant loss: 0.0134975491091609
Epoch: [144]  [ 0/95]  eta: 0:02:11  lr: 0.000100  loss: 0.0071 (0.0071)  loss_CrossEntropy: 0.0071 (0.0071)  time: 1.3829  data: 0.3683  max mem: 17023
Epoch: [144]  [10/95]  eta: 0:01:44  lr: 0.000100  loss: 0.0049 (0.0049)  loss_CrossEntropy: 0.0049 (0.0049)  time: 1.2250  data: 0.2527  max mem: 17023
Epoch: [144]  [20/95]  eta: 0:01:21  lr: 0.000100  loss: 0.0046 (0.0050)  loss_CrossEntropy: 0.0046 (0.0050)  time: 1.0868  data: 0.1088  max mem: 17023
Epoch: [144]  [30/95]  eta: 0:01:18  lr: 0.000100  loss: 0.0052 (0.0051)  loss_CrossEntropy: 0.0052 (0.0051)  time: 1.2078  data: 0.1996  max mem: 17023
Epoch: [144]  [40/95]  eta: 0:01:08  lr: 0.000100  loss: 0.0052 (0.0050)  loss_CrossEntropy: 0.0052 (0.0050)  time: 1.2515  data: 0.2715  max mem: 17023
Epoch: [144]  [50/95]  eta: 0:00:51  lr: 0.000100  loss: 0.0048 (0.0051)  loss_CrossEntropy: 0.0048 (0.0051)  time: 1.1462  data: 0.1671  max mem: 17023
Epoch: [144]  [60/95]  eta: 0:00:35  lr: 0.000100  loss: 0.0055 (0.0051)  loss_CrossEntropy: 0.0055 (0.0051)  time: 1.0095  data: 0.0292  max mem: 17023
Epoch: [144]  [70/95]  eta: 0:00:38  lr: 0.000100  loss: 0.0046 (0.0051)  loss_CrossEntropy: 0.0046 (0.0051)  time: 1.5523  data: 0.5708  max mem: 17023
Epoch: [144]  [80/95]  eta: 0:00:21  lr: 0.000100  loss: 0.0046 (0.0052)  loss_CrossEntropy: 0.0046 (0.0052)  time: 1.4522  data: 0.4546  max mem: 17023
Epoch: [144]  [90/95]  eta: 0:00:05  lr: 0.000100  loss: 0.0046 (0.0052)  loss_CrossEntropy: 0.0046 (0.0052)  time: 1.0419  data: 0.0625  max mem: 17023
Epoch: [144]  [94/95]  eta: 0:00:01  lr: 0.000100  loss: 0.0048 (0.0052)  loss_CrossEntropy: 0.0048 (0.0052)  time: 1.1992  data: 0.2209  max mem: 17023
Epoch: [144] Total time: 0:02:04 (1.3086 s / it)
Averaged stats: lr: 0.000100  loss: 0.0048 (0.0052)  loss_CrossEntropy: 0.0048 (0.0052)
Test:  [ 0/19]  eta: 0:00:02  loss: 0.2110 (0.2110)  loss_CrossEntropy: 0.2110 (0.2110)  Rv: 0.0000 (0.0000)  Lv: 0.8589 (0.8589)  Myo: 0.6562 (0.6562)  Avg: 0.5050 (0.5050)  time: 0.1364  data: 0.1044  max mem: 17023
Test:  [10/19]  eta: 0:00:01  loss: 0.2089 (0.2094)  loss_CrossEntropy: 0.2089 (0.2094)  Rv: 0.8294 (0.7068)  Lv: 0.9535 (0.9149)  Myo: 0.8348 (0.7925)  Avg: 0.8939 (0.8047)  time: 0.1592  data: 0.1381  max mem: 17023
Test:  [18/19]  eta: 0:00:00  loss: 0.2051 (0.2079)  loss_CrossEntropy: 0.2051 (0.2079)  Rv: 0.6901 (0.6343)  Lv: 0.9170 (0.9066)  Myo: 0.8303 (0.7993)  Avg: 0.8182 (0.7801)  time: 0.3212  data: 0.2912  max mem: 17023
Test: Total time: 0:00:03 (0.1847 s / it)
Averaged stats: loss: 0.2051 (0.2079)  loss_CrossEntropy: 0.2051 (0.2079)  Rv: 0.6901 (0.6343)  Lv: 0.9170 (0.9066)  Myo: 0.8303 (0.7993)  Avg: 0.8182 (0.7801)
dice score: 0.7800975473303544
Update high dice score model!
cutout loss: 0.009870576672255993
original loss: 0.004326030146330595
integrity loss: 0.001276552677154541
invariant loss: 0.014480042271316051
Epoch: [145]  [ 0/95]  eta: 0:01:54  lr: 0.000100  loss: 0.0043 (0.0043)  loss_CrossEntropy: 0.0043 (0.0043)  time: 1.2068  data: 0.1910  max mem: 17023
Epoch: [145]  [10/95]  eta: 0:01:59  lr: 0.000100  loss: 0.0048 (0.0051)  loss_CrossEntropy: 0.0048 (0.0051)  time: 1.4069  data: 0.4222  max mem: 17023
Epoch: [145]  [20/95]  eta: 0:01:36  lr: 0.000100  loss: 0.0045 (0.0048)  loss_CrossEntropy: 0.0045 (0.0048)  time: 1.2834  data: 0.2953  max mem: 17023
Epoch: [145]  [30/95]  eta: 0:01:15  lr: 0.000100  loss: 0.0047 (0.0051)  loss_CrossEntropy: 0.0047 (0.0051)  time: 1.1635  data: 0.1742  max mem: 17023
Epoch: [145]  [40/95]  eta: 0:01:22  lr: 0.000100  loss: 0.0052 (0.0053)  loss_CrossEntropy: 0.0052 (0.0053)  time: 1.5046  data: 0.5089  max mem: 17023
Epoch: [145]  [50/95]  eta: 0:01:01  lr: 0.000100  loss: 0.0049 (0.0052)  loss_CrossEntropy: 0.0049 (0.0052)  time: 1.3651  data: 0.3803  max mem: 17023
Epoch: [145]  [60/95]  eta: 0:00:54  lr: 0.000100  loss: 0.0044 (0.0051)  loss_CrossEntropy: 0.0044 (0.0051)  time: 1.5457  data: 0.5248  max mem: 17023
Epoch: [145]  [70/95]  eta: 0:00:35  lr: 0.000100  loss: 0.0042 (0.0051)  loss_CrossEntropy: 0.0042 (0.0051)  time: 1.4294  data: 0.4472  max mem: 17023
Epoch: [145]  [80/95]  eta: 0:00:16  lr: 0.000100  loss: 0.0046 (0.0052)  loss_CrossEntropy: 0.0046 (0.0052)  time: 1.0856  data: 0.1068  max mem: 17023
Epoch: [145]  [90/95]  eta: 0:00:07  lr: 0.000100  loss: 0.0048 (0.0052)  loss_CrossEntropy: 0.0048 (0.0052)  time: 1.4839  data: 0.5077  max mem: 17023
Epoch: [145]  [94/95]  eta: 0:00:01  lr: 0.000100  loss: 0.0048 (0.0053)  loss_CrossEntropy: 0.0048 (0.0053)  time: 1.2550  data: 0.2709  max mem: 17023
Epoch: [145] Total time: 0:02:05 (1.3211 s / it)
Averaged stats: lr: 0.000100  loss: 0.0048 (0.0053)  loss_CrossEntropy: 0.0048 (0.0053)
Test:  [ 0/19]  eta: 0:00:01  loss: 0.1585 (0.1585)  loss_CrossEntropy: 0.1585 (0.1585)  Rv: 0.0000 (0.0000)  Lv: 0.8509 (0.8509)  Myo: 0.6485 (0.6485)  Avg: 0.4998 (0.4998)  time: 0.0751  data: 0.0547  max mem: 17023
Test:  [10/19]  eta: 0:00:00  loss: 0.1585 (0.1574)  loss_CrossEntropy: 0.1585 (0.1574)  Rv: 0.8451 (0.7255)  Lv: 0.9410 (0.9387)  Myo: 0.8596 (0.8278)  Avg: 0.8872 (0.8307)  time: 0.0625  data: 0.0416  max mem: 17023
Test:  [18/19]  eta: 0:00:00  loss: 0.1579 (0.1563)  loss_CrossEntropy: 0.1579 (0.1563)  Rv: 0.7120 (0.6440)  Lv: 0.9337 (0.9150)  Myo: 0.8277 (0.8172)  Avg: 0.8269 (0.7920)  time: 0.1238  data: 0.1064  max mem: 17023
Test: Total time: 0:00:03 (0.1691 s / it)
Averaged stats: loss: 0.1579 (0.1563)  loss_CrossEntropy: 0.1579 (0.1563)  Rv: 0.7120 (0.6440)  Lv: 0.9337 (0.9150)  Myo: 0.8277 (0.8172)  Avg: 0.8269 (0.7920)
dice score: 0.7920414962266621
Update high dice score model!
cutout loss: 0.011658324860036373
original loss: 0.0032835830934345722
integrity loss: 0.0010607958538457751
invariant loss: 0.018791109323501587
Epoch: [146]  [ 0/95]  eta: 0:01:51  lr: 0.000100  loss: 0.0033 (0.0033)  loss_CrossEntropy: 0.0033 (0.0033)  time: 1.1741  data: 0.1894  max mem: 17023
Epoch: [146]  [10/95]  eta: 0:01:48  lr: 0.000100  loss: 0.0059 (0.0057)  loss_CrossEntropy: 0.0059 (0.0057)  time: 1.2785  data: 0.3059  max mem: 17023
Epoch: [146]  [20/95]  eta: 0:02:01  lr: 0.000100  loss: 0.0059 (0.0061)  loss_CrossEntropy: 0.0059 (0.0061)  time: 1.6189  data: 0.6449  max mem: 17023
Epoch: [146]  [30/95]  eta: 0:01:46  lr: 0.000100  loss: 0.0053 (0.0057)  loss_CrossEntropy: 0.0053 (0.0057)  time: 1.6316  data: 0.6541  max mem: 17023
Epoch: [146]  [40/95]  eta: 0:01:02  lr: 0.000100  loss: 0.0048 (0.0055)  loss_CrossEntropy: 0.0048 (0.0055)  time: 1.1439  data: 0.1592  max mem: 17023
Epoch: [146]  [50/95]  eta: 0:00:52  lr: 0.000100  loss: 0.0047 (0.0054)  loss_CrossEntropy: 0.0047 (0.0054)  time: 1.1656  data: 0.1850  max mem: 17023
Epoch: [146]  [60/95]  eta: 0:00:41  lr: 0.000100  loss: 0.0046 (0.0054)  loss_CrossEntropy: 0.0046 (0.0054)  time: 1.1905  data: 0.2119  max mem: 17023
Epoch: [146]  [70/95]  eta: 0:00:28  lr: 0.000100  loss: 0.0053 (0.0054)  loss_CrossEntropy: 0.0053 (0.0054)  time: 1.1428  data: 0.0870  max mem: 17023
Epoch: [146]  [80/95]  eta: 0:00:18  lr: 0.000100  loss: 0.0048 (0.0053)  loss_CrossEntropy: 0.0048 (0.0053)  time: 1.2356  data: 0.2546  max mem: 17023
Epoch: [146]  [90/95]  eta: 0:00:07  lr: 0.000100  loss: 0.0047 (0.0052)  loss_CrossEntropy: 0.0047 (0.0052)  time: 1.4197  data: 0.4313  max mem: 17023
Epoch: [146]  [94/95]  eta: 0:00:01  lr: 0.000100  loss: 0.0047 (0.0052)  loss_CrossEntropy: 0.0047 (0.0052)  time: 1.2313  data: 0.2387  max mem: 17023
Epoch: [146] Total time: 0:02:02 (1.2891 s / it)
Averaged stats: lr: 0.000100  loss: 0.0047 (0.0052)  loss_CrossEntropy: 0.0047 (0.0052)
Test:  [ 0/19]  eta: 0:00:00  loss: 0.2225 (0.2225)  loss_CrossEntropy: 0.2225 (0.2225)  Rv: 0.0000 (0.0000)  Lv: 0.7417 (0.7417)  Myo: 0.5764 (0.5764)  Avg: 0.4394 (0.4394)  time: 0.0517  data: 0.0312  max mem: 17023
Test:  [10/19]  eta: 0:00:00  loss: 0.2141 (0.2183)  loss_CrossEntropy: 0.2141 (0.2183)  Rv: 0.8633 (0.7165)  Lv: 0.9532 (0.8704)  Myo: 0.8266 (0.7693)  Avg: 0.8752 (0.7854)  time: 0.0599  data: 0.0381  max mem: 17023
Test:  [18/19]  eta: 0:00:00  loss: 0.2123 (0.2164)  loss_CrossEntropy: 0.2123 (0.2164)  Rv: 0.7206 (0.6385)  Lv: 0.9319 (0.8531)  Myo: 0.8266 (0.7655)  Avg: 0.8383 (0.7524)  time: 0.2030  data: 0.1855  max mem: 17023
Test: Total time: 0:00:03 (0.1877 s / it)
Averaged stats: loss: 0.2123 (0.2164)  loss_CrossEntropy: 0.2123 (0.2164)  Rv: 0.7206 (0.6385)  Lv: 0.9319 (0.8531)  Myo: 0.8266 (0.7655)  Avg: 0.8383 (0.7524)
dice score: 0.7523602357036189
Update high dice score model!
cutout loss: 0.019523728638887405
original loss: 0.007481775246560574
integrity loss: 0.0008667350048199296
invariant loss: 0.016816675662994385
Epoch: [147]  [ 0/95]  eta: 0:02:18  lr: 0.000100  loss: 0.0075 (0.0075)  loss_CrossEntropy: 0.0075 (0.0075)  time: 1.4630  data: 0.4886  max mem: 17023
Epoch: [147]  [10/95]  eta: 0:01:47  lr: 0.000100  loss: 0.0051 (0.0062)  loss_CrossEntropy: 0.0051 (0.0062)  time: 1.2651  data: 0.2809  max mem: 17023
Epoch: [147]  [20/95]  eta: 0:01:47  lr: 0.000100  loss: 0.0051 (0.0057)  loss_CrossEntropy: 0.0051 (0.0057)  time: 1.4281  data: 0.4420  max mem: 17023
Epoch: [147]  [30/95]  eta: 0:01:30  lr: 0.000100  loss: 0.0053 (0.0057)  loss_CrossEntropy: 0.0053 (0.0057)  time: 1.3936  data: 0.4081  max mem: 17023
Epoch: [147]  [40/95]  eta: 0:01:24  lr: 0.000100  loss: 0.0044 (0.0052)  loss_CrossEntropy: 0.0044 (0.0052)  time: 1.5340  data: 0.5528  max mem: 17023
Epoch: [147]  [50/95]  eta: 0:00:55  lr: 0.000100  loss: 0.0043 (0.0052)  loss_CrossEntropy: 0.0043 (0.0052)  time: 1.2402  data: 0.2303  max mem: 17023
Epoch: [147]  [60/95]  eta: 0:00:50  lr: 0.000100  loss: 0.0048 (0.0052)  loss_CrossEntropy: 0.0048 (0.0052)  time: 1.4417  data: 0.4696  max mem: 17023
Epoch: [147]  [70/95]  eta: 0:00:31  lr: 0.000100  loss: 0.0047 (0.0051)  loss_CrossEntropy: 0.0047 (0.0051)  time: 1.2546  data: 0.2685  max mem: 17023
Epoch: [147]  [80/95]  eta: 0:00:19  lr: 0.000100  loss: 0.0048 (0.0052)  loss_CrossEntropy: 0.0048 (0.0052)  time: 1.3317  data: 0.3434  max mem: 17023
Epoch: [147]  [90/95]  eta: 0:00:06  lr: 0.000100  loss: 0.0048 (0.0052)  loss_CrossEntropy: 0.0048 (0.0052)  time: 1.2372  data: 0.2578  max mem: 17023
Epoch: [147]  [94/95]  eta: 0:00:01  lr: 0.000100  loss: 0.0048 (0.0052)  loss_CrossEntropy: 0.0048 (0.0052)  time: 1.3345  data: 0.2969  max mem: 17023
Epoch: [147] Total time: 0:02:06 (1.3266 s / it)
Averaged stats: lr: 0.000100  loss: 0.0048 (0.0052)  loss_CrossEntropy: 0.0048 (0.0052)
Test:  [ 0/19]  eta: 0:00:04  loss: 0.2134 (0.2134)  loss_CrossEntropy: 0.2134 (0.2134)  Rv: 0.0000 (0.0000)  Lv: 0.8469 (0.8469)  Myo: 0.6588 (0.6588)  Avg: 0.5019 (0.5019)  time: 0.2175  data: 0.1969  max mem: 17023
Test:  [10/19]  eta: 0:00:02  loss: 0.2128 (0.2135)  loss_CrossEntropy: 0.2128 (0.2135)  Rv: 0.8512 (0.7046)  Lv: 0.9484 (0.9319)  Myo: 0.8402 (0.7960)  Avg: 0.8865 (0.8108)  time: 0.2758  data: 0.2547  max mem: 17023
Test:  [18/19]  eta: 0:00:00  loss: 0.2134 (0.2147)  loss_CrossEntropy: 0.2134 (0.2147)  Rv: 0.6627 (0.6259)  Lv: 0.8987 (0.9087)  Myo: 0.8307 (0.8004)  Avg: 0.8010 (0.7784)  time: 0.0366  data: 0.0189  max mem: 17023
Test: Total time: 0:00:03 (0.1705 s / it)
Averaged stats: loss: 0.2134 (0.2147)  loss_CrossEntropy: 0.2134 (0.2147)  Rv: 0.6627 (0.6259)  Lv: 0.8987 (0.9087)  Myo: 0.8307 (0.8004)  Avg: 0.8010 (0.7784)
dice score: 0.7783707129327875
Update high dice score model!
cutout loss: 0.014896835200488567
original loss: 0.004403211176395416
integrity loss: 0.001743364380672574
invariant loss: 0.014014417305588722
Epoch: [148]  [ 0/95]  eta: 0:02:34  lr: 0.000100  loss: 0.0044 (0.0044)  loss_CrossEntropy: 0.0044 (0.0044)  time: 1.6233  data: 0.6465  max mem: 17023
Epoch: [148]  [10/95]  eta: 0:01:58  lr: 0.000100  loss: 0.0046 (0.0050)  loss_CrossEntropy: 0.0046 (0.0050)  time: 1.3895  data: 0.4066  max mem: 17023
Epoch: [148]  [20/95]  eta: 0:01:16  lr: 0.000100  loss: 0.0045 (0.0048)  loss_CrossEntropy: 0.0045 (0.0048)  time: 1.0216  data: 0.0474  max mem: 17023
Epoch: [148]  [30/95]  eta: 0:01:12  lr: 0.000100  loss: 0.0043 (0.0048)  loss_CrossEntropy: 0.0043 (0.0048)  time: 1.1202  data: 0.1414  max mem: 17023
Epoch: [148]  [40/95]  eta: 0:01:27  lr: 0.000100  loss: 0.0047 (0.0049)  loss_CrossEntropy: 0.0047 (0.0049)  time: 1.5855  data: 0.6107  max mem: 17023
Epoch: [148]  [50/95]  eta: 0:00:51  lr: 0.000100  loss: 0.0051 (0.0051)  loss_CrossEntropy: 0.0051 (0.0051)  time: 1.1398  data: 0.1578  max mem: 17023
Epoch: [148]  [60/95]  eta: 0:00:38  lr: 0.000100  loss: 0.0046 (0.0050)  loss_CrossEntropy: 0.0046 (0.0050)  time: 1.0937  data: 0.1071  max mem: 17023
Epoch: [148]  [70/95]  eta: 0:00:41  lr: 0.000100  loss: 0.0041 (0.0051)  loss_CrossEntropy: 0.0041 (0.0051)  time: 1.6719  data: 0.6939  max mem: 17023
Epoch: [148]  [80/95]  eta: 0:00:21  lr: 0.000100  loss: 0.0042 (0.0050)  loss_CrossEntropy: 0.0042 (0.0050)  time: 1.4126  data: 0.4171  max mem: 17023
Epoch: [148]  [90/95]  eta: 0:00:06  lr: 0.000100  loss: 0.0049 (0.0051)  loss_CrossEntropy: 0.0049 (0.0051)  time: 1.2231  data: 0.2476  max mem: 17023
Epoch: [148]  [94/95]  eta: 0:00:01  lr: 0.000100  loss: 0.0051 (0.0051)  loss_CrossEntropy: 0.0051 (0.0051)  time: 1.2124  data: 0.2249  max mem: 17023
Epoch: [148] Total time: 0:02:02 (1.2931 s / it)
Averaged stats: lr: 0.000100  loss: 0.0051 (0.0051)  loss_CrossEntropy: 0.0051 (0.0051)
Test:  [ 0/19]  eta: 0:00:01  loss: 0.2213 (0.2213)  loss_CrossEntropy: 0.2213 (0.2213)  Rv: 0.0000 (0.0000)  Lv: 0.8358 (0.8358)  Myo: 0.6447 (0.6447)  Avg: 0.4935 (0.4935)  time: 0.0577  data: 0.0368  max mem: 17023
Test:  [10/19]  eta: 0:00:00  loss: 0.2238 (0.2253)  loss_CrossEntropy: 0.2238 (0.2253)  Rv: 0.7828 (0.6991)  Lv: 0.9446 (0.9095)  Myo: 0.8307 (0.8035)  Avg: 0.8713 (0.8041)  time: 0.0402  data: 0.0193  max mem: 17023
Test:  [18/19]  eta: 0:00:00  loss: 0.2213 (0.2235)  loss_CrossEntropy: 0.2213 (0.2235)  Rv: 0.6574 (0.6243)  Lv: 0.9276 (0.9035)  Myo: 0.8307 (0.8097)  Avg: 0.8052 (0.7792)  time: 0.2819  data: 0.2515  max mem: 17023
Test: Total time: 0:00:03 (0.1837 s / it)
Averaged stats: loss: 0.2213 (0.2235)  loss_CrossEntropy: 0.2213 (0.2235)  Rv: 0.6574 (0.6243)  Lv: 0.9276 (0.9035)  Myo: 0.8307 (0.8097)  Avg: 0.8052 (0.7792)
dice score: 0.7791823038929387
Update high dice score model!
cutout loss: 0.016193578019738197
original loss: 0.007101501803845167
integrity loss: 0.0011157274711877108
invariant loss: 0.014340675435960293
Epoch: [149]  [ 0/95]  eta: 0:01:36  lr: 0.000100  loss: 0.0071 (0.0071)  loss_CrossEntropy: 0.0071 (0.0071)  time: 1.0108  data: 0.0328  max mem: 17023
Epoch: [149]  [10/95]  eta: 0:01:29  lr: 0.000100  loss: 0.0047 (0.0052)  loss_CrossEntropy: 0.0047 (0.0052)  time: 1.0533  data: 0.0757  max mem: 17023
Epoch: [149]  [20/95]  eta: 0:01:38  lr: 0.000100  loss: 0.0051 (0.0055)  loss_CrossEntropy: 0.0051 (0.0055)  time: 1.3069  data: 0.3287  max mem: 17023
Epoch: [149]  [30/95]  eta: 0:01:18  lr: 0.000100  loss: 0.0041 (0.0050)  loss_CrossEntropy: 0.0041 (0.0050)  time: 1.2143  data: 0.2237  max mem: 17023
Epoch: [149]  [40/95]  eta: 0:01:15  lr: 0.000100  loss: 0.0041 (0.0052)  loss_CrossEntropy: 0.0041 (0.0052)  time: 1.3737  data: 0.3921  max mem: 17023
Epoch: [149]  [50/95]  eta: 0:01:00  lr: 0.000100  loss: 0.0047 (0.0052)  loss_CrossEntropy: 0.0047 (0.0052)  time: 1.3479  data: 0.3660  max mem: 17023
Epoch: [149]  [60/95]  eta: 0:00:35  lr: 0.000100  loss: 0.0049 (0.0052)  loss_CrossEntropy: 0.0049 (0.0052)  time: 1.0164  data: 0.0352  max mem: 17023
Epoch: [149]  [70/95]  eta: 0:00:39  lr: 0.000100  loss: 0.0053 (0.0052)  loss_CrossEntropy: 0.0053 (0.0052)  time: 1.5960  data: 0.6126  max mem: 17023
Epoch: [149]  [80/95]  eta: 0:00:23  lr: 0.000100  loss: 0.0052 (0.0052)  loss_CrossEntropy: 0.0052 (0.0052)  time: 1.5857  data: 0.5959  max mem: 17023
Epoch: [149]  [90/95]  eta: 0:00:08  lr: 0.000100  loss: 0.0050 (0.0052)  loss_CrossEntropy: 0.0050 (0.0052)  time: 1.6245  data: 0.6476  max mem: 17023
Epoch: [149]  [94/95]  eta: 0:00:01  lr: 0.000100  loss: 0.0052 (0.0052)  loss_CrossEntropy: 0.0052 (0.0052)  time: 1.3439  data: 0.3519  max mem: 17023
Epoch: [149] Total time: 0:02:06 (1.3316 s / it)
Averaged stats: lr: 0.000100  loss: 0.0052 (0.0052)  loss_CrossEntropy: 0.0052 (0.0052)
Test:  [ 0/19]  eta: 0:00:05  loss: 0.2144 (0.2144)  loss_CrossEntropy: 0.2144 (0.2144)  Rv: 0.0000 (0.0000)  Lv: 0.7038 (0.7038)  Myo: 0.5767 (0.5767)  Avg: 0.4268 (0.4268)  time: 0.3156  data: 0.2948  max mem: 17023
Test:  [10/19]  eta: 0:00:03  loss: 0.2082 (0.2091)  loss_CrossEntropy: 0.2082 (0.2091)  Rv: 0.8207 (0.6940)  Lv: 0.9465 (0.8849)  Myo: 0.8424 (0.7875)  Avg: 0.8775 (0.7888)  time: 0.3655  data: 0.3445  max mem: 17023
Test:  [18/19]  eta: 0:00:00  loss: 0.2079 (0.2102)  loss_CrossEntropy: 0.2079 (0.2102)  Rv: 0.7025 (0.6142)  Lv: 0.9265 (0.8836)  Myo: 0.8274 (0.7899)  Avg: 0.8324 (0.7626)  time: 0.0325  data: 0.0151  max mem: 17023
Test: Total time: 0:00:02 (0.1119 s / it)
Averaged stats: loss: 0.2079 (0.2102)  loss_CrossEntropy: 0.2079 (0.2102)  Rv: 0.7025 (0.6142)  Lv: 0.9265 (0.8836)  Myo: 0.8274 (0.7899)  Avg: 0.8324 (0.7626)
dice score: 0.7625690353544134
Update high dice score model!
cutout loss: 0.010615508072078228
original loss: 0.0031978862825781107
integrity loss: 0.0013750374782830477
invariant loss: 0.01470301765948534
Epoch: [150]  [ 0/95]  eta: 0:01:47  lr: 0.000100  loss: 0.0032 (0.0032)  loss_CrossEntropy: 0.0032 (0.0032)  time: 1.1354  data: 0.1519  max mem: 17023
Epoch: [150]  [10/95]  eta: 0:01:42  lr: 0.000100  loss: 0.0044 (0.0049)  loss_CrossEntropy: 0.0044 (0.0049)  time: 1.2002  data: 0.2182  max mem: 17023
Epoch: [150]  [20/95]  eta: 0:01:25  lr: 0.000100  loss: 0.0044 (0.0048)  loss_CrossEntropy: 0.0044 (0.0048)  time: 1.1343  data: 0.1594  max mem: 17023
Epoch: [150]  [30/95]  eta: 0:01:13  lr: 0.000100  loss: 0.0047 (0.0049)  loss_CrossEntropy: 0.0047 (0.0049)  time: 1.1327  data: 0.1472  max mem: 17023
Epoch: [150]  [40/95]  eta: 0:01:17  lr: 0.000100  loss: 0.0055 (0.0051)  loss_CrossEntropy: 0.0055 (0.0051)  time: 1.4001  data: 0.3813  max mem: 17023
Epoch: [150]  [50/95]  eta: 0:00:51  lr: 0.000100  loss: 0.0055 (0.0051)  loss_CrossEntropy: 0.0055 (0.0051)  time: 1.1511  data: 0.1192  max mem: 17023
Epoch: [150]  [60/95]  eta: 0:00:53  lr: 0.000100  loss: 0.0047 (0.0051)  loss_CrossEntropy: 0.0047 (0.0051)  time: 1.5196  data: 0.5371  max mem: 17023
Epoch: [150]  [70/95]  eta: 0:00:29  lr: 0.000100  loss: 0.0049 (0.0051)  loss_CrossEntropy: 0.0049 (0.0051)  time: 1.1757  data: 0.1904  max mem: 17023
Epoch: [150]  [80/95]  eta: 0:00:18  lr: 0.000100  loss: 0.0046 (0.0050)  loss_CrossEntropy: 0.0046 (0.0050)  time: 1.2346  data: 0.2497  max mem: 17023
Epoch: [150]  [90/95]  eta: 0:00:05  lr: 0.000100  loss: 0.0040 (0.0049)  loss_CrossEntropy: 0.0040 (0.0049)  time: 1.0098  data: 0.0301  max mem: 17023
Epoch: [150]  [94/95]  eta: 0:00:01  lr: 0.000100  loss: 0.0041 (0.0050)  loss_CrossEntropy: 0.0041 (0.0050)  time: 1.2897  data: 0.3100  max mem: 17023
Epoch: [150] Total time: 0:02:05 (1.3170 s / it)
Averaged stats: lr: 0.000100  loss: 0.0041 (0.0050)  loss_CrossEntropy: 0.0041 (0.0050)
Test:  [ 0/19]  eta: 0:00:02  loss: 0.2141 (0.2141)  loss_CrossEntropy: 0.2141 (0.2141)  Rv: 0.0000 (0.0000)  Lv: 0.8359 (0.8359)  Myo: 0.6338 (0.6338)  Avg: 0.4899 (0.4899)  time: 0.1404  data: 0.1198  max mem: 17023
Test:  [10/19]  eta: 0:00:01  loss: 0.2141 (0.2120)  loss_CrossEntropy: 0.2141 (0.2120)  Rv: 0.8524 (0.7236)  Lv: 0.9496 (0.9010)  Myo: 0.8222 (0.7729)  Avg: 0.8862 (0.7992)  time: 0.1547  data: 0.1331  max mem: 17023
Test:  [18/19]  eta: 0:00:00  loss: 0.2088 (0.2090)  loss_CrossEntropy: 0.2088 (0.2090)  Rv: 0.7012 (0.6407)  Lv: 0.9277 (0.9029)  Myo: 0.8195 (0.7877)  Avg: 0.8392 (0.7771)  time: 0.2108  data: 0.1928  max mem: 17023
Test: Total time: 0:00:03 (0.1902 s / it)
Averaged stats: loss: 0.2088 (0.2090)  loss_CrossEntropy: 0.2088 (0.2090)  Rv: 0.7012 (0.6407)  Lv: 0.9277 (0.9029)  Myo: 0.8195 (0.7877)  Avg: 0.8392 (0.7771)
dice score: 0.7770781705254003
Update high dice score model!
cutout loss: 0.00379333458840847
original loss: 0.0033999355509877205
integrity loss: 0.0010766685009002686
invariant loss: 0.014482039026916027
Epoch: [151]  [ 0/95]  eta: 0:01:38  lr: 0.000100  loss: 0.0034 (0.0034)  loss_CrossEntropy: 0.0034 (0.0034)  time: 1.0346  data: 0.0527  max mem: 17023
Epoch: [151]  [10/95]  eta: 0:01:53  lr: 0.000100  loss: 0.0034 (0.0041)  loss_CrossEntropy: 0.0034 (0.0041)  time: 1.3391  data: 0.2864  max mem: 17023
Epoch: [151]  [20/95]  eta: 0:01:49  lr: 0.000100  loss: 0.0038 (0.0043)  loss_CrossEntropy: 0.0038 (0.0043)  time: 1.4653  data: 0.4748  max mem: 17023
Epoch: [151]  [30/95]  eta: 0:01:22  lr: 0.000100  loss: 0.0045 (0.0048)  loss_CrossEntropy: 0.0045 (0.0048)  time: 1.2667  data: 0.2767  max mem: 17023
Epoch: [151]  [40/95]  eta: 0:01:26  lr: 0.000100  loss: 0.0045 (0.0047)  loss_CrossEntropy: 0.0045 (0.0047)  time: 1.5727  data: 0.5954  max mem: 17023
Epoch: [151]  [50/95]  eta: 0:00:55  lr: 0.000100  loss: 0.0045 (0.0048)  loss_CrossEntropy: 0.0045 (0.0048)  time: 1.2295  data: 0.2405  max mem: 17023
Epoch: [151]  [60/95]  eta: 0:00:45  lr: 0.000100  loss: 0.0048 (0.0048)  loss_CrossEntropy: 0.0048 (0.0048)  time: 1.3102  data: 0.3034  max mem: 17023
Epoch: [151]  [70/95]  eta: 0:00:30  lr: 0.000100  loss: 0.0042 (0.0047)  loss_CrossEntropy: 0.0042 (0.0047)  time: 1.2372  data: 0.2525  max mem: 17023
Epoch: [151]  [80/95]  eta: 0:00:19  lr: 0.000100  loss: 0.0045 (0.0047)  loss_CrossEntropy: 0.0045 (0.0047)  time: 1.2808  data: 0.3033  max mem: 17023
Epoch: [151]  [90/95]  eta: 0:00:05  lr: 0.000100  loss: 0.0047 (0.0048)  loss_CrossEntropy: 0.0047 (0.0048)  time: 1.0049  data: 0.0276  max mem: 17023
Epoch: [151]  [94/95]  eta: 0:00:01  lr: 0.000100  loss: 0.0048 (0.0048)  loss_CrossEntropy: 0.0048 (0.0048)  time: 1.4358  data: 0.4621  max mem: 17023
Epoch: [151] Total time: 0:02:03 (1.3018 s / it)
Averaged stats: lr: 0.000100  loss: 0.0048 (0.0048)  loss_CrossEntropy: 0.0048 (0.0048)
Test:  [ 0/19]  eta: 0:00:06  loss: 0.1962 (0.1962)  loss_CrossEntropy: 0.1962 (0.1962)  Rv: 0.0000 (0.0000)  Lv: 0.8585 (0.8585)  Myo: 0.6493 (0.6493)  Avg: 0.5026 (0.5026)  time: 0.3253  data: 0.2915  max mem: 17023
Test:  [10/19]  eta: 0:00:00  loss: 0.1891 (0.1898)  loss_CrossEntropy: 0.1891 (0.1898)  Rv: 0.8814 (0.7243)  Lv: 0.9400 (0.9213)  Myo: 0.8505 (0.8171)  Avg: 0.8943 (0.8209)  time: 0.0391  data: 0.0191  max mem: 17023
Test:  [18/19]  eta: 0:00:00  loss: 0.1891 (0.1892)  loss_CrossEntropy: 0.1891 (0.1892)  Rv: 0.7082 (0.6421)  Lv: 0.9335 (0.9127)  Myo: 0.8429 (0.8194)  Avg: 0.8230 (0.7914)  time: 0.0709  data: 0.0530  max mem: 17023
Test: Total time: 0:00:02 (0.1340 s / it)
Averaged stats: loss: 0.1891 (0.1892)  loss_CrossEntropy: 0.1891 (0.1892)  Rv: 0.7082 (0.6421)  Lv: 0.9335 (0.9127)  Myo: 0.8429 (0.8194)  Avg: 0.8230 (0.7914)
dice score: 0.7914169022911474
Update high dice score model!
cutout loss: 0.022927407175302505
original loss: 0.0031988935079425573
integrity loss: 0.0009202182409353554
invariant loss: 0.013224965892732143
Epoch: [152]  [ 0/95]  eta: 0:02:10  lr: 0.000100  loss: 0.0032 (0.0032)  loss_CrossEntropy: 0.0032 (0.0032)  time: 1.3685  data: 0.3893  max mem: 17023
Epoch: [152]  [10/95]  eta: 0:01:53  lr: 0.000100  loss: 0.0041 (0.0045)  loss_CrossEntropy: 0.0041 (0.0045)  time: 1.3360  data: 0.3441  max mem: 17023
Epoch: [152]  [20/95]  eta: 0:01:55  lr: 0.000100  loss: 0.0043 (0.0047)  loss_CrossEntropy: 0.0043 (0.0047)  time: 1.5424  data: 0.5568  max mem: 17023
Epoch: [152]  [30/95]  eta: 0:01:34  lr: 0.000100  loss: 0.0046 (0.0048)  loss_CrossEntropy: 0.0046 (0.0048)  time: 1.4526  data: 0.4482  max mem: 17023
Epoch: [152]  [40/95]  eta: 0:01:03  lr: 0.000100  loss: 0.0040 (0.0047)  loss_CrossEntropy: 0.0040 (0.0047)  time: 1.1552  data: 0.1360  max mem: 17023
Epoch: [152]  [50/95]  eta: 0:00:57  lr: 0.000100  loss: 0.0039 (0.0046)  loss_CrossEntropy: 0.0039 (0.0046)  time: 1.2856  data: 0.3054  max mem: 17023
Epoch: [152]  [60/95]  eta: 0:00:36  lr: 0.000100  loss: 0.0050 (0.0048)  loss_CrossEntropy: 0.0050 (0.0048)  time: 1.0442  data: 0.0338  max mem: 17023
Epoch: [152]  [70/95]  eta: 0:00:35  lr: 0.000100  loss: 0.0051 (0.0048)  loss_CrossEntropy: 0.0051 (0.0048)  time: 1.4235  data: 0.4269  max mem: 17023
Epoch: [152]  [80/95]  eta: 0:00:18  lr: 0.000100  loss: 0.0045 (0.0048)  loss_CrossEntropy: 0.0045 (0.0048)  time: 1.2332  data: 0.2372  max mem: 17023
Epoch: [152]  [90/95]  eta: 0:00:05  lr: 0.000100  loss: 0.0042 (0.0047)  loss_CrossEntropy: 0.0042 (0.0047)  time: 1.0291  data: 0.0469  max mem: 17023
Epoch: [152]  [94/95]  eta: 0:00:01  lr: 0.000100  loss: 0.0040 (0.0049)  loss_CrossEntropy: 0.0040 (0.0049)  time: 1.0164  data: 0.0454  max mem: 17023
Epoch: [152] Total time: 0:02:06 (1.3308 s / it)
Averaged stats: lr: 0.000100  loss: 0.0040 (0.0049)  loss_CrossEntropy: 0.0040 (0.0049)
Test:  [ 0/19]  eta: 0:00:07  loss: 0.2095 (0.2095)  loss_CrossEntropy: 0.2095 (0.2095)  Rv: 0.0000 (0.0000)  Lv: 0.7009 (0.7009)  Myo: 0.6198 (0.6198)  Avg: 0.4402 (0.4402)  time: 0.3936  data: 0.3604  max mem: 17023
Test:  [10/19]  eta: 0:00:00  loss: 0.2176 (0.2199)  loss_CrossEntropy: 0.2176 (0.2199)  Rv: 0.7312 (0.6635)  Lv: 0.9448 (0.8943)  Myo: 0.8402 (0.7929)  Avg: 0.8392 (0.7836)  time: 0.0988  data: 0.0778  max mem: 17023
Test:  [18/19]  eta: 0:00:00  loss: 0.2176 (0.2198)  loss_CrossEntropy: 0.2176 (0.2198)  Rv: 0.6820 (0.5993)  Lv: 0.9122 (0.8826)  Myo: 0.8104 (0.7835)  Avg: 0.7612 (0.7551)  time: 0.0358  data: 0.0184  max mem: 17023
Test: Total time: 0:00:02 (0.1523 s / it)
Averaged stats: loss: 0.2176 (0.2198)  loss_CrossEntropy: 0.2176 (0.2198)  Rv: 0.6820 (0.5993)  Lv: 0.9122 (0.8826)  Myo: 0.8104 (0.7835)  Avg: 0.7612 (0.7551)
dice score: 0.755128225213603
Update high dice score model!
cutout loss: 0.007765349466353655
original loss: 0.004396229982376099
integrity loss: 0.0008493185159750283
invariant loss: 0.013625097461044788
Epoch: [153]  [ 0/95]  eta: 0:02:24  lr: 0.000100  loss: 0.0044 (0.0044)  loss_CrossEntropy: 0.0044 (0.0044)  time: 1.5241  data: 0.5201  max mem: 17023
Epoch: [153]  [10/95]  eta: 0:01:38  lr: 0.000100  loss: 0.0044 (0.0053)  loss_CrossEntropy: 0.0044 (0.0053)  time: 1.1610  data: 0.1776  max mem: 17023
Epoch: [153]  [20/95]  eta: 0:01:34  lr: 0.000100  loss: 0.0043 (0.0047)  loss_CrossEntropy: 0.0043 (0.0047)  time: 1.2621  data: 0.2756  max mem: 17023
Epoch: [153]  [30/95]  eta: 0:01:11  lr: 0.000100  loss: 0.0045 (0.0047)  loss_CrossEntropy: 0.0045 (0.0047)  time: 1.1046  data: 0.1199  max mem: 17023
Epoch: [153]  [40/95]  eta: 0:01:06  lr: 0.000100  loss: 0.0051 (0.0048)  loss_CrossEntropy: 0.0051 (0.0048)  time: 1.2082  data: 0.1691  max mem: 17023
Epoch: [153]  [50/95]  eta: 0:00:54  lr: 0.000100  loss: 0.0051 (0.0049)  loss_CrossEntropy: 0.0051 (0.0049)  time: 1.2143  data: 0.2187  max mem: 17023
Epoch: [153]  [60/95]  eta: 0:00:47  lr: 0.000100  loss: 0.0050 (0.0050)  loss_CrossEntropy: 0.0050 (0.0050)  time: 1.3687  data: 0.3881  max mem: 17023
Epoch: [153]  [70/95]  eta: 0:00:35  lr: 0.000100  loss: 0.0053 (0.0052)  loss_CrossEntropy: 0.0053 (0.0052)  time: 1.4388  data: 0.4511  max mem: 17023
Epoch: [153]  [80/95]  eta: 0:00:16  lr: 0.000100  loss: 0.0048 (0.0051)  loss_CrossEntropy: 0.0048 (0.0051)  time: 1.0732  data: 0.1036  max mem: 17023
Epoch: [153]  [90/95]  eta: 0:00:07  lr: 0.000100  loss: 0.0041 (0.0050)  loss_CrossEntropy: 0.0041 (0.0050)  time: 1.4067  data: 0.3946  max mem: 17023
Epoch: [153]  [94/95]  eta: 0:00:01  lr: 0.000100  loss: 0.0040 (0.0049)  loss_CrossEntropy: 0.0040 (0.0049)  time: 1.4484  data: 0.4589  max mem: 17023
Epoch: [153] Total time: 0:02:04 (1.3119 s / it)
Averaged stats: lr: 0.000100  loss: 0.0040 (0.0049)  loss_CrossEntropy: 0.0040 (0.0049)
Test:  [ 0/19]  eta: 0:00:00  loss: 0.1909 (0.1909)  loss_CrossEntropy: 0.1909 (0.1909)  Rv: 0.0000 (0.0000)  Lv: 0.8237 (0.8237)  Myo: 0.6126 (0.6126)  Avg: 0.4787 (0.4787)  time: 0.0526  data: 0.0319  max mem: 17023
Test:  [10/19]  eta: 0:00:00  loss: 0.1914 (0.1966)  loss_CrossEntropy: 0.1914 (0.1966)  Rv: 0.8377 (0.7055)  Lv: 0.9506 (0.9349)  Myo: 0.8650 (0.8221)  Avg: 0.8892 (0.8208)  time: 0.0441  data: 0.0238  max mem: 17023
Test:  [18/19]  eta: 0:00:00  loss: 0.1930 (0.1976)  loss_CrossEntropy: 0.1930 (0.1976)  Rv: 0.6921 (0.6308)  Lv: 0.9238 (0.9161)  Myo: 0.8314 (0.8211)  Avg: 0.8056 (0.7893)  time: 0.3117  data: 0.2804  max mem: 17023
Test: Total time: 0:00:02 (0.1576 s / it)
Averaged stats: loss: 0.1930 (0.1976)  loss_CrossEntropy: 0.1930 (0.1976)  Rv: 0.6921 (0.6308)  Lv: 0.9238 (0.9161)  Myo: 0.8314 (0.8211)  Avg: 0.8056 (0.7893)
dice score: 0.7893459326342532
Update high dice score model!
cutout loss: 0.01617623120546341
original loss: 0.00872104987502098
integrity loss: 0.0012413024669513106
invariant loss: 0.006629628129303455
Epoch: [154]  [ 0/95]  eta: 0:01:37  lr: 0.000100  loss: 0.0087 (0.0087)  loss_CrossEntropy: 0.0087 (0.0087)  time: 1.0295  data: 0.0259  max mem: 17023
Epoch: [154]  [10/95]  eta: 0:02:10  lr: 0.000100  loss: 0.0043 (0.0049)  loss_CrossEntropy: 0.0043 (0.0049)  time: 1.5376  data: 0.5643  max mem: 17023
Epoch: [154]  [20/95]  eta: 0:01:48  lr: 0.000100  loss: 0.0049 (0.0051)  loss_CrossEntropy: 0.0049 (0.0051)  time: 1.4437  data: 0.4399  max mem: 17023
Epoch: [154]  [30/95]  eta: 0:01:11  lr: 0.000100  loss: 0.0050 (0.0050)  loss_CrossEntropy: 0.0050 (0.0050)  time: 1.0953  data: 0.1166  max mem: 17023
Epoch: [154]  [40/95]  eta: 0:01:11  lr: 0.000100  loss: 0.0047 (0.0051)  loss_CrossEntropy: 0.0047 (0.0051)  time: 1.2983  data: 0.3221  max mem: 17023
Epoch: [154]  [50/95]  eta: 0:00:45  lr: 0.000100  loss: 0.0045 (0.0051)  loss_CrossEntropy: 0.0045 (0.0051)  time: 1.0145  data: 0.0292  max mem: 17023
Epoch: [154]  [60/95]  eta: 0:00:38  lr: 0.000100  loss: 0.0042 (0.0049)  loss_CrossEntropy: 0.0042 (0.0049)  time: 1.1118  data: 0.1248  max mem: 17023
Epoch: [154]  [70/95]  eta: 0:00:26  lr: 0.000100  loss: 0.0042 (0.0050)  loss_CrossEntropy: 0.0042 (0.0050)  time: 1.0644  data: 0.0930  max mem: 17023
Epoch: [154]  [80/95]  eta: 0:00:18  lr: 0.000100  loss: 0.0048 (0.0050)  loss_CrossEntropy: 0.0048 (0.0050)  time: 1.2280  data: 0.2458  max mem: 17023
Epoch: [154]  [90/95]  eta: 0:00:07  lr: 0.000100  loss: 0.0045 (0.0049)  loss_CrossEntropy: 0.0045 (0.0049)  time: 1.5382  data: 0.5050  max mem: 17023
Epoch: [154]  [94/95]  eta: 0:00:01  lr: 0.000100  loss: 0.0042 (0.0049)  loss_CrossEntropy: 0.0042 (0.0049)  time: 1.3751  data: 0.3897  max mem: 17023
Epoch: [154] Total time: 0:02:06 (1.3320 s / it)
Averaged stats: lr: 0.000100  loss: 0.0042 (0.0049)  loss_CrossEntropy: 0.0042 (0.0049)
Test:  [ 0/19]  eta: 0:00:00  loss: 0.1962 (0.1962)  loss_CrossEntropy: 0.1962 (0.1962)  Rv: 0.0000 (0.0000)  Lv: 0.8299 (0.8299)  Myo: 0.6340 (0.6340)  Avg: 0.4879 (0.4879)  time: 0.0492  data: 0.0289  max mem: 17023
Test:  [10/19]  eta: 0:00:01  loss: 0.1925 (0.1930)  loss_CrossEntropy: 0.1925 (0.1930)  Rv: 0.8558 (0.7371)  Lv: 0.9525 (0.9329)  Myo: 0.8343 (0.7981)  Avg: 0.8903 (0.8227)  time: 0.1953  data: 0.1743  max mem: 17023
Test:  [18/19]  eta: 0:00:00  loss: 0.1894 (0.1843)  loss_CrossEntropy: 0.1894 (0.1843)  Rv: 0.6886 (0.6513)  Lv: 0.9312 (0.9144)  Myo: 0.8197 (0.7993)  Avg: 0.8124 (0.7883)  time: 0.2365  data: 0.1873  max mem: 17023
Test: Total time: 0:00:03 (0.1837 s / it)
Averaged stats: loss: 0.1894 (0.1843)  loss_CrossEntropy: 0.1894 (0.1843)  Rv: 0.6886 (0.6513)  Lv: 0.9312 (0.9144)  Myo: 0.8197 (0.7993)  Avg: 0.8124 (0.7883)
dice score: 0.7883233584855732
Update high dice score model!
cutout loss: 0.012518790550529957
original loss: 0.0034806467592716217
integrity loss: 0.0009267449495382607
invariant loss: 0.009053242392838001
Epoch: [155]  [ 0/95]  eta: 0:02:01  lr: 0.000100  loss: 0.0035 (0.0035)  loss_CrossEntropy: 0.0035 (0.0035)  time: 1.2807  data: 0.2230  max mem: 17023
Epoch: [155]  [10/95]  eta: 0:01:50  lr: 0.000100  loss: 0.0049 (0.0051)  loss_CrossEntropy: 0.0049 (0.0051)  time: 1.3019  data: 0.2916  max mem: 17023
Epoch: [155]  [20/95]  eta: 0:01:15  lr: 0.000100  loss: 0.0047 (0.0048)  loss_CrossEntropy: 0.0047 (0.0048)  time: 1.0074  data: 0.0283  max mem: 17023
Epoch: [155]  [30/95]  eta: 0:01:18  lr: 0.000100  loss: 0.0047 (0.0049)  loss_CrossEntropy: 0.0047 (0.0049)  time: 1.2113  data: 0.2392  max mem: 17023
Epoch: [155]  [40/95]  eta: 0:01:03  lr: 0.000100  loss: 0.0040 (0.0047)  loss_CrossEntropy: 0.0040 (0.0047)  time: 1.1512  data: 0.1621  max mem: 17023
Epoch: [155]  [50/95]  eta: 0:01:13  lr: 0.000100  loss: 0.0038 (0.0046)  loss_CrossEntropy: 0.0038 (0.0046)  time: 1.6413  data: 0.6575  max mem: 17023
Epoch: [155]  [60/95]  eta: 0:00:46  lr: 0.000100  loss: 0.0046 (0.0047)  loss_CrossEntropy: 0.0046 (0.0047)  time: 1.3317  data: 0.3431  max mem: 17023
Epoch: [155]  [70/95]  eta: 0:00:27  lr: 0.000100  loss: 0.0047 (0.0047)  loss_CrossEntropy: 0.0047 (0.0047)  time: 1.0907  data: 0.0945  max mem: 17023
Epoch: [155]  [80/95]  eta: 0:00:25  lr: 0.000100  loss: 0.0043 (0.0047)  loss_CrossEntropy: 0.0043 (0.0047)  time: 1.7018  data: 0.7121  max mem: 17023
Epoch: [155]  [90/95]  eta: 0:00:08  lr: 0.000100  loss: 0.0046 (0.0048)  loss_CrossEntropy: 0.0046 (0.0048)  time: 1.6820  data: 0.6716  max mem: 17023
Epoch: [155]  [94/95]  eta: 0:00:01  lr: 0.000100  loss: 0.0046 (0.0048)  loss_CrossEntropy: 0.0046 (0.0048)  time: 1.0503  data: 0.0675  max mem: 17023
Epoch: [155] Total time: 0:02:03 (1.2950 s / it)
Averaged stats: lr: 0.000100  loss: 0.0046 (0.0048)  loss_CrossEntropy: 0.0046 (0.0048)
Test:  [ 0/19]  eta: 0:00:01  loss: 0.2031 (0.2031)  loss_CrossEntropy: 0.2031 (0.2031)  Rv: 0.0000 (0.0000)  Lv: 0.8246 (0.8246)  Myo: 0.6192 (0.6192)  Avg: 0.4813 (0.4813)  time: 0.0621  data: 0.0417  max mem: 17023
Test:  [10/19]  eta: 0:00:03  loss: 0.2023 (0.2005)  loss_CrossEntropy: 0.2023 (0.2005)  Rv: 0.8499 (0.7335)  Lv: 0.9427 (0.9017)  Myo: 0.8431 (0.8003)  Avg: 0.8890 (0.8118)  time: 0.3761  data: 0.3446  max mem: 17023
Test:  [18/19]  eta: 0:00:00  loss: 0.1982 (0.1981)  loss_CrossEntropy: 0.1982 (0.1981)  Rv: 0.7135 (0.6502)  Lv: 0.9247 (0.8973)  Myo: 0.8423 (0.8021)  Avg: 0.8276 (0.7832)  time: 0.2639  data: 0.2459  max mem: 17023
Test: Total time: 0:00:03 (0.1893 s / it)
Averaged stats: loss: 0.1982 (0.1981)  loss_CrossEntropy: 0.1982 (0.1981)  Rv: 0.7135 (0.6502)  Lv: 0.9247 (0.8973)  Myo: 0.8423 (0.8021)  Avg: 0.8276 (0.7832)
dice score: 0.7831926000745673
Update high dice score model!
cutout loss: 0.008555478416383266
original loss: 0.003101051552221179
integrity loss: 0.0016520380740985274
invariant loss: 0.008988911285996437
Epoch: [156]  [ 0/95]  eta: 0:01:39  lr: 0.000100  loss: 0.0031 (0.0031)  loss_CrossEntropy: 0.0031 (0.0031)  time: 1.0438  data: 0.0633  max mem: 17023
Epoch: [156]  [10/95]  eta: 0:02:09  lr: 0.000100  loss: 0.0047 (0.0048)  loss_CrossEntropy: 0.0047 (0.0048)  time: 1.5260  data: 0.5028  max mem: 17023
Epoch: [156]  [20/95]  eta: 0:01:36  lr: 0.000100  loss: 0.0051 (0.0058)  loss_CrossEntropy: 0.0051 (0.0058)  time: 1.2856  data: 0.3056  max mem: 17023
Epoch: [156]  [30/95]  eta: 0:01:24  lr: 0.000100  loss: 0.0054 (0.0058)  loss_CrossEntropy: 0.0054 (0.0058)  time: 1.3016  data: 0.3158  max mem: 17023
Epoch: [156]  [40/95]  eta: 0:01:33  lr: 0.000100  loss: 0.0057 (0.0059)  loss_CrossEntropy: 0.0057 (0.0059)  time: 1.6971  data: 0.6987  max mem: 17023
Epoch: [156]  [50/95]  eta: 0:01:22  lr: 0.000100  loss: 0.0058 (0.0059)  loss_CrossEntropy: 0.0058 (0.0059)  time: 1.8237  data: 0.8030  max mem: 17023
Epoch: [156]  [60/95]  eta: 0:00:37  lr: 0.000100  loss: 0.0051 (0.0057)  loss_CrossEntropy: 0.0051 (0.0057)  time: 1.0668  data: 0.0724  max mem: 17023
Epoch: [156]  [70/95]  eta: 0:00:31  lr: 0.000100  loss: 0.0049 (0.0057)  loss_CrossEntropy: 0.0049 (0.0057)  time: 1.2446  data: 0.2442  max mem: 17023
Epoch: [156]  [80/95]  eta: 0:00:16  lr: 0.000100  loss: 0.0049 (0.0057)  loss_CrossEntropy: 0.0049 (0.0057)  time: 1.0768  data: 0.0936  max mem: 17023
Epoch: [156]  [90/95]  eta: 0:00:06  lr: 0.000100  loss: 0.0047 (0.0056)  loss_CrossEntropy: 0.0047 (0.0056)  time: 1.3159  data: 0.3333  max mem: 17023
Epoch: [156]  [94/95]  eta: 0:00:01  lr: 0.000100  loss: 0.0048 (0.0055)  loss_CrossEntropy: 0.0048 (0.0055)  time: 1.0238  data: 0.0510  max mem: 17023
Epoch: [156] Total time: 0:02:06 (1.3264 s / it)
Averaged stats: lr: 0.000100  loss: 0.0048 (0.0055)  loss_CrossEntropy: 0.0048 (0.0055)
Test:  [ 0/19]  eta: 0:00:07  loss: 0.1766 (0.1766)  loss_CrossEntropy: 0.1766 (0.1766)  Rv: 0.0000 (0.0000)  Lv: 0.7936 (0.7936)  Myo: 0.6406 (0.6406)  Avg: 0.4781 (0.4781)  time: 0.3941  data: 0.3610  max mem: 17023
Test:  [10/19]  eta: 0:00:00  loss: 0.1819 (0.1838)  loss_CrossEntropy: 0.1819 (0.1838)  Rv: 0.8222 (0.7109)  Lv: 0.9435 (0.8984)  Myo: 0.8526 (0.7966)  Avg: 0.8783 (0.8020)  time: 0.0446  data: 0.0236  max mem: 17023
Test:  [18/19]  eta: 0:00:00  loss: 0.1808 (0.1811)  loss_CrossEntropy: 0.1808 (0.1811)  Rv: 0.7306 (0.6413)  Lv: 0.9357 (0.8970)  Myo: 0.8414 (0.7966)  Avg: 0.8139 (0.7783)  time: 0.1922  data: 0.1747  max mem: 17023
Test: Total time: 0:00:03 (0.1829 s / it)
Averaged stats: loss: 0.1808 (0.1811)  loss_CrossEntropy: 0.1808 (0.1811)  Rv: 0.7306 (0.6413)  Lv: 0.9357 (0.8970)  Myo: 0.8414 (0.7966)  Avg: 0.8139 (0.7783)
dice score: 0.7782822470915945
Update high dice score model!
cutout loss: 0.009746805764734745
original loss: 0.004240493290126324
integrity loss: 0.0010547757847234607
invariant loss: 0.016818536445498466
Epoch: [157]  [ 0/95]  eta: 0:02:27  lr: 0.000100  loss: 0.0042 (0.0042)  loss_CrossEntropy: 0.0042 (0.0042)  time: 1.5484  data: 0.5565  max mem: 17023
Epoch: [157]  [10/95]  eta: 0:01:30  lr: 0.000100  loss: 0.0042 (0.0041)  loss_CrossEntropy: 0.0042 (0.0041)  time: 1.0676  data: 0.0827  max mem: 17023
Epoch: [157]  [20/95]  eta: 0:01:23  lr: 0.000100  loss: 0.0038 (0.0043)  loss_CrossEntropy: 0.0038 (0.0043)  time: 1.1100  data: 0.1278  max mem: 17023
Epoch: [157]  [30/95]  eta: 0:01:23  lr: 0.000100  loss: 0.0047 (0.0047)  loss_CrossEntropy: 0.0047 (0.0047)  time: 1.2889  data: 0.2826  max mem: 17023
Epoch: [157]  [40/95]  eta: 0:00:59  lr: 0.000100  loss: 0.0045 (0.0045)  loss_CrossEntropy: 0.0045 (0.0045)  time: 1.0904  data: 0.0927  max mem: 17023
Epoch: [157]  [50/95]  eta: 0:01:04  lr: 0.000100  loss: 0.0042 (0.0046)  loss_CrossEntropy: 0.0042 (0.0046)  time: 1.4430  data: 0.3739  max mem: 17023
Epoch: [157]  [60/95]  eta: 0:00:47  lr: 0.000100  loss: 0.0042 (0.0047)  loss_CrossEntropy: 0.0042 (0.0047)  time: 1.3463  data: 0.3556  max mem: 17023
Epoch: [157]  [70/95]  eta: 0:00:28  lr: 0.000100  loss: 0.0040 (0.0046)  loss_CrossEntropy: 0.0040 (0.0046)  time: 1.1324  data: 0.1547  max mem: 17023
Epoch: [157]  [80/95]  eta: 0:00:21  lr: 0.000100  loss: 0.0046 (0.0047)  loss_CrossEntropy: 0.0046 (0.0047)  time: 1.4608  data: 0.3968  max mem: 17023
Epoch: [157]  [90/95]  eta: 0:00:05  lr: 0.000100  loss: 0.0048 (0.0047)  loss_CrossEntropy: 0.0048 (0.0047)  time: 1.1618  data: 0.1670  max mem: 17023
Epoch: [157]  [94/95]  eta: 0:00:01  lr: 0.000100  loss: 0.0047 (0.0048)  loss_CrossEntropy: 0.0047 (0.0048)  time: 1.4429  data: 0.4624  max mem: 17023
Epoch: [157] Total time: 0:02:03 (1.2965 s / it)
Averaged stats: lr: 0.000100  loss: 0.0047 (0.0048)  loss_CrossEntropy: 0.0047 (0.0048)
Test:  [ 0/19]  eta: 0:00:02  loss: 0.1722 (0.1722)  loss_CrossEntropy: 0.1722 (0.1722)  Rv: 0.0000 (0.0000)  Lv: 0.8125 (0.8125)  Myo: 0.6577 (0.6577)  Avg: 0.4900 (0.4900)  time: 0.1217  data: 0.1010  max mem: 17023
Test:  [10/19]  eta: 0:00:00  loss: 0.1971 (0.1949)  loss_CrossEntropy: 0.1971 (0.1949)  Rv: 0.8357 (0.7260)  Lv: 0.9480 (0.8952)  Myo: 0.7980 (0.7747)  Avg: 0.8791 (0.7986)  time: 0.0398  data: 0.0189  max mem: 17023
Test:  [18/19]  eta: 0:00:00  loss: 0.1917 (0.1935)  loss_CrossEntropy: 0.1917 (0.1935)  Rv: 0.7054 (0.6352)  Lv: 0.9420 (0.8893)  Myo: 0.7964 (0.7732)  Avg: 0.8184 (0.7659)  time: 0.2042  data: 0.1863  max mem: 17023
Test: Total time: 0:00:03 (0.1732 s / it)
Averaged stats: loss: 0.1917 (0.1935)  loss_CrossEntropy: 0.1917 (0.1935)  Rv: 0.7054 (0.6352)  Lv: 0.9420 (0.8893)  Myo: 0.7964 (0.7732)  Avg: 0.8184 (0.7659)
dice score: 0.7658876180648804
Update high dice score model!
cutout loss: 0.01517703291028738
original loss: 0.00685416953638196
integrity loss: 0.0011953235371038318
invariant loss: 0.014350778423249722
Epoch: [158]  [ 0/95]  eta: 0:01:45  lr: 0.000100  loss: 0.0069 (0.0069)  loss_CrossEntropy: 0.0069 (0.0069)  time: 1.1069  data: 0.1216  max mem: 17023
Epoch: [158]  [10/95]  eta: 0:01:28  lr: 0.000100  loss: 0.0047 (0.0048)  loss_CrossEntropy: 0.0047 (0.0048)  time: 1.0383  data: 0.0291  max mem: 17023
Epoch: [158]  [20/95]  eta: 0:01:33  lr: 0.000100  loss: 0.0046 (0.0048)  loss_CrossEntropy: 0.0046 (0.0048)  time: 1.2413  data: 0.2543  max mem: 17023
Epoch: [158]  [30/95]  eta: 0:01:17  lr: 0.000100  loss: 0.0051 (0.0048)  loss_CrossEntropy: 0.0051 (0.0048)  time: 1.1928  data: 0.2026  max mem: 17023
Epoch: [158]  [40/95]  eta: 0:01:23  lr: 0.000100  loss: 0.0042 (0.0046)  loss_CrossEntropy: 0.0042 (0.0046)  time: 1.5183  data: 0.5185  max mem: 17023
Epoch: [158]  [50/95]  eta: 0:01:07  lr: 0.000100  loss: 0.0037 (0.0046)  loss_CrossEntropy: 0.0037 (0.0046)  time: 1.4891  data: 0.4927  max mem: 17023
Epoch: [158]  [60/95]  eta: 0:00:50  lr: 0.000100  loss: 0.0041 (0.0046)  loss_CrossEntropy: 0.0041 (0.0046)  time: 1.4425  data: 0.4373  max mem: 17023
Epoch: [158]  [70/95]  eta: 0:00:25  lr: 0.000100  loss: 0.0038 (0.0044)  loss_CrossEntropy: 0.0038 (0.0044)  time: 1.0249  data: 0.0389  max mem: 17023
Epoch: [158]  [80/95]  eta: 0:00:24  lr: 0.000100  loss: 0.0039 (0.0044)  loss_CrossEntropy: 0.0039 (0.0044)  time: 1.6116  data: 0.6216  max mem: 17023
Epoch: [158]  [90/95]  eta: 0:00:07  lr: 0.000100  loss: 0.0039 (0.0044)  loss_CrossEntropy: 0.0039 (0.0044)  time: 1.4584  data: 0.4696  max mem: 17023
Epoch: [158]  [94/95]  eta: 0:00:01  lr: 0.000100  loss: 0.0042 (0.0044)  loss_CrossEntropy: 0.0042 (0.0044)  time: 1.4321  data: 0.4053  max mem: 17023
Epoch: [158] Total time: 0:02:07 (1.3372 s / it)
Averaged stats: lr: 0.000100  loss: 0.0042 (0.0044)  loss_CrossEntropy: 0.0042 (0.0044)
Test:  [ 0/19]  eta: 0:00:07  loss: 0.2026 (0.2026)  loss_CrossEntropy: 0.2026 (0.2026)  Rv: 0.0000 (0.0000)  Lv: 0.8364 (0.8364)  Myo: 0.6258 (0.6258)  Avg: 0.4874 (0.4874)  time: 0.3962  data: 0.3635  max mem: 17023
Test:  [10/19]  eta: 0:00:01  loss: 0.1997 (0.1995)  loss_CrossEntropy: 0.1997 (0.1995)  Rv: 0.8290 (0.7115)  Lv: 0.9440 (0.9264)  Myo: 0.8512 (0.8124)  Avg: 0.8846 (0.8168)  time: 0.1535  data: 0.1295  max mem: 17023
Test:  [18/19]  eta: 0:00:00  loss: 0.1973 (0.1954)  loss_CrossEntropy: 0.1973 (0.1954)  Rv: 0.6870 (0.6327)  Lv: 0.9355 (0.9176)  Myo: 0.8512 (0.8220)  Avg: 0.8205 (0.7908)  time: 0.2888  data: 0.2584  max mem: 17023
Test: Total time: 0:00:03 (0.1995 s / it)
Averaged stats: loss: 0.1973 (0.1954)  loss_CrossEntropy: 0.1973 (0.1954)  Rv: 0.6870 (0.6327)  Lv: 0.9355 (0.9176)  Myo: 0.8512 (0.8220)  Avg: 0.8205 (0.7908)
dice score: 0.7907760237392626
Update high dice score model!
cutout loss: 0.005797478836029768
original loss: 0.005179710686206818
integrity loss: 0.0009570956462994218
invariant loss: 0.011360377073287964
Epoch: [159]  [ 0/95]  eta: 0:02:02  lr: 0.000100  loss: 0.0052 (0.0052)  loss_CrossEntropy: 0.0052 (0.0052)  time: 1.2891  data: 0.3124  max mem: 17023
Epoch: [159]  [10/95]  eta: 0:01:31  lr: 0.000100  loss: 0.0033 (0.0043)  loss_CrossEntropy: 0.0033 (0.0043)  time: 1.0807  data: 0.0945  max mem: 17023
Epoch: [159]  [20/95]  eta: 0:01:32  lr: 0.000100  loss: 0.0033 (0.0041)  loss_CrossEntropy: 0.0033 (0.0041)  time: 1.2398  data: 0.2406  max mem: 17023
Epoch: [159]  [30/95]  eta: 0:01:19  lr: 0.000100  loss: 0.0041 (0.0042)  loss_CrossEntropy: 0.0041 (0.0042)  time: 1.2267  data: 0.2402  max mem: 17023
Epoch: [159]  [40/95]  eta: 0:01:07  lr: 0.000100  loss: 0.0040 (0.0040)  loss_CrossEntropy: 0.0040 (0.0040)  time: 1.2324  data: 0.2522  max mem: 17023
Epoch: [159]  [50/95]  eta: 0:00:56  lr: 0.000100  loss: 0.0034 (0.0040)  loss_CrossEntropy: 0.0034 (0.0040)  time: 1.2653  data: 0.2691  max mem: 17023
Epoch: [159]  [60/95]  eta: 0:00:46  lr: 0.000100  loss: 0.0041 (0.0043)  loss_CrossEntropy: 0.0041 (0.0043)  time: 1.3376  data: 0.3563  max mem: 17023
Epoch: [159]  [70/95]  eta: 0:00:26  lr: 0.000100  loss: 0.0048 (0.0044)  loss_CrossEntropy: 0.0048 (0.0044)  time: 1.0459  data: 0.0556  max mem: 17023
Epoch: [159]  [80/95]  eta: 0:00:15  lr: 0.000100  loss: 0.0050 (0.0046)  loss_CrossEntropy: 0.0050 (0.0046)  time: 1.0649  data: 0.0306  max mem: 17023
Epoch: [159]  [90/95]  eta: 0:00:07  lr: 0.000100  loss: 0.0050 (0.0046)  loss_CrossEntropy: 0.0050 (0.0046)  time: 1.4680  data: 0.4906  max mem: 17023
Epoch: [159]  [94/95]  eta: 0:00:01  lr: 0.000100  loss: 0.0054 (0.0046)  loss_CrossEntropy: 0.0054 (0.0046)  time: 1.4022  data: 0.4068  max mem: 17023
Epoch: [159] Total time: 0:01:59 (1.2535 s / it)
Averaged stats: lr: 0.000100  loss: 0.0054 (0.0046)  loss_CrossEntropy: 0.0054 (0.0046)
Test:  [ 0/19]  eta: 0:00:05  loss: 0.1937 (0.1937)  loss_CrossEntropy: 0.1937 (0.1937)  Rv: 0.0000 (0.0000)  Lv: 0.8779 (0.8779)  Myo: 0.6236 (0.6236)  Avg: 0.5005 (0.5005)  time: 0.2956  data: 0.2743  max mem: 17023
Test:  [10/19]  eta: 0:00:02  loss: 0.1959 (0.1971)  loss_CrossEntropy: 0.1959 (0.1971)  Rv: 0.8211 (0.7151)  Lv: 0.9521 (0.9035)  Myo: 0.8440 (0.7831)  Avg: 0.8861 (0.8006)  time: 0.3048  data: 0.2716  max mem: 17023
Test:  [18/19]  eta: 0:00:00  loss: 0.1925 (0.1940)  loss_CrossEntropy: 0.1925 (0.1940)  Rv: 0.7013 (0.6375)  Lv: 0.9236 (0.8851)  Myo: 0.8109 (0.7791)  Avg: 0.8119 (0.7672)  time: 0.2887  data: 0.2589  max mem: 17023
Test: Total time: 0:00:03 (0.2015 s / it)
Averaged stats: loss: 0.1925 (0.1940)  loss_CrossEntropy: 0.1925 (0.1940)  Rv: 0.7013 (0.6375)  Lv: 0.9236 (0.8851)  Myo: 0.8109 (0.7791)  Avg: 0.8119 (0.7672)
dice score: 0.767206000654321
Update high dice score model!
cutout loss: 0.010821540839970112
original loss: 0.005166616756469011
integrity loss: 0.0008948445320129395
invariant loss: 0.012275690212845802
Epoch: [160]  [ 0/95]  eta: 0:01:35  lr: 0.000100  loss: 0.0052 (0.0052)  loss_CrossEntropy: 0.0052 (0.0052)  time: 1.0091  data: 0.0327  max mem: 17023
Epoch: [160]  [10/95]  eta: 0:02:00  lr: 0.000100  loss: 0.0045 (0.0051)  loss_CrossEntropy: 0.0045 (0.0051)  time: 1.4129  data: 0.4356  max mem: 17023
Epoch: [160]  [20/95]  eta: 0:01:58  lr: 0.000100  loss: 0.0044 (0.0049)  loss_CrossEntropy: 0.0044 (0.0049)  time: 1.5755  data: 0.6020  max mem: 17023
Epoch: [160]  [30/95]  eta: 0:01:18  lr: 0.000100  loss: 0.0045 (0.0049)  loss_CrossEntropy: 0.0045 (0.0049)  time: 1.2133  data: 0.2317  max mem: 17023
Epoch: [160]  [40/95]  eta: 0:00:59  lr: 0.000100  loss: 0.0045 (0.0048)  loss_CrossEntropy: 0.0045 (0.0048)  time: 1.0749  data: 0.0927  max mem: 17023
Epoch: [160]  [50/95]  eta: 0:00:45  lr: 0.000100  loss: 0.0042 (0.0047)  loss_CrossEntropy: 0.0042 (0.0047)  time: 1.0083  data: 0.0345  max mem: 17023
Epoch: [160]  [60/95]  eta: 0:00:50  lr: 0.000100  loss: 0.0042 (0.0046)  loss_CrossEntropy: 0.0042 (0.0046)  time: 1.4498  data: 0.4631  max mem: 17023
Epoch: [160]  [70/95]  eta: 0:00:31  lr: 0.000100  loss: 0.0045 (0.0046)  loss_CrossEntropy: 0.0045 (0.0046)  time: 1.2766  data: 0.2916  max mem: 17023
Epoch: [160]  [80/95]  eta: 0:00:24  lr: 0.000100  loss: 0.0041 (0.0045)  loss_CrossEntropy: 0.0041 (0.0045)  time: 1.6445  data: 0.6187  max mem: 17023
Epoch: [160]  [90/95]  eta: 0:00:06  lr: 0.000100  loss: 0.0041 (0.0045)  loss_CrossEntropy: 0.0041 (0.0045)  time: 1.2363  data: 0.2601  max mem: 17023
Epoch: [160]  [94/95]  eta: 0:00:01  lr: 0.000100  loss: 0.0038 (0.0045)  loss_CrossEntropy: 0.0038 (0.0045)  time: 1.2299  data: 0.2414  max mem: 17023
Epoch: [160] Total time: 0:02:04 (1.3118 s / it)
Averaged stats: lr: 0.000100  loss: 0.0038 (0.0045)  loss_CrossEntropy: 0.0038 (0.0045)
Test:  [ 0/19]  eta: 0:00:00  loss: 0.1730 (0.1730)  loss_CrossEntropy: 0.1730 (0.1730)  Rv: 0.0000 (0.0000)  Lv: 0.8522 (0.8522)  Myo: 0.6036 (0.6036)  Avg: 0.4853 (0.4853)  time: 0.0522  data: 0.0318  max mem: 17023
Test:  [10/19]  eta: 0:00:03  loss: 0.1677 (0.1686)  loss_CrossEntropy: 0.1677 (0.1686)  Rv: 0.8884 (0.7342)  Lv: 0.9481 (0.9063)  Myo: 0.8257 (0.7959)  Avg: 0.8895 (0.8121)  time: 0.3776  data: 0.3444  max mem: 17023
Test:  [18/19]  eta: 0:00:00  loss: 0.1676 (0.1692)  loss_CrossEntropy: 0.1676 (0.1692)  Rv: 0.7160 (0.6509)  Lv: 0.9095 (0.9004)  Myo: 0.8257 (0.8082)  Avg: 0.8159 (0.7865)  time: 0.0798  data: 0.0625  max mem: 17023
Test: Total time: 0:00:03 (0.1914 s / it)
Averaged stats: loss: 0.1676 (0.1692)  loss_CrossEntropy: 0.1676 (0.1692)  Rv: 0.7160 (0.6509)  Lv: 0.9095 (0.9004)  Myo: 0.8257 (0.8082)  Avg: 0.8159 (0.7865)
dice score: 0.7864891259293807
Update high dice score model!
cutout loss: 0.008273833431303501
original loss: 0.0036894658114761114
integrity loss: 0.0008649289957247674
invariant loss: 0.01549490075558424
Epoch: [161]  [ 0/95]  eta: 0:02:06  lr: 0.000100  loss: 0.0037 (0.0037)  loss_CrossEntropy: 0.0037 (0.0037)  time: 1.3315  data: 0.3240  max mem: 17023
Epoch: [161]  [10/95]  eta: 0:01:46  lr: 0.000100  loss: 0.0042 (0.0044)  loss_CrossEntropy: 0.0042 (0.0044)  time: 1.2482  data: 0.2621  max mem: 17023
Epoch: [161]  [20/95]  eta: 0:01:31  lr: 0.000100  loss: 0.0039 (0.0040)  loss_CrossEntropy: 0.0039 (0.0040)  time: 1.2188  data: 0.2468  max mem: 17023
Epoch: [161]  [30/95]  eta: 0:01:27  lr: 0.000100  loss: 0.0035 (0.0040)  loss_CrossEntropy: 0.0035 (0.0040)  time: 1.3397  data: 0.3623  max mem: 17023
Epoch: [161]  [40/95]  eta: 0:01:32  lr: 0.000100  loss: 0.0037 (0.0042)  loss_CrossEntropy: 0.0037 (0.0042)  time: 1.6904  data: 0.7007  max mem: 17023
Epoch: [161]  [50/95]  eta: 0:00:50  lr: 0.000100  loss: 0.0042 (0.0043)  loss_CrossEntropy: 0.0042 (0.0043)  time: 1.1138  data: 0.1265  max mem: 17023
Epoch: [161]  [60/95]  eta: 0:00:43  lr: 0.000100  loss: 0.0051 (0.0046)  loss_CrossEntropy: 0.0051 (0.0046)  time: 1.2523  data: 0.2721  max mem: 17023
Epoch: [161]  [70/95]  eta: 0:00:28  lr: 0.000100  loss: 0.0046 (0.0046)  loss_CrossEntropy: 0.0046 (0.0046)  time: 1.1207  data: 0.1301  max mem: 17023
Epoch: [161]  [80/95]  eta: 0:00:22  lr: 0.000100  loss: 0.0044 (0.0046)  loss_CrossEntropy: 0.0044 (0.0046)  time: 1.5094  data: 0.5290  max mem: 17023
Epoch: [161]  [90/95]  eta: 0:00:05  lr: 0.000100  loss: 0.0042 (0.0047)  loss_CrossEntropy: 0.0042 (0.0047)  time: 1.0140  data: 0.0378  max mem: 17023
Epoch: [161]  [94/95]  eta: 0:00:01  lr: 0.000100  loss: 0.0041 (0.0048)  loss_CrossEntropy: 0.0041 (0.0048)  time: 1.3680  data: 0.3769  max mem: 17023
Epoch: [161] Total time: 0:02:04 (1.3074 s / it)
Averaged stats: lr: 0.000100  loss: 0.0041 (0.0048)  loss_CrossEntropy: 0.0041 (0.0048)
Test:  [ 0/19]  eta: 0:00:04  loss: 0.1634 (0.1634)  loss_CrossEntropy: 0.1634 (0.1634)  Rv: 0.0000 (0.0000)  Lv: 0.7125 (0.7125)  Myo: 0.6282 (0.6282)  Avg: 0.4469 (0.4469)  time: 0.2552  data: 0.2347  max mem: 17023
Test:  [10/19]  eta: 0:00:01  loss: 0.1743 (0.1778)  loss_CrossEntropy: 0.1743 (0.1778)  Rv: 0.8959 (0.7227)  Lv: 0.9432 (0.8950)  Myo: 0.8325 (0.7888)  Avg: 0.8924 (0.8022)  time: 0.1270  data: 0.0971  max mem: 17023
Test:  [18/19]  eta: 0:00:00  loss: 0.1755 (0.1797)  loss_CrossEntropy: 0.1755 (0.1797)  Rv: 0.7103 (0.6495)  Lv: 0.9384 (0.8834)  Myo: 0.8254 (0.7959)  Avg: 0.8124 (0.7763)  time: 0.3077  data: 0.2775  max mem: 17023
Test: Total time: 0:00:03 (0.1801 s / it)
Averaged stats: loss: 0.1755 (0.1797)  loss_CrossEntropy: 0.1755 (0.1797)  Rv: 0.7103 (0.6495)  Lv: 0.9384 (0.8834)  Myo: 0.8254 (0.7959)  Avg: 0.8124 (0.7763)
dice score: 0.7762646894705924
Update high dice score model!
cutout loss: 0.012030143290758133
original loss: 0.0031823106110095978
integrity loss: 0.0009208262199535966
invariant loss: 0.014404105953872204
Epoch: [162]  [ 0/95]  eta: 0:01:50  lr: 0.000100  loss: 0.0032 (0.0032)  loss_CrossEntropy: 0.0032 (0.0032)  time: 1.1607  data: 0.1797  max mem: 17023
Epoch: [162]  [10/95]  eta: 0:01:36  lr: 0.000100  loss: 0.0038 (0.0044)  loss_CrossEntropy: 0.0038 (0.0044)  time: 1.1333  data: 0.0673  max mem: 17023
Epoch: [162]  [20/95]  eta: 0:01:18  lr: 0.000100  loss: 0.0038 (0.0042)  loss_CrossEntropy: 0.0038 (0.0042)  time: 1.0491  data: 0.0769  max mem: 17023
Epoch: [162]  [30/95]  eta: 0:01:29  lr: 0.000100  loss: 0.0034 (0.0040)  loss_CrossEntropy: 0.0034 (0.0040)  time: 1.3702  data: 0.3863  max mem: 17023
Epoch: [162]  [40/95]  eta: 0:00:57  lr: 0.000100  loss: 0.0038 (0.0041)  loss_CrossEntropy: 0.0038 (0.0041)  time: 1.0489  data: 0.0417  max mem: 17023
Epoch: [162]  [50/95]  eta: 0:01:00  lr: 0.000100  loss: 0.0043 (0.0043)  loss_CrossEntropy: 0.0043 (0.0043)  time: 1.3502  data: 0.3671  max mem: 17023
Epoch: [162]  [60/95]  eta: 0:00:37  lr: 0.000100  loss: 0.0044 (0.0044)  loss_CrossEntropy: 0.0044 (0.0044)  time: 1.0601  data: 0.0611  max mem: 17023
Epoch: [162]  [70/95]  eta: 0:00:30  lr: 0.000100  loss: 0.0050 (0.0045)  loss_CrossEntropy: 0.0050 (0.0045)  time: 1.2395  data: 0.2504  max mem: 17023
Epoch: [162]  [80/95]  eta: 0:00:16  lr: 0.000100  loss: 0.0039 (0.0045)  loss_CrossEntropy: 0.0039 (0.0045)  time: 1.1078  data: 0.1222  max mem: 17023
Epoch: [162]  [90/95]  eta: 0:00:09  lr: 0.000100  loss: 0.0037 (0.0044)  loss_CrossEntropy: 0.0037 (0.0044)  time: 1.8932  data: 0.9100  max mem: 17023
Epoch: [162]  [94/95]  eta: 0:00:01  lr: 0.000100  loss: 0.0037 (0.0044)  loss_CrossEntropy: 0.0037 (0.0044)  time: 1.2665  data: 0.2869  max mem: 17023
Epoch: [162] Total time: 0:02:03 (1.2951 s / it)
Averaged stats: lr: 0.000100  loss: 0.0037 (0.0044)  loss_CrossEntropy: 0.0037 (0.0044)
Test:  [ 0/19]  eta: 0:00:03  loss: 0.1775 (0.1775)  loss_CrossEntropy: 0.1775 (0.1775)  Rv: 0.0000 (0.0000)  Lv: 0.7129 (0.7129)  Myo: 0.6431 (0.6431)  Avg: 0.4520 (0.4520)  time: 0.2037  data: 0.1831  max mem: 17023
Test:  [10/19]  eta: 0:00:00  loss: 0.1893 (0.1900)  loss_CrossEntropy: 0.1893 (0.1900)  Rv: 0.8279 (0.7343)  Lv: 0.9455 (0.9134)  Myo: 0.8298 (0.7930)  Avg: 0.8736 (0.8136)  time: 0.0486  data: 0.0274  max mem: 17023
Test:  [18/19]  eta: 0:00:00  loss: 0.1851 (0.1899)  loss_CrossEntropy: 0.1851 (0.1899)  Rv: 0.7155 (0.6390)  Lv: 0.9241 (0.9035)  Myo: 0.8298 (0.7987)  Avg: 0.8044 (0.7804)  time: 0.0332  data: 0.0158  max mem: 17023
Test: Total time: 0:00:03 (0.1585 s / it)
Averaged stats: loss: 0.1851 (0.1899)  loss_CrossEntropy: 0.1851 (0.1899)  Rv: 0.7155 (0.6390)  Lv: 0.9241 (0.9035)  Myo: 0.8298 (0.7987)  Avg: 0.8044 (0.7804)
dice score: 0.7803758116144883
Update high dice score model!
cutout loss: 0.013551859185099602
original loss: 0.003939403686672449
integrity loss: 0.0008696377626620233
invariant loss: 0.017960721626877785
Epoch: [163]  [ 0/95]  eta: 0:02:05  lr: 0.000100  loss: 0.0039 (0.0039)  loss_CrossEntropy: 0.0039 (0.0039)  time: 1.3192  data: 0.2953  max mem: 17023
Epoch: [163]  [10/95]  eta: 0:01:46  lr: 0.000100  loss: 0.0042 (0.0042)  loss_CrossEntropy: 0.0042 (0.0042)  time: 1.2528  data: 0.2563  max mem: 17023
Epoch: [163]  [20/95]  eta: 0:02:29  lr: 0.000100  loss: 0.0046 (0.0044)  loss_CrossEntropy: 0.0046 (0.0044)  time: 1.9928  data: 0.9722  max mem: 17023
Epoch: [163]  [30/95]  eta: 0:01:33  lr: 0.000100  loss: 0.0046 (0.0044)  loss_CrossEntropy: 0.0046 (0.0044)  time: 1.4373  data: 0.4534  max mem: 17023
Epoch: [163]  [40/95]  eta: 0:01:19  lr: 0.000100  loss: 0.0040 (0.0044)  loss_CrossEntropy: 0.0040 (0.0044)  time: 1.4507  data: 0.4752  max mem: 17023
Epoch: [163]  [50/95]  eta: 0:00:47  lr: 0.000100  loss: 0.0035 (0.0042)  loss_CrossEntropy: 0.0035 (0.0042)  time: 1.0460  data: 0.0329  max mem: 17023
Epoch: [163]  [60/95]  eta: 0:00:35  lr: 0.000100  loss: 0.0037 (0.0043)  loss_CrossEntropy: 0.0037 (0.0043)  time: 1.0118  data: 0.0336  max mem: 17023
Epoch: [163]  [70/95]  eta: 0:00:33  lr: 0.000100  loss: 0.0043 (0.0043)  loss_CrossEntropy: 0.0043 (0.0043)  time: 1.3559  data: 0.3813  max mem: 17023
Epoch: [163]  [80/95]  eta: 0:00:20  lr: 0.000100  loss: 0.0041 (0.0044)  loss_CrossEntropy: 0.0041 (0.0044)  time: 1.3358  data: 0.3576  max mem: 17023
Epoch: [163]  [90/95]  eta: 0:00:06  lr: 0.000100  loss: 0.0045 (0.0044)  loss_CrossEntropy: 0.0045 (0.0044)  time: 1.2405  data: 0.2669  max mem: 17023
Epoch: [163]  [94/95]  eta: 0:00:01  lr: 0.000100  loss: 0.0046 (0.0044)  loss_CrossEntropy: 0.0046 (0.0044)  time: 1.1444  data: 0.1590  max mem: 17023
Epoch: [163] Total time: 0:02:07 (1.3397 s / it)
Averaged stats: lr: 0.000100  loss: 0.0046 (0.0044)  loss_CrossEntropy: 0.0046 (0.0044)
Test:  [ 0/19]  eta: 0:00:05  loss: 0.1719 (0.1719)  loss_CrossEntropy: 0.1719 (0.1719)  Rv: 0.0000 (0.0000)  Lv: 0.8183 (0.8183)  Myo: 0.6175 (0.6175)  Avg: 0.4786 (0.4786)  time: 0.3125  data: 0.2919  max mem: 17023
Test:  [10/19]  eta: 0:00:03  loss: 0.1719 (0.1716)  loss_CrossEntropy: 0.1719 (0.1716)  Rv: 0.8820 (0.7319)  Lv: 0.9425 (0.9035)  Myo: 0.8448 (0.7999)  Avg: 0.8761 (0.8118)  time: 0.4009  data: 0.3800  max mem: 17023
Test:  [18/19]  eta: 0:00:00  loss: 0.1719 (0.1710)  loss_CrossEntropy: 0.1719 (0.1710)  Rv: 0.7212 (0.6470)  Lv: 0.9248 (0.8967)  Myo: 0.8214 (0.8000)  Avg: 0.8272 (0.7812)  time: 0.0483  data: 0.0252  max mem: 17023
Test: Total time: 0:00:02 (0.1460 s / it)
Averaged stats: loss: 0.1719 (0.1710)  loss_CrossEntropy: 0.1719 (0.1710)  Rv: 0.7212 (0.6470)  Lv: 0.9248 (0.8967)  Myo: 0.8214 (0.8000)  Avg: 0.8272 (0.7812)
dice score: 0.7812248405657316
Update high dice score model!
cutout loss: 0.011007525958120823
original loss: 0.009075328707695007
integrity loss: 0.0013178348308429122
invariant loss: 0.015604818239808083
Epoch: [164]  [ 0/95]  eta: 0:01:54  lr: 0.000100  loss: 0.0091 (0.0091)  loss_CrossEntropy: 0.0091 (0.0091)  time: 1.2059  data: 0.2199  max mem: 17023
Epoch: [164]  [10/95]  eta: 0:02:07  lr: 0.000100  loss: 0.0042 (0.0042)  loss_CrossEntropy: 0.0042 (0.0042)  time: 1.5009  data: 0.5111  max mem: 17023
Epoch: [164]  [20/95]  eta: 0:01:28  lr: 0.000100  loss: 0.0042 (0.0046)  loss_CrossEntropy: 0.0042 (0.0046)  time: 1.1859  data: 0.1857  max mem: 17023
Epoch: [164]  [30/95]  eta: 0:01:19  lr: 0.000100  loss: 0.0040 (0.0043)  loss_CrossEntropy: 0.0040 (0.0043)  time: 1.2241  data: 0.2433  max mem: 17023
Epoch: [164]  [40/95]  eta: 0:01:23  lr: 0.000100  loss: 0.0039 (0.0045)  loss_CrossEntropy: 0.0039 (0.0045)  time: 1.5260  data: 0.5452  max mem: 17023
Epoch: [164]  [50/95]  eta: 0:01:02  lr: 0.000100  loss: 0.0041 (0.0044)  loss_CrossEntropy: 0.0041 (0.0044)  time: 1.3796  data: 0.3989  max mem: 17023
Epoch: [164]  [60/95]  eta: 0:00:43  lr: 0.000100  loss: 0.0038 (0.0043)  loss_CrossEntropy: 0.0038 (0.0043)  time: 1.2512  data: 0.2680  max mem: 17023
Epoch: [164]  [70/95]  eta: 0:00:25  lr: 0.000100  loss: 0.0039 (0.0044)  loss_CrossEntropy: 0.0039 (0.0044)  time: 1.0152  data: 0.0382  max mem: 17023
Epoch: [164]  [80/95]  eta: 0:00:18  lr: 0.000100  loss: 0.0038 (0.0044)  loss_CrossEntropy: 0.0038 (0.0044)  time: 1.2473  data: 0.2674  max mem: 17023
Epoch: [164]  [90/95]  eta: 0:00:06  lr: 0.000100  loss: 0.0039 (0.0044)  loss_CrossEntropy: 0.0039 (0.0044)  time: 1.2835  data: 0.3046  max mem: 17023
Epoch: [164]  [94/95]  eta: 0:00:01  lr: 0.000100  loss: 0.0051 (0.0045)  loss_CrossEntropy: 0.0051 (0.0045)  time: 1.2331  data: 0.2400  max mem: 17023
Epoch: [164] Total time: 0:02:01 (1.2837 s / it)
Averaged stats: lr: 0.000100  loss: 0.0051 (0.0045)  loss_CrossEntropy: 0.0051 (0.0045)
Test:  [ 0/19]  eta: 0:00:00  loss: 0.1882 (0.1882)  loss_CrossEntropy: 0.1882 (0.1882)  Rv: 0.0000 (0.0000)  Lv: 0.8431 (0.8431)  Myo: 0.6242 (0.6242)  Avg: 0.4891 (0.4891)  time: 0.0523  data: 0.0317  max mem: 17023
Test:  [10/19]  eta: 0:00:01  loss: 0.1731 (0.1757)  loss_CrossEntropy: 0.1731 (0.1757)  Rv: 0.8757 (0.7249)  Lv: 0.9471 (0.8996)  Myo: 0.8383 (0.7979)  Avg: 0.8913 (0.8075)  time: 0.1926  data: 0.1714  max mem: 17023
Test:  [18/19]  eta: 0:00:00  loss: 0.1731 (0.1737)  loss_CrossEntropy: 0.1731 (0.1737)  Rv: 0.6889 (0.6427)  Lv: 0.9264 (0.8994)  Myo: 0.8352 (0.8063)  Avg: 0.8146 (0.7828)  time: 0.0422  data: 0.0185  max mem: 17023
Test: Total time: 0:00:03 (0.1971 s / it)
Averaged stats: loss: 0.1731 (0.1737)  loss_CrossEntropy: 0.1731 (0.1737)  Rv: 0.6889 (0.6427)  Lv: 0.9264 (0.8994)  Myo: 0.8352 (0.8063)  Avg: 0.8146 (0.7828)
dice score: 0.7828404228938254
Update high dice score model!
cutout loss: 0.011162083595991135
original loss: 0.0037139421328902245
integrity loss: 0.0008807301637716591
invariant loss: 0.014333642087876797
Epoch: [165]  [ 0/95]  eta: 0:01:42  lr: 0.000100  loss: 0.0037 (0.0037)  loss_CrossEntropy: 0.0037 (0.0037)  time: 1.0773  data: 0.0977  max mem: 17023
Epoch: [165]  [10/95]  eta: 0:01:49  lr: 0.000100  loss: 0.0048 (0.0049)  loss_CrossEntropy: 0.0048 (0.0049)  time: 1.2905  data: 0.3161  max mem: 17023
Epoch: [165]  [20/95]  eta: 0:01:23  lr: 0.000100  loss: 0.0039 (0.0043)  loss_CrossEntropy: 0.0039 (0.0043)  time: 1.1200  data: 0.1252  max mem: 17023
Epoch: [165]  [30/95]  eta: 0:01:55  lr: 0.000100  loss: 0.0039 (0.0043)  loss_CrossEntropy: 0.0039 (0.0043)  time: 1.7704  data: 0.7879  max mem: 17023
Epoch: [165]  [40/95]  eta: 0:01:20  lr: 0.000100  loss: 0.0041 (0.0044)  loss_CrossEntropy: 0.0041 (0.0044)  time: 1.4634  data: 0.4749  max mem: 17023
Epoch: [165]  [50/95]  eta: 0:00:50  lr: 0.000100  loss: 0.0041 (0.0044)  loss_CrossEntropy: 0.0041 (0.0044)  time: 1.1239  data: 0.1497  max mem: 17023
Epoch: [165]  [60/95]  eta: 0:00:45  lr: 0.000100  loss: 0.0041 (0.0044)  loss_CrossEntropy: 0.0041 (0.0044)  time: 1.2931  data: 0.3024  max mem: 17023
Epoch: [165]  [70/95]  eta: 0:00:28  lr: 0.000100  loss: 0.0041 (0.0044)  loss_CrossEntropy: 0.0041 (0.0044)  time: 1.1242  data: 0.1364  max mem: 17023
Epoch: [165]  [80/95]  eta: 0:00:15  lr: 0.000100  loss: 0.0047 (0.0044)  loss_CrossEntropy: 0.0047 (0.0044)  time: 1.0409  data: 0.0322  max mem: 17023
Epoch: [165]  [90/95]  eta: 0:00:06  lr: 0.000100  loss: 0.0041 (0.0044)  loss_CrossEntropy: 0.0041 (0.0044)  time: 1.2263  data: 0.2208  max mem: 17023
Epoch: [165]  [94/95]  eta: 0:00:01  lr: 0.000100  loss: 0.0041 (0.0043)  loss_CrossEntropy: 0.0041 (0.0043)  time: 1.3173  data: 0.3273  max mem: 17023
Epoch: [165] Total time: 0:02:02 (1.2913 s / it)
Averaged stats: lr: 0.000100  loss: 0.0041 (0.0043)  loss_CrossEntropy: 0.0041 (0.0043)
Test:  [ 0/19]  eta: 0:00:00  loss: 0.1757 (0.1757)  loss_CrossEntropy: 0.1757 (0.1757)  Rv: 0.0000 (0.0000)  Lv: 0.8379 (0.8379)  Myo: 0.6224 (0.6224)  Avg: 0.4868 (0.4868)  time: 0.0524  data: 0.0318  max mem: 17023
Test:  [10/19]  eta: 0:00:03  loss: 0.1781 (0.1790)  loss_CrossEntropy: 0.1781 (0.1790)  Rv: 0.8467 (0.7217)  Lv: 0.9484 (0.9299)  Myo: 0.8407 (0.8168)  Avg: 0.8910 (0.8228)  time: 0.3446  data: 0.3104  max mem: 17023
Test:  [18/19]  eta: 0:00:00  loss: 0.1781 (0.1778)  loss_CrossEntropy: 0.1781 (0.1778)  Rv: 0.7188 (0.6452)  Lv: 0.9247 (0.9161)  Myo: 0.8374 (0.8156)  Avg: 0.8306 (0.7923)  time: 0.0327  data: 0.0155  max mem: 17023
Test: Total time: 0:00:02 (0.1334 s / it)
Averaged stats: loss: 0.1781 (0.1778)  loss_CrossEntropy: 0.1781 (0.1778)  Rv: 0.7188 (0.6452)  Lv: 0.9247 (0.9161)  Myo: 0.8374 (0.8156)  Avg: 0.8306 (0.7923)
dice score: 0.792283401677483
Update high dice score model!
cutout loss: 0.014753391034901142
original loss: 0.0035201802384108305
integrity loss: 0.0009071469539776444
invariant loss: 0.012336027808487415
Epoch: [166]  [ 0/95]  eta: 0:01:40  lr: 0.000100  loss: 0.0035 (0.0035)  loss_CrossEntropy: 0.0035 (0.0035)  time: 1.0574  data: 0.0650  max mem: 17023
Epoch: [166]  [10/95]  eta: 0:02:12  lr: 0.000100  loss: 0.0043 (0.0042)  loss_CrossEntropy: 0.0043 (0.0042)  time: 1.5544  data: 0.5591  max mem: 17023
Epoch: [166]  [20/95]  eta: 0:01:48  lr: 0.000100  loss: 0.0042 (0.0040)  loss_CrossEntropy: 0.0042 (0.0040)  time: 1.4427  data: 0.4447  max mem: 17023
Epoch: [166]  [30/95]  eta: 0:01:27  lr: 0.000100  loss: 0.0040 (0.0041)  loss_CrossEntropy: 0.0040 (0.0041)  time: 1.3507  data: 0.3634  max mem: 17023
Epoch: [166]  [40/95]  eta: 0:00:55  lr: 0.000100  loss: 0.0044 (0.0043)  loss_CrossEntropy: 0.0044 (0.0043)  time: 1.0181  data: 0.0453  max mem: 17023
Epoch: [166]  [50/95]  eta: 0:01:06  lr: 0.000100  loss: 0.0038 (0.0041)  loss_CrossEntropy: 0.0038 (0.0041)  time: 1.4733  data: 0.4285  max mem: 17023
Epoch: [166]  [60/95]  eta: 0:00:43  lr: 0.000100  loss: 0.0037 (0.0043)  loss_CrossEntropy: 0.0037 (0.0043)  time: 1.2345  data: 0.2479  max mem: 17023
Epoch: [166]  [70/95]  eta: 0:00:25  lr: 0.000100  loss: 0.0044 (0.0043)  loss_CrossEntropy: 0.0044 (0.0043)  time: 1.0336  data: 0.0527  max mem: 17023
Epoch: [166]  [80/95]  eta: 0:00:17  lr: 0.000100  loss: 0.0041 (0.0043)  loss_CrossEntropy: 0.0041 (0.0043)  time: 1.1928  data: 0.2163  max mem: 17023
Epoch: [166]  [90/95]  eta: 0:00:07  lr: 0.000100  loss: 0.0041 (0.0044)  loss_CrossEntropy: 0.0041 (0.0044)  time: 1.5374  data: 0.5593  max mem: 17023
Epoch: [166]  [94/95]  eta: 0:00:01  lr: 0.000100  loss: 0.0045 (0.0044)  loss_CrossEntropy: 0.0045 (0.0044)  time: 1.3669  data: 0.3968  max mem: 17023
Epoch: [166] Total time: 0:01:59 (1.2581 s / it)
Averaged stats: lr: 0.000100  loss: 0.0045 (0.0044)  loss_CrossEntropy: 0.0045 (0.0044)
Test:  [ 0/19]  eta: 0:00:06  loss: 0.1428 (0.1428)  loss_CrossEntropy: 0.1428 (0.1428)  Rv: 0.0000 (0.0000)  Lv: 0.6596 (0.6596)  Myo: 0.5487 (0.5487)  Avg: 0.4027 (0.4027)  time: 0.3327  data: 0.3004  max mem: 17023
Test:  [10/19]  eta: 0:00:01  loss: 0.1586 (0.1612)  loss_CrossEntropy: 0.1586 (0.1612)  Rv: 0.7678 (0.6679)  Lv: 0.8861 (0.8704)  Myo: 0.7405 (0.7053)  Avg: 0.8065 (0.7479)  time: 0.2047  data: 0.1830  max mem: 17023
Test:  [18/19]  eta: 0:00:00  loss: 0.1586 (0.1621)  loss_CrossEntropy: 0.1586 (0.1621)  Rv: 0.6881 (0.5954)  Lv: 0.8831 (0.8539)  Myo: 0.7295 (0.6970)  Avg: 0.7603 (0.7155)  time: 0.2675  data: 0.2492  max mem: 17023
Test: Total time: 0:00:03 (0.1729 s / it)
Averaged stats: loss: 0.1586 (0.1621)  loss_CrossEntropy: 0.1586 (0.1621)  Rv: 0.6881 (0.5954)  Lv: 0.8831 (0.8539)  Myo: 0.7295 (0.6970)  Avg: 0.7603 (0.7155)
dice score: 0.7154520404966254
Update high dice score model!
cutout loss: 0.011703905649483204
original loss: 0.003745618974789977
integrity loss: 0.0009287059656344354
invariant loss: 0.015616602264344692
Epoch: [167]  [ 0/95]  eta: 0:01:38  lr: 0.000100  loss: 0.0037 (0.0037)  loss_CrossEntropy: 0.0037 (0.0037)  time: 1.0397  data: 0.0510  max mem: 17023
Epoch: [167]  [10/95]  eta: 0:01:54  lr: 0.000100  loss: 0.0049 (0.0054)  loss_CrossEntropy: 0.0049 (0.0054)  time: 1.3522  data: 0.3236  max mem: 17023
Epoch: [167]  [20/95]  eta: 0:01:17  lr: 0.000100  loss: 0.0050 (0.0054)  loss_CrossEntropy: 0.0050 (0.0054)  time: 1.0294  data: 0.0385  max mem: 17023
Epoch: [167]  [30/95]  eta: 0:01:30  lr: 0.000100  loss: 0.0042 (0.0049)  loss_CrossEntropy: 0.0042 (0.0049)  time: 1.3965  data: 0.3910  max mem: 17023
Epoch: [167]  [40/95]  eta: 0:01:07  lr: 0.000100  loss: 0.0038 (0.0045)  loss_CrossEntropy: 0.0038 (0.0045)  time: 1.2203  data: 0.2353  max mem: 17023
Epoch: [167]  [50/95]  eta: 0:01:07  lr: 0.000100  loss: 0.0035 (0.0044)  loss_CrossEntropy: 0.0035 (0.0044)  time: 1.4926  data: 0.5155  max mem: 17023
Epoch: [167]  [60/95]  eta: 0:00:46  lr: 0.000100  loss: 0.0038 (0.0044)  loss_CrossEntropy: 0.0038 (0.0044)  time: 1.3366  data: 0.3554  max mem: 17023
Epoch: [167]  [70/95]  eta: 0:00:34  lr: 0.000100  loss: 0.0045 (0.0047)  loss_CrossEntropy: 0.0045 (0.0047)  time: 1.3795  data: 0.4058  max mem: 17023
Epoch: [167]  [80/95]  eta: 0:00:21  lr: 0.000100  loss: 0.0046 (0.0047)  loss_CrossEntropy: 0.0046 (0.0047)  time: 1.4454  data: 0.4635  max mem: 17023
Epoch: [167]  [90/95]  eta: 0:00:06  lr: 0.000100  loss: 0.0045 (0.0047)  loss_CrossEntropy: 0.0045 (0.0047)  time: 1.2373  data: 0.2463  max mem: 17023
Epoch: [167]  [94/95]  eta: 0:00:01  lr: 0.000100  loss: 0.0044 (0.0047)  loss_CrossEntropy: 0.0044 (0.0047)  time: 1.2429  data: 0.2193  max mem: 17023
Epoch: [167] Total time: 0:02:06 (1.3312 s / it)
Averaged stats: lr: 0.000100  loss: 0.0044 (0.0047)  loss_CrossEntropy: 0.0044 (0.0047)
Test:  [ 0/19]  eta: 0:00:07  loss: 0.1794 (0.1794)  loss_CrossEntropy: 0.1794 (0.1794)  Rv: 0.0000 (0.0000)  Lv: 0.8514 (0.8514)  Myo: 0.5620 (0.5620)  Avg: 0.4711 (0.4711)  time: 0.3773  data: 0.3442  max mem: 17023
Test:  [10/19]  eta: 0:00:00  loss: 0.1853 (0.1833)  loss_CrossEntropy: 0.1853 (0.1833)  Rv: 0.8212 (0.6985)  Lv: 0.9465 (0.9157)  Myo: 0.8459 (0.7960)  Avg: 0.8309 (0.8034)  time: 0.0534  data: 0.0317  max mem: 17023
Test:  [18/19]  eta: 0:00:00  loss: 0.1849 (0.1850)  loss_CrossEntropy: 0.1849 (0.1850)  Rv: 0.6816 (0.6187)  Lv: 0.9299 (0.9039)  Myo: 0.8382 (0.8019)  Avg: 0.8265 (0.7748)  time: 0.0332  data: 0.0158  max mem: 17023
Test: Total time: 0:00:04 (0.2148 s / it)
Averaged stats: loss: 0.1849 (0.1850)  loss_CrossEntropy: 0.1849 (0.1850)  Rv: 0.6816 (0.6187)  Lv: 0.9299 (0.9039)  Myo: 0.8382 (0.8019)  Avg: 0.8265 (0.7748)
dice score: 0.7748418764064187
Update high dice score model!
cutout loss: 0.007230850867927074
original loss: 0.0016053840517997742
integrity loss: 0.0009850681526586413
invariant loss: 0.011514849029481411
Epoch: [168]  [ 0/95]  eta: 0:02:25  lr: 0.000100  loss: 0.0016 (0.0016)  loss_CrossEntropy: 0.0016 (0.0016)  time: 1.5358  data: 0.5470  max mem: 17023
Epoch: [168]  [10/95]  eta: 0:02:10  lr: 0.000100  loss: 0.0052 (0.0046)  loss_CrossEntropy: 0.0052 (0.0046)  time: 1.5317  data: 0.5228  max mem: 17023
Epoch: [168]  [20/95]  eta: 0:01:16  lr: 0.000100  loss: 0.0049 (0.0048)  loss_CrossEntropy: 0.0049 (0.0048)  time: 1.0194  data: 0.0335  max mem: 17023
Epoch: [168]  [30/95]  eta: 0:01:23  lr: 0.000100  loss: 0.0045 (0.0048)  loss_CrossEntropy: 0.0045 (0.0048)  time: 1.2883  data: 0.2716  max mem: 17023
Epoch: [168]  [40/95]  eta: 0:01:09  lr: 0.000100  loss: 0.0046 (0.0048)  loss_CrossEntropy: 0.0046 (0.0048)  time: 1.2710  data: 0.2755  max mem: 17023
Epoch: [168]  [50/95]  eta: 0:00:53  lr: 0.000100  loss: 0.0044 (0.0047)  loss_CrossEntropy: 0.0044 (0.0047)  time: 1.1808  data: 0.2071  max mem: 17023
Epoch: [168]  [60/95]  eta: 0:00:42  lr: 0.000100  loss: 0.0040 (0.0045)  loss_CrossEntropy: 0.0040 (0.0045)  time: 1.2170  data: 0.2415  max mem: 17023
Epoch: [168]  [70/95]  eta: 0:00:30  lr: 0.000100  loss: 0.0040 (0.0045)  loss_CrossEntropy: 0.0040 (0.0045)  time: 1.2394  data: 0.2539  max mem: 17023
Epoch: [168]  [80/95]  eta: 0:00:21  lr: 0.000100  loss: 0.0044 (0.0045)  loss_CrossEntropy: 0.0044 (0.0045)  time: 1.4496  data: 0.4738  max mem: 17023
Epoch: [168]  [90/95]  eta: 0:00:07  lr: 0.000100  loss: 0.0044 (0.0046)  loss_CrossEntropy: 0.0044 (0.0046)  time: 1.5306  data: 0.5487  max mem: 17023
Epoch: [168]  [94/95]  eta: 0:00:01  lr: 0.000100  loss: 0.0044 (0.0046)  loss_CrossEntropy: 0.0044 (0.0046)  time: 1.0281  data: 0.0350  max mem: 17023
Epoch: [168] Total time: 0:02:04 (1.3129 s / it)
Averaged stats: lr: 0.000100  loss: 0.0044 (0.0046)  loss_CrossEntropy: 0.0044 (0.0046)
Test:  [ 0/19]  eta: 0:00:05  loss: 0.1728 (0.1728)  loss_CrossEntropy: 0.1728 (0.1728)  Rv: 0.0000 (0.0000)  Lv: 0.8398 (0.8398)  Myo: 0.6142 (0.6142)  Avg: 0.4847 (0.4847)  time: 0.3022  data: 0.2819  max mem: 17023
Test:  [10/19]  eta: 0:00:00  loss: 0.1839 (0.1868)  loss_CrossEntropy: 0.1839 (0.1868)  Rv: 0.8285 (0.7340)  Lv: 0.9450 (0.9163)  Myo: 0.8513 (0.8155)  Avg: 0.8727 (0.8219)  time: 0.0400  data: 0.0192  max mem: 17023
Test:  [18/19]  eta: 0:00:00  loss: 0.1866 (0.1896)  loss_CrossEntropy: 0.1866 (0.1896)  Rv: 0.7169 (0.6415)  Lv: 0.9069 (0.9067)  Myo: 0.8178 (0.8131)  Avg: 0.7882 (0.7871)  time: 0.0325  data: 0.0154  max mem: 17023
Test: Total time: 0:00:02 (0.1181 s / it)
Averaged stats: loss: 0.1866 (0.1896)  loss_CrossEntropy: 0.1866 (0.1896)  Rv: 0.7169 (0.6415)  Lv: 0.9069 (0.9067)  Myo: 0.8178 (0.8131)  Avg: 0.7882 (0.7871)
dice score: 0.7870783147058988
Update high dice score model!
cutout loss: 0.006395682226866484
original loss: 0.0028503993526101112
integrity loss: 0.0007784783956594765
invariant loss: 0.012855136767029762
Epoch: [169]  [ 0/95]  eta: 0:01:57  lr: 0.000100  loss: 0.0029 (0.0029)  loss_CrossEntropy: 0.0029 (0.0029)  time: 1.2328  data: 0.2421  max mem: 17023
Epoch: [169]  [10/95]  eta: 0:01:51  lr: 0.000100  loss: 0.0047 (0.0045)  loss_CrossEntropy: 0.0047 (0.0045)  time: 1.3110  data: 0.3334  max mem: 17023
Epoch: [169]  [20/95]  eta: 0:01:47  lr: 0.000100  loss: 0.0046 (0.0046)  loss_CrossEntropy: 0.0046 (0.0046)  time: 1.4271  data: 0.4418  max mem: 17023
Epoch: [169]  [30/95]  eta: 0:01:13  lr: 0.000100  loss: 0.0044 (0.0046)  loss_CrossEntropy: 0.0044 (0.0046)  time: 1.1375  data: 0.1563  max mem: 17023
Epoch: [169]  [40/95]  eta: 0:01:26  lr: 0.000100  loss: 0.0047 (0.0047)  loss_CrossEntropy: 0.0047 (0.0047)  time: 1.5774  data: 0.5785  max mem: 17023
Epoch: [169]  [50/95]  eta: 0:01:02  lr: 0.000100  loss: 0.0044 (0.0045)  loss_CrossEntropy: 0.0044 (0.0045)  time: 1.3995  data: 0.4086  max mem: 17023
Epoch: [169]  [60/95]  eta: 0:00:49  lr: 0.000100  loss: 0.0038 (0.0045)  loss_CrossEntropy: 0.0038 (0.0045)  time: 1.4068  data: 0.4246  max mem: 17023
Epoch: [169]  [70/95]  eta: 0:00:34  lr: 0.000100  loss: 0.0039 (0.0044)  loss_CrossEntropy: 0.0039 (0.0044)  time: 1.3706  data: 0.3644  max mem: 17023
Epoch: [169]  [80/95]  eta: 0:00:23  lr: 0.000100  loss: 0.0036 (0.0044)  loss_CrossEntropy: 0.0036 (0.0044)  time: 1.5334  data: 0.5468  max mem: 17023
Epoch: [169]  [90/95]  eta: 0:00:07  lr: 0.000100  loss: 0.0036 (0.0043)  loss_CrossEntropy: 0.0036 (0.0043)  time: 1.4666  data: 0.4791  max mem: 17023
Epoch: [169]  [94/95]  eta: 0:00:01  lr: 0.000100  loss: 0.0034 (0.0043)  loss_CrossEntropy: 0.0034 (0.0043)  time: 1.3422  data: 0.3546  max mem: 17023
Epoch: [169] Total time: 0:02:05 (1.3232 s / it)
Averaged stats: lr: 0.000100  loss: 0.0034 (0.0043)  loss_CrossEntropy: 0.0034 (0.0043)
Test:  [ 0/19]  eta: 0:00:07  loss: 0.1340 (0.1340)  loss_CrossEntropy: 0.1340 (0.1340)  Rv: 0.0000 (0.0000)  Lv: 0.8465 (0.8465)  Myo: 0.6593 (0.6593)  Avg: 0.5019 (0.5019)  time: 0.3748  data: 0.3447  max mem: 17023
Test:  [10/19]  eta: 0:00:00  loss: 0.1536 (0.1552)  loss_CrossEntropy: 0.1536 (0.1552)  Rv: 0.7439 (0.6814)  Lv: 0.9092 (0.8911)  Myo: 0.7972 (0.7563)  Avg: 0.7895 (0.7763)  time: 0.0449  data: 0.0237  max mem: 17023
Test:  [18/19]  eta: 0:00:00  loss: 0.1507 (0.1506)  loss_CrossEntropy: 0.1507 (0.1506)  Rv: 0.6390 (0.6037)  Lv: 0.8959 (0.8886)  Myo: 0.7966 (0.7733)  Avg: 0.7571 (0.7552)  time: 0.0445  data: 0.0271  max mem: 17023
Test: Total time: 0:00:03 (0.1862 s / it)
Averaged stats: loss: 0.1507 (0.1506)  loss_CrossEntropy: 0.1507 (0.1506)  Rv: 0.6390 (0.6037)  Lv: 0.8959 (0.8886)  Myo: 0.7966 (0.7733)  Avg: 0.7571 (0.7552)
dice score: 0.755173855706265
Update high dice score model!
cutout loss: 0.005081654526293278
original loss: 0.005744426045566797
integrity loss: 0.0010734855895861983
invariant loss: 0.009262061677873135
Epoch: [170]  [ 0/95]  eta: 0:01:37  lr: 0.000100  loss: 0.0057 (0.0057)  loss_CrossEntropy: 0.0057 (0.0057)  time: 1.0225  data: 0.0472  max mem: 17023
Epoch: [170]  [10/95]  eta: 0:01:30  lr: 0.000100  loss: 0.0036 (0.0048)  loss_CrossEntropy: 0.0036 (0.0048)  time: 1.0625  data: 0.0742  max mem: 17023
Epoch: [170]  [20/95]  eta: 0:01:20  lr: 0.000100  loss: 0.0036 (0.0044)  loss_CrossEntropy: 0.0036 (0.0044)  time: 1.0744  data: 0.0783  max mem: 17023
Epoch: [170]  [30/95]  eta: 0:01:32  lr: 0.000100  loss: 0.0035 (0.0042)  loss_CrossEntropy: 0.0035 (0.0042)  time: 1.4182  data: 0.4282  max mem: 17023
Epoch: [170]  [40/95]  eta: 0:01:10  lr: 0.000100  loss: 0.0038 (0.0042)  loss_CrossEntropy: 0.0038 (0.0042)  time: 1.2800  data: 0.2945  max mem: 17023
Epoch: [170]  [50/95]  eta: 0:01:15  lr: 0.000100  loss: 0.0041 (0.0042)  loss_CrossEntropy: 0.0041 (0.0042)  time: 1.6825  data: 0.6702  max mem: 17023
Epoch: [170]  [60/95]  eta: 0:00:49  lr: 0.000100  loss: 0.0039 (0.0042)  loss_CrossEntropy: 0.0039 (0.0042)  time: 1.4039  data: 0.3940  max mem: 17023
Epoch: [170]  [70/95]  eta: 0:00:30  lr: 0.000100  loss: 0.0036 (0.0041)  loss_CrossEntropy: 0.0036 (0.0041)  time: 1.2263  data: 0.2458  max mem: 17023
Epoch: [170]  [80/95]  eta: 0:00:26  lr: 0.000100  loss: 0.0040 (0.0041)  loss_CrossEntropy: 0.0040 (0.0041)  time: 1.7435  data: 0.7541  max mem: 17023
Epoch: [170]  [90/95]  eta: 0:00:05  lr: 0.000100  loss: 0.0043 (0.0042)  loss_CrossEntropy: 0.0043 (0.0042)  time: 1.0413  data: 0.0620  max mem: 17023
Epoch: [170]  [94/95]  eta: 0:00:01  lr: 0.000100  loss: 0.0043 (0.0041)  loss_CrossEntropy: 0.0043 (0.0041)  time: 1.4131  data: 0.4249  max mem: 17023
Epoch: [170] Total time: 0:02:05 (1.3166 s / it)
Averaged stats: lr: 0.000100  loss: 0.0043 (0.0041)  loss_CrossEntropy: 0.0043 (0.0041)
Test:  [ 0/19]  eta: 0:00:04  loss: 0.1631 (0.1631)  loss_CrossEntropy: 0.1631 (0.1631)  Rv: 0.0000 (0.0000)  Lv: 0.7066 (0.7066)  Myo: 0.6307 (0.6307)  Avg: 0.4458 (0.4458)  time: 0.2327  data: 0.2118  max mem: 17023
Test:  [10/19]  eta: 0:00:00  loss: 0.1631 (0.1634)  loss_CrossEntropy: 0.1631 (0.1634)  Rv: 0.8439 (0.7400)  Lv: 0.9378 (0.9246)  Myo: 0.8590 (0.8217)  Avg: 0.8793 (0.8288)  time: 0.0402  data: 0.0194  max mem: 17023
Test:  [18/19]  eta: 0:00:00  loss: 0.1654 (0.1656)  loss_CrossEntropy: 0.1654 (0.1656)  Rv: 0.7074 (0.6544)  Lv: 0.9366 (0.9044)  Myo: 0.8567 (0.8078)  Avg: 0.8339 (0.7889)  time: 0.0332  data: 0.0158  max mem: 17023
Test: Total time: 0:00:02 (0.1497 s / it)
Averaged stats: loss: 0.1654 (0.1656)  loss_CrossEntropy: 0.1654 (0.1656)  Rv: 0.7074 (0.6544)  Lv: 0.9366 (0.9044)  Myo: 0.8567 (0.8078)  Avg: 0.8339 (0.7889)
dice score: 0.7888642737739965
Update high dice score model!
cutout loss: 0.01656249724328518
original loss: 0.0047270325012505054
integrity loss: 0.0011561930878087878
invariant loss: 0.014094042591750622
Epoch: [171]  [ 0/95]  eta: 0:01:51  lr: 0.000100  loss: 0.0047 (0.0047)  loss_CrossEntropy: 0.0047 (0.0047)  time: 1.1700  data: 0.1895  max mem: 17023
Epoch: [171]  [10/95]  eta: 0:01:53  lr: 0.000100  loss: 0.0040 (0.0045)  loss_CrossEntropy: 0.0040 (0.0045)  time: 1.3361  data: 0.3530  max mem: 17023
Epoch: [171]  [20/95]  eta: 0:01:33  lr: 0.000100  loss: 0.0038 (0.0042)  loss_CrossEntropy: 0.0038 (0.0042)  time: 1.2512  data: 0.2209  max mem: 17023
Epoch: [171]  [30/95]  eta: 0:01:06  lr: 0.000100  loss: 0.0041 (0.0042)  loss_CrossEntropy: 0.0041 (0.0042)  time: 1.0255  data: 0.0416  max mem: 17023
Epoch: [171]  [40/95]  eta: 0:01:22  lr: 0.000100  loss: 0.0041 (0.0042)  loss_CrossEntropy: 0.0041 (0.0042)  time: 1.4940  data: 0.4783  max mem: 17023
Epoch: [171]  [50/95]  eta: 0:00:49  lr: 0.000100  loss: 0.0039 (0.0041)  loss_CrossEntropy: 0.0039 (0.0041)  time: 1.0985  data: 0.1081  max mem: 17023
Epoch: [171]  [60/95]  eta: 0:00:50  lr: 0.000100  loss: 0.0036 (0.0041)  loss_CrossEntropy: 0.0036 (0.0041)  time: 1.4467  data: 0.4513  max mem: 17023
Epoch: [171]  [70/95]  eta: 0:00:38  lr: 0.000100  loss: 0.0036 (0.0041)  loss_CrossEntropy: 0.0036 (0.0041)  time: 1.5333  data: 0.5176  max mem: 17023
Epoch: [171]  [80/95]  eta: 0:00:18  lr: 0.000100  loss: 0.0040 (0.0042)  loss_CrossEntropy: 0.0040 (0.0042)  time: 1.2624  data: 0.2736  max mem: 17023
Epoch: [171]  [90/95]  eta: 0:00:05  lr: 0.000100  loss: 0.0038 (0.0042)  loss_CrossEntropy: 0.0038 (0.0042)  time: 1.0906  data: 0.1176  max mem: 17023
Epoch: [171]  [94/95]  eta: 0:00:01  lr: 0.000100  loss: 0.0037 (0.0042)  loss_CrossEntropy: 0.0037 (0.0042)  time: 1.1386  data: 0.1570  max mem: 17023
Epoch: [171] Total time: 0:02:05 (1.3185 s / it)
Averaged stats: lr: 0.000100  loss: 0.0037 (0.0042)  loss_CrossEntropy: 0.0037 (0.0042)
Test:  [ 0/19]  eta: 0:00:00  loss: 0.1364 (0.1364)  loss_CrossEntropy: 0.1364 (0.1364)  Rv: 0.0000 (0.0000)  Lv: 0.7047 (0.7047)  Myo: 0.6411 (0.6411)  Avg: 0.4486 (0.4486)  time: 0.0493  data: 0.0289  max mem: 17023
Test:  [10/19]  eta: 0:00:02  loss: 0.1297 (0.1298)  loss_CrossEntropy: 0.1297 (0.1298)  Rv: 0.8934 (0.7252)  Lv: 0.9496 (0.9179)  Myo: 0.8459 (0.8256)  Avg: 0.9002 (0.8229)  time: 0.2677  data: 0.2457  max mem: 17023
Test:  [18/19]  eta: 0:00:00  loss: 0.1238 (0.1285)  loss_CrossEntropy: 0.1238 (0.1285)  Rv: 0.7140 (0.6514)  Lv: 0.9262 (0.9114)  Myo: 0.8421 (0.8257)  Avg: 0.8325 (0.7961)  time: 0.0328  data: 0.0155  max mem: 17023
Test: Total time: 0:00:02 (0.1399 s / it)
Averaged stats: loss: 0.1238 (0.1285)  loss_CrossEntropy: 0.1238 (0.1285)  Rv: 0.7140 (0.6514)  Lv: 0.9262 (0.9114)  Myo: 0.8421 (0.8257)  Avg: 0.8325 (0.7961)
dice score: 0.7961443725385164
Update high dice score model!
cutout loss: 0.007069400046020746
original loss: 0.002130565932020545
integrity loss: 0.0008963048458099365
invariant loss: 0.017334729433059692
Epoch: [172]  [ 0/95]  eta: 0:01:51  lr: 0.000100  loss: 0.0021 (0.0021)  loss_CrossEntropy: 0.0021 (0.0021)  time: 1.1690  data: 0.1798  max mem: 17023
Epoch: [172]  [10/95]  eta: 0:01:58  lr: 0.000100  loss: 0.0034 (0.0036)  loss_CrossEntropy: 0.0034 (0.0036)  time: 1.3888  data: 0.3946  max mem: 17023
Epoch: [172]  [20/95]  eta: 0:01:48  lr: 0.000100  loss: 0.0037 (0.0038)  loss_CrossEntropy: 0.0037 (0.0038)  time: 1.4496  data: 0.4336  max mem: 17023
Epoch: [172]  [30/95]  eta: 0:01:12  lr: 0.000100  loss: 0.0037 (0.0039)  loss_CrossEntropy: 0.0037 (0.0039)  time: 1.1081  data: 0.1148  max mem: 17023
Epoch: [172]  [40/95]  eta: 0:01:07  lr: 0.000100  loss: 0.0035 (0.0040)  loss_CrossEntropy: 0.0035 (0.0040)  time: 1.2293  data: 0.2337  max mem: 17023
Epoch: [172]  [50/95]  eta: 0:01:02  lr: 0.000100  loss: 0.0035 (0.0041)  loss_CrossEntropy: 0.0035 (0.0041)  time: 1.3929  data: 0.4111  max mem: 17023
Epoch: [172]  [60/95]  eta: 0:00:37  lr: 0.000100  loss: 0.0039 (0.0040)  loss_CrossEntropy: 0.0039 (0.0040)  time: 1.0579  data: 0.0360  max mem: 17023
Epoch: [172]  [70/95]  eta: 0:00:25  lr: 0.000100  loss: 0.0040 (0.0041)  loss_CrossEntropy: 0.0040 (0.0041)  time: 1.0082  data: 0.0274  max mem: 17023
Epoch: [172]  [80/95]  eta: 0:00:28  lr: 0.000100  loss: 0.0040 (0.0041)  loss_CrossEntropy: 0.0040 (0.0041)  time: 1.8691  data: 0.8091  max mem: 17023
Epoch: [172]  [90/95]  eta: 0:00:07  lr: 0.000100  loss: 0.0037 (0.0041)  loss_CrossEntropy: 0.0037 (0.0041)  time: 1.4048  data: 0.4148  max mem: 17023
Epoch: [172]  [94/95]  eta: 0:00:01  lr: 0.000100  loss: 0.0037 (0.0041)  loss_CrossEntropy: 0.0037 (0.0041)  time: 1.7124  data: 0.7216  max mem: 17023
Epoch: [172] Total time: 0:02:07 (1.3393 s / it)
Averaged stats: lr: 0.000100  loss: 0.0037 (0.0041)  loss_CrossEntropy: 0.0037 (0.0041)
Test:  [ 0/19]  eta: 0:00:04  loss: 0.1310 (0.1310)  loss_CrossEntropy: 0.1310 (0.1310)  Rv: 0.0000 (0.0000)  Lv: 0.8265 (0.8265)  Myo: 0.6341 (0.6341)  Avg: 0.4868 (0.4868)  time: 0.2280  data: 0.2076  max mem: 17023
Test:  [10/19]  eta: 0:00:02  loss: 0.1194 (0.1207)  loss_CrossEntropy: 0.1194 (0.1207)  Rv: 0.8158 (0.7002)  Lv: 0.9325 (0.9155)  Myo: 0.8175 (0.7712)  Avg: 0.8346 (0.7956)  time: 0.3063  data: 0.2844  max mem: 17023
Test:  [18/19]  eta: 0:00:00  loss: 0.1194 (0.1198)  loss_CrossEntropy: 0.1194 (0.1198)  Rv: 0.7023 (0.6266)  Lv: 0.9138 (0.9035)  Myo: 0.8083 (0.7832)  Avg: 0.8068 (0.7711)  time: 0.2640  data: 0.2468  max mem: 17023
Test: Total time: 0:00:04 (0.2183 s / it)
Averaged stats: loss: 0.1194 (0.1198)  loss_CrossEntropy: 0.1194 (0.1198)  Rv: 0.7023 (0.6266)  Lv: 0.9138 (0.9035)  Myo: 0.8083 (0.7832)  Avg: 0.8068 (0.7711)
dice score: 0.7710738652630856
Update high dice score model!
cutout loss: 0.017856530845165253
original loss: 0.005590222310274839
integrity loss: 0.0012160598998889327
invariant loss: 0.016217654570937157
Epoch: [173]  [ 0/95]  eta: 0:02:16  lr: 0.000100  loss: 0.0056 (0.0056)  loss_CrossEntropy: 0.0056 (0.0056)  time: 1.4420  data: 0.4645  max mem: 17023
Epoch: [173]  [10/95]  eta: 0:01:51  lr: 0.000100  loss: 0.0034 (0.0034)  loss_CrossEntropy: 0.0034 (0.0034)  time: 1.3071  data: 0.3006  max mem: 17023
Epoch: [173]  [20/95]  eta: 0:01:49  lr: 0.000100  loss: 0.0036 (0.0037)  loss_CrossEntropy: 0.0036 (0.0037)  time: 1.4611  data: 0.4829  max mem: 17023
Epoch: [173]  [30/95]  eta: 0:01:43  lr: 0.000100  loss: 0.0040 (0.0041)  loss_CrossEntropy: 0.0040 (0.0041)  time: 1.5909  data: 0.6069  max mem: 17023
Epoch: [173]  [40/95]  eta: 0:01:17  lr: 0.000100  loss: 0.0042 (0.0042)  loss_CrossEntropy: 0.0042 (0.0042)  time: 1.4085  data: 0.4068  max mem: 17023
Epoch: [173]  [50/95]  eta: 0:00:56  lr: 0.000100  loss: 0.0042 (0.0043)  loss_CrossEntropy: 0.0042 (0.0043)  time: 1.2663  data: 0.2735  max mem: 17023
Epoch: [173]  [60/95]  eta: 0:00:51  lr: 0.000100  loss: 0.0041 (0.0042)  loss_CrossEntropy: 0.0041 (0.0042)  time: 1.4736  data: 0.4915  max mem: 17023
Epoch: [173]  [70/95]  eta: 0:00:27  lr: 0.000100  loss: 0.0041 (0.0043)  loss_CrossEntropy: 0.0041 (0.0043)  time: 1.1191  data: 0.1440  max mem: 17023
Epoch: [173]  [80/95]  eta: 0:00:15  lr: 0.000100  loss: 0.0042 (0.0043)  loss_CrossEntropy: 0.0042 (0.0043)  time: 1.0371  data: 0.0321  max mem: 17023
Epoch: [173]  [90/95]  eta: 0:00:06  lr: 0.000100  loss: 0.0042 (0.0044)  loss_CrossEntropy: 0.0042 (0.0044)  time: 1.2886  data: 0.2935  max mem: 17023
Epoch: [173]  [94/95]  eta: 0:00:01  lr: 0.000100  loss: 0.0041 (0.0044)  loss_CrossEntropy: 0.0041 (0.0044)  time: 1.4296  data: 0.4452  max mem: 17023
Epoch: [173] Total time: 0:02:04 (1.3115 s / it)
Averaged stats: lr: 0.000100  loss: 0.0041 (0.0044)  loss_CrossEntropy: 0.0041 (0.0044)
Test:  [ 0/19]  eta: 0:00:07  loss: 0.1649 (0.1649)  loss_CrossEntropy: 0.1649 (0.1649)  Rv: 0.0000 (0.0000)  Lv: 0.8400 (0.8400)  Myo: 0.6345 (0.6345)  Avg: 0.4915 (0.4915)  time: 0.3837  data: 0.3505  max mem: 17023
Test:  [10/19]  eta: 0:00:00  loss: 0.1637 (0.1587)  loss_CrossEntropy: 0.1637 (0.1587)  Rv: 0.7673 (0.6167)  Lv: 0.9489 (0.9325)  Myo: 0.8691 (0.8324)  Avg: 0.8231 (0.7939)  time: 0.0452  data: 0.0240  max mem: 17023
Test:  [18/19]  eta: 0:00:00  loss: 0.1617 (0.1597)  loss_CrossEntropy: 0.1617 (0.1597)  Rv: 0.6926 (0.5459)  Lv: 0.9326 (0.9098)  Myo: 0.8271 (0.8198)  Avg: 0.7569 (0.7585)  time: 0.2789  data: 0.2616  max mem: 17023
Test: Total time: 0:00:03 (0.1735 s / it)
Averaged stats: loss: 0.1617 (0.1597)  loss_CrossEntropy: 0.1617 (0.1597)  Rv: 0.6926 (0.5459)  Lv: 0.9326 (0.9098)  Myo: 0.8271 (0.8198)  Avg: 0.7569 (0.7585)
dice score: 0.7584909922198245
Update high dice score model!
cutout loss: 0.012267516925930977
original loss: 0.003961593843996525
integrity loss: 0.0008207678911276162
invariant loss: 0.013753694482147694
Epoch: [174]  [ 0/95]  eta: 0:02:16  lr: 0.000100  loss: 0.0040 (0.0040)  loss_CrossEntropy: 0.0040 (0.0040)  time: 1.4361  data: 0.4331  max mem: 17023
Epoch: [174]  [10/95]  eta: 0:01:51  lr: 0.000100  loss: 0.0040 (0.0041)  loss_CrossEntropy: 0.0040 (0.0041)  time: 1.3061  data: 0.3179  max mem: 17023
Epoch: [174]  [20/95]  eta: 0:01:49  lr: 0.000100  loss: 0.0038 (0.0040)  loss_CrossEntropy: 0.0038 (0.0040)  time: 1.4619  data: 0.4631  max mem: 17023
Epoch: [174]  [30/95]  eta: 0:01:21  lr: 0.000100  loss: 0.0036 (0.0039)  loss_CrossEntropy: 0.0036 (0.0039)  time: 1.2564  data: 0.2654  max mem: 17023
Epoch: [174]  [40/95]  eta: 0:01:29  lr: 0.000100  loss: 0.0039 (0.0040)  loss_CrossEntropy: 0.0039 (0.0040)  time: 1.6281  data: 0.6379  max mem: 17023
Epoch: [174]  [50/95]  eta: 0:01:13  lr: 0.000100  loss: 0.0044 (0.0042)  loss_CrossEntropy: 0.0044 (0.0042)  time: 1.6267  data: 0.6298  max mem: 17023
Epoch: [174]  [60/95]  eta: 0:00:49  lr: 0.000100  loss: 0.0047 (0.0042)  loss_CrossEntropy: 0.0047 (0.0042)  time: 1.4045  data: 0.4270  max mem: 17023
Epoch: [174]  [70/95]  eta: 0:00:31  lr: 0.000100  loss: 0.0037 (0.0041)  loss_CrossEntropy: 0.0037 (0.0041)  time: 1.2588  data: 0.2643  max mem: 17023
Epoch: [174]  [80/95]  eta: 0:00:15  lr: 0.000100  loss: 0.0037 (0.0041)  loss_CrossEntropy: 0.0037 (0.0041)  time: 1.0631  data: 0.0882  max mem: 17023
Epoch: [174]  [90/95]  eta: 0:00:05  lr: 0.000100  loss: 0.0039 (0.0041)  loss_CrossEntropy: 0.0039 (0.0041)  time: 1.0890  data: 0.1059  max mem: 17023
Epoch: [174]  [94/95]  eta: 0:00:01  lr: 0.000100  loss: 0.0039 (0.0042)  loss_CrossEntropy: 0.0039 (0.0042)  time: 1.1794  data: 0.2026  max mem: 17023
Epoch: [174] Total time: 0:02:02 (1.2871 s / it)
Averaged stats: lr: 0.000100  loss: 0.0039 (0.0042)  loss_CrossEntropy: 0.0039 (0.0042)
Test:  [ 0/19]  eta: 0:00:07  loss: 0.1729 (0.1729)  loss_CrossEntropy: 0.1729 (0.1729)  Rv: 0.0000 (0.0000)  Lv: 0.7322 (0.7322)  Myo: 0.6398 (0.6398)  Avg: 0.4573 (0.4573)  time: 0.3777  data: 0.3435  max mem: 17023
Test:  [10/19]  eta: 0:00:00  loss: 0.1729 (0.1785)  loss_CrossEntropy: 0.1729 (0.1785)  Rv: 0.7580 (0.7000)  Lv: 0.9418 (0.8653)  Myo: 0.8367 (0.7833)  Avg: 0.8359 (0.7829)  time: 0.0400  data: 0.0192  max mem: 17023
Test:  [18/19]  eta: 0:00:00  loss: 0.1739 (0.1797)  loss_CrossEntropy: 0.1739 (0.1797)  Rv: 0.7139 (0.6240)  Lv: 0.9001 (0.8718)  Myo: 0.8233 (0.7900)  Avg: 0.7915 (0.7619)  time: 0.1805  data: 0.1626  max mem: 17023
Test: Total time: 0:00:03 (0.1683 s / it)
Averaged stats: loss: 0.1739 (0.1797)  loss_CrossEntropy: 0.1739 (0.1797)  Rv: 0.7139 (0.6240)  Lv: 0.9001 (0.8718)  Myo: 0.8233 (0.7900)  Avg: 0.7915 (0.7619)
dice score: 0.7619364591021287
Update high dice score model!
cutout loss: 0.012224068865180016
original loss: 0.003980499692261219
integrity loss: 0.000934773706831038
invariant loss: 0.010800403542816639
Epoch: [175]  [ 0/95]  eta: 0:02:03  lr: 0.000100  loss: 0.0040 (0.0040)  loss_CrossEntropy: 0.0040 (0.0040)  time: 1.2965  data: 0.3035  max mem: 17023
Epoch: [175]  [10/95]  eta: 0:01:53  lr: 0.000100  loss: 0.0035 (0.0036)  loss_CrossEntropy: 0.0035 (0.0036)  time: 1.3311  data: 0.3373  max mem: 17023
Epoch: [175]  [20/95]  eta: 0:01:29  lr: 0.000100  loss: 0.0034 (0.0037)  loss_CrossEntropy: 0.0034 (0.0037)  time: 1.1966  data: 0.2229  max mem: 17023
Epoch: [175]  [30/95]  eta: 0:01:26  lr: 0.000100  loss: 0.0039 (0.0039)  loss_CrossEntropy: 0.0039 (0.0039)  time: 1.3299  data: 0.3381  max mem: 17023
Epoch: [175]  [40/95]  eta: 0:01:10  lr: 0.000100  loss: 0.0041 (0.0040)  loss_CrossEntropy: 0.0041 (0.0040)  time: 1.2885  data: 0.3109  max mem: 17023
Epoch: [175]  [50/95]  eta: 0:00:59  lr: 0.000100  loss: 0.0035 (0.0039)  loss_CrossEntropy: 0.0035 (0.0039)  time: 1.3298  data: 0.3512  max mem: 17023
Epoch: [175]  [60/95]  eta: 0:01:06  lr: 0.000100  loss: 0.0035 (0.0039)  loss_CrossEntropy: 0.0035 (0.0039)  time: 1.9076  data: 0.9225  max mem: 17023
Epoch: [175]  [70/95]  eta: 0:00:29  lr: 0.000100  loss: 0.0039 (0.0040)  loss_CrossEntropy: 0.0039 (0.0040)  time: 1.1975  data: 0.2243  max mem: 17023
Epoch: [175]  [80/95]  eta: 0:00:15  lr: 0.000100  loss: 0.0036 (0.0040)  loss_CrossEntropy: 0.0036 (0.0040)  time: 1.0051  data: 0.0295  max mem: 17023
Epoch: [175]  [90/95]  eta: 0:00:06  lr: 0.000100  loss: 0.0035 (0.0040)  loss_CrossEntropy: 0.0035 (0.0040)  time: 1.2398  data: 0.2517  max mem: 17023
Epoch: [175]  [94/95]  eta: 0:00:01  lr: 0.000100  loss: 0.0035 (0.0040)  loss_CrossEntropy: 0.0035 (0.0040)  time: 1.2555  data: 0.2652  max mem: 17023
Epoch: [175] Total time: 0:02:05 (1.3199 s / it)
Averaged stats: lr: 0.000100  loss: 0.0035 (0.0040)  loss_CrossEntropy: 0.0035 (0.0040)
Test:  [ 0/19]  eta: 0:00:04  loss: 0.1710 (0.1710)  loss_CrossEntropy: 0.1710 (0.1710)  Rv: 0.0000 (0.0000)  Lv: 0.7111 (0.7111)  Myo: 0.6183 (0.6183)  Avg: 0.4431 (0.4431)  time: 0.2343  data: 0.2012  max mem: 17023
Test:  [10/19]  eta: 0:00:00  loss: 0.1626 (0.1649)  loss_CrossEntropy: 0.1626 (0.1649)  Rv: 0.7728 (0.7196)  Lv: 0.9478 (0.9165)  Myo: 0.8376 (0.8033)  Avg: 0.8143 (0.8132)  time: 0.0479  data: 0.0267  max mem: 17023
Test:  [18/19]  eta: 0:00:00  loss: 0.1676 (0.1672)  loss_CrossEntropy: 0.1676 (0.1672)  Rv: 0.7177 (0.6439)  Lv: 0.9087 (0.9041)  Myo: 0.8108 (0.8030)  Avg: 0.8017 (0.7837)  time: 0.3054  data: 0.2764  max mem: 17023
Test: Total time: 0:00:04 (0.2121 s / it)
Averaged stats: loss: 0.1676 (0.1672)  loss_CrossEntropy: 0.1676 (0.1672)  Rv: 0.7177 (0.6439)  Lv: 0.9087 (0.9041)  Myo: 0.8108 (0.8030)  Avg: 0.8017 (0.7837)
dice score: 0.7836970937879462
Update high dice score model!
cutout loss: 0.002952772891148925
original loss: 0.0027463717851787806
integrity loss: 0.0007235050434246659
invariant loss: 0.012108332477509975
Epoch: [176]  [ 0/95]  eta: 0:01:45  lr: 0.000100  loss: 0.0027 (0.0027)  loss_CrossEntropy: 0.0027 (0.0027)  time: 1.1112  data: 0.1202  max mem: 17023
Epoch: [176]  [10/95]  eta: 0:01:50  lr: 0.000100  loss: 0.0042 (0.0047)  loss_CrossEntropy: 0.0042 (0.0047)  time: 1.2960  data: 0.3189  max mem: 17023
Epoch: [176]  [20/95]  eta: 0:01:36  lr: 0.000100  loss: 0.0041 (0.0043)  loss_CrossEntropy: 0.0041 (0.0043)  time: 1.2813  data: 0.2998  max mem: 17023
Epoch: [176]  [30/95]  eta: 0:01:58  lr: 0.000100  loss: 0.0041 (0.0046)  loss_CrossEntropy: 0.0041 (0.0046)  time: 1.8232  data: 0.7852  max mem: 17023
Epoch: [176]  [40/95]  eta: 0:01:01  lr: 0.000100  loss: 0.0038 (0.0045)  loss_CrossEntropy: 0.0038 (0.0045)  time: 1.1220  data: 0.1408  max mem: 17023
Epoch: [176]  [50/95]  eta: 0:01:02  lr: 0.000100  loss: 0.0034 (0.0043)  loss_CrossEntropy: 0.0034 (0.0043)  time: 1.3866  data: 0.4136  max mem: 17023
Epoch: [176]  [60/95]  eta: 0:00:35  lr: 0.000100  loss: 0.0035 (0.0042)  loss_CrossEntropy: 0.0035 (0.0042)  time: 1.0096  data: 0.0337  max mem: 17023
Epoch: [176]  [70/95]  eta: 0:00:31  lr: 0.000100  loss: 0.0033 (0.0041)  loss_CrossEntropy: 0.0033 (0.0041)  time: 1.2673  data: 0.2951  max mem: 17023
Epoch: [176]  [80/95]  eta: 0:00:17  lr: 0.000100  loss: 0.0032 (0.0040)  loss_CrossEntropy: 0.0032 (0.0040)  time: 1.1979  data: 0.2214  max mem: 17023
Epoch: [176]  [90/95]  eta: 0:00:06  lr: 0.000100  loss: 0.0035 (0.0040)  loss_CrossEntropy: 0.0035 (0.0040)  time: 1.3275  data: 0.3454  max mem: 17023
Epoch: [176]  [94/95]  eta: 0:00:01  lr: 0.000100  loss: 0.0039 (0.0040)  loss_CrossEntropy: 0.0039 (0.0040)  time: 1.2536  data: 0.2720  max mem: 17023
Epoch: [176] Total time: 0:02:04 (1.3062 s / it)
Averaged stats: lr: 0.000100  loss: 0.0039 (0.0040)  loss_CrossEntropy: 0.0039 (0.0040)
Test:  [ 0/19]  eta: 0:00:05  loss: 0.1761 (0.1761)  loss_CrossEntropy: 0.1761 (0.1761)  Rv: 0.0000 (0.0000)  Lv: 0.7422 (0.7422)  Myo: 0.6715 (0.6715)  Avg: 0.4712 (0.4712)  time: 0.3155  data: 0.2939  max mem: 17023
Test:  [10/19]  eta: 0:00:00  loss: 0.1833 (0.1851)  loss_CrossEntropy: 0.1833 (0.1851)  Rv: 0.7771 (0.6611)  Lv: 0.9445 (0.9070)  Myo: 0.8289 (0.7880)  Avg: 0.8737 (0.7854)  time: 0.0706  data: 0.0494  max mem: 17023
Test:  [18/19]  eta: 0:00:00  loss: 0.1832 (0.1833)  loss_CrossEntropy: 0.1832 (0.1833)  Rv: 0.6443 (0.5959)  Lv: 0.9425 (0.8953)  Myo: 0.8105 (0.7862)  Avg: 0.8039 (0.7591)  time: 0.0856  data: 0.0655  max mem: 17023
Test: Total time: 0:00:03 (0.1746 s / it)
Averaged stats: loss: 0.1832 (0.1833)  loss_CrossEntropy: 0.1832 (0.1833)  Rv: 0.6443 (0.5959)  Lv: 0.9425 (0.8953)  Myo: 0.8105 (0.7862)  Avg: 0.8039 (0.7591)
dice score: 0.7591217897440258
Update high dice score model!
cutout loss: 0.004877330735325813
original loss: 0.00313702248968184
integrity loss: 0.0007000923505984247
invariant loss: 0.015815509483218193
Epoch: [177]  [ 0/95]  eta: 0:01:42  lr: 0.000100  loss: 0.0031 (0.0031)  loss_CrossEntropy: 0.0031 (0.0031)  time: 1.0807  data: 0.0301  max mem: 17023
Epoch: [177]  [10/95]  eta: 0:02:40  lr: 0.000100  loss: 0.0035 (0.0036)  loss_CrossEntropy: 0.0035 (0.0036)  time: 1.8841  data: 0.9052  max mem: 17023
Epoch: [177]  [20/95]  eta: 0:01:45  lr: 0.000100  loss: 0.0039 (0.0039)  loss_CrossEntropy: 0.0039 (0.0039)  time: 1.4035  data: 0.4201  max mem: 17023
Epoch: [177]  [30/95]  eta: 0:01:18  lr: 0.000100  loss: 0.0043 (0.0042)  loss_CrossEntropy: 0.0043 (0.0042)  time: 1.2099  data: 0.2243  max mem: 17023
Epoch: [177]  [40/95]  eta: 0:00:56  lr: 0.000100  loss: 0.0043 (0.0042)  loss_CrossEntropy: 0.0043 (0.0042)  time: 1.0341  data: 0.0523  max mem: 17023
Epoch: [177]  [50/95]  eta: 0:01:04  lr: 0.000100  loss: 0.0036 (0.0039)  loss_CrossEntropy: 0.0036 (0.0039)  time: 1.4384  data: 0.4665  max mem: 17023
Epoch: [177]  [60/95]  eta: 0:00:48  lr: 0.000100  loss: 0.0037 (0.0040)  loss_CrossEntropy: 0.0037 (0.0040)  time: 1.3848  data: 0.3703  max mem: 17023
Epoch: [177]  [70/95]  eta: 0:00:30  lr: 0.000100  loss: 0.0039 (0.0040)  loss_CrossEntropy: 0.0039 (0.0040)  time: 1.2322  data: 0.2513  max mem: 17023
Epoch: [177]  [80/95]  eta: 0:00:20  lr: 0.000100  loss: 0.0035 (0.0040)  loss_CrossEntropy: 0.0035 (0.0040)  time: 1.3806  data: 0.3681  max mem: 17023
Epoch: [177]  [90/95]  eta: 0:00:06  lr: 0.000100  loss: 0.0038 (0.0040)  loss_CrossEntropy: 0.0038 (0.0040)  time: 1.3177  data: 0.3383  max mem: 17023
Epoch: [177]  [94/95]  eta: 0:00:01  lr: 0.000100  loss: 0.0038 (0.0040)  loss_CrossEntropy: 0.0038 (0.0040)  time: 1.6473  data: 0.6555  max mem: 17023
Epoch: [177] Total time: 0:02:03 (1.2984 s / it)
Averaged stats: lr: 0.000100  loss: 0.0038 (0.0040)  loss_CrossEntropy: 0.0038 (0.0040)
Test:  [ 0/19]  eta: 0:00:03  loss: 0.1451 (0.1451)  loss_CrossEntropy: 0.1451 (0.1451)  Rv: 0.0000 (0.0000)  Lv: 0.8408 (0.8408)  Myo: 0.6527 (0.6527)  Avg: 0.4979 (0.4979)  time: 0.2092  data: 0.1885  max mem: 17023
Test:  [10/19]  eta: 0:00:02  loss: 0.1451 (0.1526)  loss_CrossEntropy: 0.1451 (0.1526)  Rv: 0.8415 (0.7136)  Lv: 0.9489 (0.9409)  Myo: 0.8430 (0.8103)  Avg: 0.8600 (0.8216)  time: 0.2601  data: 0.2396  max mem: 17023
Test:  [18/19]  eta: 0:00:00  loss: 0.1550 (0.1551)  loss_CrossEntropy: 0.1550 (0.1551)  Rv: 0.6874 (0.6378)  Lv: 0.9315 (0.9192)  Myo: 0.8061 (0.8099)  Avg: 0.8037 (0.7890)  time: 0.2914  data: 0.2582  max mem: 17023
Test: Total time: 0:00:02 (0.1445 s / it)
Averaged stats: loss: 0.1550 (0.1551)  loss_CrossEntropy: 0.1550 (0.1551)  Rv: 0.6874 (0.6378)  Lv: 0.9315 (0.9192)  Myo: 0.8061 (0.8099)  Avg: 0.8037 (0.7890)
dice score: 0.7889813843526339
Update high dice score model!
cutout loss: 0.00961892120540142
original loss: 0.0037082871422171593
integrity loss: 0.0006009578937664628
invariant loss: 0.010858756490051746
Epoch: [178]  [ 0/95]  eta: 0:01:37  lr: 0.000100  loss: 0.0037 (0.0037)  loss_CrossEntropy: 0.0037 (0.0037)  time: 1.0314  data: 0.0351  max mem: 17023
Epoch: [178]  [10/95]  eta: 0:01:40  lr: 0.000100  loss: 0.0038 (0.0039)  loss_CrossEntropy: 0.0038 (0.0039)  time: 1.1822  data: 0.1905  max mem: 17023
Epoch: [178]  [20/95]  eta: 0:01:56  lr: 0.000100  loss: 0.0038 (0.0040)  loss_CrossEntropy: 0.0038 (0.0040)  time: 1.5547  data: 0.5603  max mem: 17023
Epoch: [178]  [30/95]  eta: 0:01:06  lr: 0.000100  loss: 0.0035 (0.0039)  loss_CrossEntropy: 0.0035 (0.0039)  time: 1.0167  data: 0.0342  max mem: 17023
Epoch: [178]  [40/95]  eta: 0:01:27  lr: 0.000100  loss: 0.0036 (0.0039)  loss_CrossEntropy: 0.0036 (0.0039)  time: 1.5981  data: 0.6139  max mem: 17023
Epoch: [178]  [50/95]  eta: 0:01:04  lr: 0.000100  loss: 0.0038 (0.0040)  loss_CrossEntropy: 0.0038 (0.0040)  time: 1.4287  data: 0.4333  max mem: 17023
Epoch: [178]  [60/95]  eta: 0:00:43  lr: 0.000100  loss: 0.0041 (0.0040)  loss_CrossEntropy: 0.0041 (0.0040)  time: 1.2562  data: 0.2755  max mem: 17023
Epoch: [178]  [70/95]  eta: 0:00:26  lr: 0.000100  loss: 0.0038 (0.0040)  loss_CrossEntropy: 0.0038 (0.0040)  time: 1.0418  data: 0.0439  max mem: 17023
Epoch: [178]  [80/95]  eta: 0:00:21  lr: 0.000100  loss: 0.0035 (0.0040)  loss_CrossEntropy: 0.0035 (0.0040)  time: 1.4246  data: 0.4372  max mem: 17023
Epoch: [178]  [90/95]  eta: 0:00:06  lr: 0.000100  loss: 0.0031 (0.0039)  loss_CrossEntropy: 0.0031 (0.0039)  time: 1.3473  data: 0.3516  max mem: 17023
Epoch: [178]  [94/95]  eta: 0:00:01  lr: 0.000100  loss: 0.0031 (0.0039)  loss_CrossEntropy: 0.0031 (0.0039)  time: 1.3000  data: 0.3162  max mem: 17023
Epoch: [178] Total time: 0:02:05 (1.3220 s / it)
Averaged stats: lr: 0.000100  loss: 0.0031 (0.0039)  loss_CrossEntropy: 0.0031 (0.0039)
Test:  [ 0/19]  eta: 0:00:05  loss: 0.1746 (0.1746)  loss_CrossEntropy: 0.1746 (0.1746)  Rv: 0.0000 (0.0000)  Lv: 0.8431 (0.8431)  Myo: 0.6459 (0.6459)  Avg: 0.4963 (0.4963)  time: 0.2646  data: 0.2434  max mem: 17023
Test:  [10/19]  eta: 0:00:03  loss: 0.1631 (0.1612)  loss_CrossEntropy: 0.1631 (0.1612)  Rv: 0.8440 (0.7338)  Lv: 0.9458 (0.9251)  Myo: 0.8357 (0.7979)  Avg: 0.8278 (0.8189)  time: 0.3615  data: 0.3277  max mem: 17023
Test:  [18/19]  eta: 0:00:00  loss: 0.1607 (0.1591)  loss_CrossEntropy: 0.1607 (0.1591)  Rv: 0.7009 (0.6482)  Lv: 0.9222 (0.9075)  Myo: 0.8073 (0.8030)  Avg: 0.7986 (0.7863)  time: 0.2285  data: 0.1937  max mem: 17023
Test: Total time: 0:00:04 (0.2506 s / it)
Averaged stats: loss: 0.1607 (0.1591)  loss_CrossEntropy: 0.1607 (0.1591)  Rv: 0.7009 (0.6482)  Lv: 0.9222 (0.9075)  Myo: 0.8073 (0.8030)  Avg: 0.7986 (0.7863)
dice score: 0.7862572685668343
Update high dice score model!
cutout loss: 0.015374306589365005
original loss: 0.004427026957273483
integrity loss: 0.0006875753751955926
invariant loss: 0.01968974433839321
Epoch: [179]  [ 0/95]  eta: 0:01:45  lr: 0.000100  loss: 0.0044 (0.0044)  loss_CrossEntropy: 0.0044 (0.0044)  time: 1.1075  data: 0.1216  max mem: 17023
Epoch: [179]  [10/95]  eta: 0:01:44  lr: 0.000100  loss: 0.0038 (0.0040)  loss_CrossEntropy: 0.0038 (0.0040)  time: 1.2310  data: 0.2591  max mem: 17023
Epoch: [179]  [20/95]  eta: 0:01:16  lr: 0.000100  loss: 0.0038 (0.0041)  loss_CrossEntropy: 0.0038 (0.0041)  time: 1.0198  data: 0.0398  max mem: 17023
Epoch: [179]  [30/95]  eta: 0:01:33  lr: 0.000100  loss: 0.0041 (0.0040)  loss_CrossEntropy: 0.0041 (0.0040)  time: 1.4429  data: 0.4558  max mem: 17023
Epoch: [179]  [40/95]  eta: 0:00:59  lr: 0.000100  loss: 0.0029 (0.0037)  loss_CrossEntropy: 0.0029 (0.0037)  time: 1.0801  data: 0.0956  max mem: 17023
Epoch: [179]  [50/95]  eta: 0:00:49  lr: 0.000100  loss: 0.0033 (0.0038)  loss_CrossEntropy: 0.0033 (0.0038)  time: 1.0937  data: 0.1059  max mem: 17023
Epoch: [179]  [60/95]  eta: 0:00:35  lr: 0.000100  loss: 0.0043 (0.0039)  loss_CrossEntropy: 0.0043 (0.0039)  time: 1.0195  data: 0.0329  max mem: 17023
Epoch: [179]  [70/95]  eta: 0:00:31  lr: 0.000100  loss: 0.0038 (0.0039)  loss_CrossEntropy: 0.0038 (0.0039)  time: 1.2527  data: 0.2677  max mem: 17023
Epoch: [179]  [80/95]  eta: 0:00:22  lr: 0.000100  loss: 0.0035 (0.0039)  loss_CrossEntropy: 0.0035 (0.0039)  time: 1.4919  data: 0.5169  max mem: 17023
Epoch: [179]  [90/95]  eta: 0:00:06  lr: 0.000100  loss: 0.0037 (0.0038)  loss_CrossEntropy: 0.0037 (0.0038)  time: 1.2056  data: 0.2227  max mem: 17023
Epoch: [179]  [94/95]  eta: 0:00:01  lr: 0.000100  loss: 0.0035 (0.0039)  loss_CrossEntropy: 0.0035 (0.0039)  time: 1.1038  data: 0.1232  max mem: 17023
Epoch: [179] Total time: 0:02:03 (1.2950 s / it)
Averaged stats: lr: 0.000100  loss: 0.0035 (0.0039)  loss_CrossEntropy: 0.0035 (0.0039)
Test:  [ 0/19]  eta: 0:00:03  loss: 0.1544 (0.1544)  loss_CrossEntropy: 0.1544 (0.1544)  Rv: 0.0000 (0.0000)  Lv: 0.8384 (0.8384)  Myo: 0.6560 (0.6560)  Avg: 0.4981 (0.4981)  time: 0.1731  data: 0.1517  max mem: 17023
Test:  [10/19]  eta: 0:00:00  loss: 0.1527 (0.1546)  loss_CrossEntropy: 0.1527 (0.1546)  Rv: 0.7660 (0.7011)  Lv: 0.9459 (0.9207)  Myo: 0.8464 (0.8055)  Avg: 0.8122 (0.8091)  time: 0.0761  data: 0.0541  max mem: 17023
Test:  [18/19]  eta: 0:00:00  loss: 0.1499 (0.1510)  loss_CrossEntropy: 0.1499 (0.1510)  Rv: 0.6512 (0.6240)  Lv: 0.9106 (0.9074)  Myo: 0.8320 (0.8154)  Avg: 0.7956 (0.7823)  time: 0.2838  data: 0.2536  max mem: 17023
Test: Total time: 0:00:03 (0.1941 s / it)
Averaged stats: loss: 0.1499 (0.1510)  loss_CrossEntropy: 0.1499 (0.1510)  Rv: 0.6512 (0.6240)  Lv: 0.9106 (0.9074)  Myo: 0.8320 (0.8154)  Avg: 0.7956 (0.7823)
dice score: 0.7822573843755221
Update high dice score model!
cutout loss: 0.012120988219976425
original loss: 0.0037518893368542194
integrity loss: 0.0005063235876150429
invariant loss: 0.01699203811585903
Epoch: [180]  [ 0/95]  eta: 0:01:37  lr: 0.000100  loss: 0.0038 (0.0038)  loss_CrossEntropy: 0.0038 (0.0038)  time: 1.0273  data: 0.0429  max mem: 17023
Epoch: [180]  [10/95]  eta: 0:01:30  lr: 0.000100  loss: 0.0037 (0.0039)  loss_CrossEntropy: 0.0037 (0.0039)  time: 1.0628  data: 0.0674  max mem: 17023
Epoch: [180]  [20/95]  eta: 0:01:18  lr: 0.000100  loss: 0.0038 (0.0045)  loss_CrossEntropy: 0.0038 (0.0045)  time: 1.0444  data: 0.0435  max mem: 17023
Epoch: [180]  [30/95]  eta: 0:01:09  lr: 0.000100  loss: 0.0037 (0.0041)  loss_CrossEntropy: 0.0037 (0.0041)  time: 1.0704  data: 0.0968  max mem: 17023
Epoch: [180]  [40/95]  eta: 0:01:14  lr: 0.000100  loss: 0.0034 (0.0040)  loss_CrossEntropy: 0.0034 (0.0040)  time: 1.3560  data: 0.3510  max mem: 17023
Epoch: [180]  [50/95]  eta: 0:00:58  lr: 0.000100  loss: 0.0036 (0.0039)  loss_CrossEntropy: 0.0036 (0.0039)  time: 1.2947  data: 0.2923  max mem: 17023
Epoch: [180]  [60/95]  eta: 0:00:43  lr: 0.000100  loss: 0.0036 (0.0039)  loss_CrossEntropy: 0.0036 (0.0039)  time: 1.2487  data: 0.2630  max mem: 17023
Epoch: [180]  [70/95]  eta: 0:00:33  lr: 0.000100  loss: 0.0032 (0.0038)  loss_CrossEntropy: 0.0032 (0.0038)  time: 1.3522  data: 0.3734  max mem: 17023
Epoch: [180]  [80/95]  eta: 0:00:28  lr: 0.000100  loss: 0.0032 (0.0039)  loss_CrossEntropy: 0.0032 (0.0039)  time: 1.9223  data: 0.8637  max mem: 17023
Epoch: [180]  [90/95]  eta: 0:00:06  lr: 0.000100  loss: 0.0039 (0.0040)  loss_CrossEntropy: 0.0039 (0.0040)  time: 1.3849  data: 0.3990  max mem: 17023
Epoch: [180]  [94/95]  eta: 0:00:01  lr: 0.000100  loss: 0.0042 (0.0040)  loss_CrossEntropy: 0.0042 (0.0040)  time: 1.4220  data: 0.4472  max mem: 17023
Epoch: [180] Total time: 0:02:06 (1.3344 s / it)
Averaged stats: lr: 0.000100  loss: 0.0042 (0.0040)  loss_CrossEntropy: 0.0042 (0.0040)
Test:  [ 0/19]  eta: 0:00:02  loss: 0.1418 (0.1418)  loss_CrossEntropy: 0.1418 (0.1418)  Rv: 0.0000 (0.0000)  Lv: 0.7014 (0.7014)  Myo: 0.6165 (0.6165)  Avg: 0.4393 (0.4393)  time: 0.1296  data: 0.1088  max mem: 17023
Test:  [10/19]  eta: 0:00:02  loss: 0.1436 (0.1496)  loss_CrossEntropy: 0.1436 (0.1496)  Rv: 0.8777 (0.7467)  Lv: 0.9449 (0.9222)  Myo: 0.8255 (0.7941)  Avg: 0.8981 (0.8210)  time: 0.3014  data: 0.2678  max mem: 17023
Test:  [18/19]  eta: 0:00:00  loss: 0.1527 (0.1511)  loss_CrossEntropy: 0.1527 (0.1511)  Rv: 0.7105 (0.6633)  Lv: 0.9396 (0.9066)  Myo: 0.8151 (0.7938)  Avg: 0.8066 (0.7879)  time: 0.0358  data: 0.0184  max mem: 17023
Test: Total time: 0:00:02 (0.1571 s / it)
Averaged stats: loss: 0.1527 (0.1511)  loss_CrossEntropy: 0.1527 (0.1511)  Rv: 0.7105 (0.6633)  Lv: 0.9396 (0.9066)  Myo: 0.8151 (0.7938)  Avg: 0.8066 (0.7879)
dice score: 0.7879210114479065
Update high dice score model!
cutout loss: 0.014347746036946774
original loss: 0.0038685151375830173
integrity loss: 0.0005750298732891679
invariant loss: 0.015056217089295387
Epoch: [181]  [ 0/95]  eta: 0:01:42  lr: 0.000100  loss: 0.0039 (0.0039)  loss_CrossEntropy: 0.0039 (0.0039)  time: 1.0837  data: 0.1031  max mem: 17023
Epoch: [181]  [10/95]  eta: 0:01:50  lr: 0.000100  loss: 0.0051 (0.0045)  loss_CrossEntropy: 0.0051 (0.0045)  time: 1.3048  data: 0.3304  max mem: 17023
Epoch: [181]  [20/95]  eta: 0:01:41  lr: 0.000100  loss: 0.0042 (0.0042)  loss_CrossEntropy: 0.0042 (0.0042)  time: 1.3552  data: 0.3269  max mem: 17023
Epoch: [181]  [30/95]  eta: 0:01:17  lr: 0.000100  loss: 0.0036 (0.0040)  loss_CrossEntropy: 0.0036 (0.0040)  time: 1.1881  data: 0.2105  max mem: 17023
Epoch: [181]  [40/95]  eta: 0:01:06  lr: 0.000100  loss: 0.0033 (0.0038)  loss_CrossEntropy: 0.0033 (0.0038)  time: 1.2167  data: 0.2393  max mem: 17023
Epoch: [181]  [50/95]  eta: 0:00:56  lr: 0.000100  loss: 0.0035 (0.0040)  loss_CrossEntropy: 0.0035 (0.0040)  time: 1.2521  data: 0.2730  max mem: 17023
Epoch: [181]  [60/95]  eta: 0:00:42  lr: 0.000100  loss: 0.0038 (0.0040)  loss_CrossEntropy: 0.0038 (0.0040)  time: 1.2084  data: 0.2343  max mem: 17023
Epoch: [181]  [70/95]  eta: 0:00:27  lr: 0.000100  loss: 0.0036 (0.0040)  loss_CrossEntropy: 0.0036 (0.0040)  time: 1.0838  data: 0.0570  max mem: 17023
Epoch: [181]  [80/95]  eta: 0:00:23  lr: 0.000100  loss: 0.0036 (0.0039)  loss_CrossEntropy: 0.0036 (0.0039)  time: 1.5395  data: 0.5463  max mem: 17023
Epoch: [181]  [90/95]  eta: 0:00:06  lr: 0.000100  loss: 0.0034 (0.0039)  loss_CrossEntropy: 0.0034 (0.0039)  time: 1.2586  data: 0.2689  max mem: 17023
Epoch: [181]  [94/95]  eta: 0:00:01  lr: 0.000100  loss: 0.0039 (0.0039)  loss_CrossEntropy: 0.0039 (0.0039)  time: 1.4876  data: 0.4835  max mem: 17023
Epoch: [181] Total time: 0:02:02 (1.2864 s / it)
Averaged stats: lr: 0.000100  loss: 0.0039 (0.0039)  loss_CrossEntropy: 0.0039 (0.0039)
Test:  [ 0/19]  eta: 0:00:03  loss: 0.1727 (0.1727)  loss_CrossEntropy: 0.1727 (0.1727)  Rv: 0.0000 (0.0000)  Lv: 0.7001 (0.7001)  Myo: 0.5849 (0.5849)  Avg: 0.4283 (0.4283)  time: 0.1620  data: 0.1414  max mem: 17023
Test:  [10/19]  eta: 0:00:03  loss: 0.1727 (0.1756)  loss_CrossEntropy: 0.1727 (0.1756)  Rv: 0.7532 (0.7040)  Lv: 0.9447 (0.8614)  Myo: 0.8209 (0.7770)  Avg: 0.8519 (0.7808)  time: 0.3907  data: 0.3578  max mem: 17023
Test:  [18/19]  eta: 0:00:00  loss: 0.1678 (0.1733)  loss_CrossEntropy: 0.1678 (0.1733)  Rv: 0.6060 (0.6217)  Lv: 0.8913 (0.8528)  Myo: 0.7943 (0.7720)  Avg: 0.7512 (0.7488)  time: 0.3041  data: 0.2553  max mem: 17023
Test: Total time: 0:00:03 (0.1706 s / it)
Averaged stats: loss: 0.1678 (0.1733)  loss_CrossEntropy: 0.1678 (0.1733)  Rv: 0.6060 (0.6217)  Lv: 0.8913 (0.8528)  Myo: 0.7943 (0.7720)  Avg: 0.7512 (0.7488)
dice score: 0.7488485449238828
Update high dice score model!
cutout loss: 0.01652742736041546
original loss: 0.003973425831645727
integrity loss: 0.0005814969772472978
invariant loss: 0.01455730851739645
Epoch: [182]  [ 0/95]  eta: 0:01:59  lr: 0.000100  loss: 0.0040 (0.0040)  loss_CrossEntropy: 0.0040 (0.0040)  time: 1.2544  data: 0.2786  max mem: 17023
Epoch: [182]  [10/95]  eta: 0:01:31  lr: 0.000100  loss: 0.0036 (0.0039)  loss_CrossEntropy: 0.0036 (0.0039)  time: 1.0768  data: 0.0989  max mem: 17023
Epoch: [182]  [20/95]  eta: 0:01:49  lr: 0.000100  loss: 0.0036 (0.0040)  loss_CrossEntropy: 0.0036 (0.0040)  time: 1.4618  data: 0.4831  max mem: 17023
Epoch: [182]  [30/95]  eta: 0:01:05  lr: 0.000100  loss: 0.0043 (0.0043)  loss_CrossEntropy: 0.0043 (0.0043)  time: 1.0054  data: 0.0318  max mem: 17023
Epoch: [182]  [40/95]  eta: 0:01:08  lr: 0.000100  loss: 0.0039 (0.0041)  loss_CrossEntropy: 0.0039 (0.0041)  time: 1.2519  data: 0.2659  max mem: 17023
Epoch: [182]  [50/95]  eta: 0:00:53  lr: 0.000100  loss: 0.0036 (0.0040)  loss_CrossEntropy: 0.0036 (0.0040)  time: 1.1917  data: 0.1942  max mem: 17023
Epoch: [182]  [60/95]  eta: 0:00:43  lr: 0.000100  loss: 0.0038 (0.0040)  loss_CrossEntropy: 0.0038 (0.0040)  time: 1.2431  data: 0.2694  max mem: 17023
Epoch: [182]  [70/95]  eta: 0:00:25  lr: 0.000100  loss: 0.0039 (0.0041)  loss_CrossEntropy: 0.0039 (0.0041)  time: 1.0293  data: 0.0337  max mem: 17023
Epoch: [182]  [80/95]  eta: 0:00:18  lr: 0.000100  loss: 0.0036 (0.0040)  loss_CrossEntropy: 0.0036 (0.0040)  time: 1.2249  data: 0.2477  max mem: 17023
Epoch: [182]  [90/95]  eta: 0:00:06  lr: 0.000100  loss: 0.0038 (0.0040)  loss_CrossEntropy: 0.0038 (0.0040)  time: 1.2991  data: 0.2981  max mem: 17023
Epoch: [182]  [94/95]  eta: 0:00:01  lr: 0.000100  loss: 0.0038 (0.0040)  loss_CrossEntropy: 0.0038 (0.0040)  time: 1.3651  data: 0.3840  max mem: 17023
Epoch: [182] Total time: 0:02:03 (1.3003 s / it)
Averaged stats: lr: 0.000100  loss: 0.0038 (0.0040)  loss_CrossEntropy: 0.0038 (0.0040)
Test:  [ 0/19]  eta: 0:00:01  loss: 0.1052 (0.1052)  loss_CrossEntropy: 0.1052 (0.1052)  Rv: 0.0000 (0.0000)  Lv: 0.7405 (0.7405)  Myo: 0.6057 (0.6057)  Avg: 0.4487 (0.4487)  time: 0.0575  data: 0.0370  max mem: 17023
Test:  [10/19]  eta: 0:00:00  loss: 0.1172 (0.1153)  loss_CrossEntropy: 0.1172 (0.1153)  Rv: 0.8299 (0.6837)  Lv: 0.9439 (0.9014)  Myo: 0.8300 (0.7908)  Avg: 0.8363 (0.7920)  time: 0.0445  data: 0.0234  max mem: 17023
Test:  [18/19]  eta: 0:00:00  loss: 0.1165 (0.1151)  loss_CrossEntropy: 0.1165 (0.1151)  Rv: 0.7038 (0.6220)  Lv: 0.9149 (0.8920)  Myo: 0.8271 (0.7924)  Avg: 0.7982 (0.7688)  time: 0.2951  data: 0.2617  max mem: 17023
Test: Total time: 0:00:02 (0.1388 s / it)
Averaged stats: loss: 0.1165 (0.1151)  loss_CrossEntropy: 0.1165 (0.1151)  Rv: 0.7038 (0.6220)  Lv: 0.9149 (0.8920)  Myo: 0.8271 (0.7924)  Avg: 0.7982 (0.7688)
dice score: 0.7688129905023073
Update high dice score model!
cutout loss: 0.002001390792429447
original loss: 0.00255924672819674
integrity loss: 0.0006555378786288202
invariant loss: 0.015275782905519009
Epoch: [183]  [ 0/95]  eta: 0:02:22  lr: 0.000100  loss: 0.0026 (0.0026)  loss_CrossEntropy: 0.0026 (0.0026)  time: 1.5003  data: 0.5141  max mem: 17023
Epoch: [183]  [10/95]  eta: 0:01:37  lr: 0.000100  loss: 0.0031 (0.0032)  loss_CrossEntropy: 0.0031 (0.0032)  time: 1.1479  data: 0.1718  max mem: 17023
Epoch: [183]  [20/95]  eta: 0:01:34  lr: 0.000100  loss: 0.0033 (0.0037)  loss_CrossEntropy: 0.0033 (0.0037)  time: 1.2611  data: 0.2667  max mem: 17023
Epoch: [183]  [30/95]  eta: 0:01:24  lr: 0.000100  loss: 0.0037 (0.0038)  loss_CrossEntropy: 0.0037 (0.0038)  time: 1.3076  data: 0.3229  max mem: 17023
Epoch: [183]  [40/95]  eta: 0:01:19  lr: 0.000100  loss: 0.0039 (0.0039)  loss_CrossEntropy: 0.0039 (0.0039)  time: 1.4544  data: 0.4692  max mem: 17023
Epoch: [183]  [50/95]  eta: 0:00:56  lr: 0.000100  loss: 0.0040 (0.0040)  loss_CrossEntropy: 0.0040 (0.0040)  time: 1.2542  data: 0.2578  max mem: 17023
Epoch: [183]  [60/95]  eta: 0:00:41  lr: 0.000100  loss: 0.0034 (0.0039)  loss_CrossEntropy: 0.0034 (0.0039)  time: 1.1722  data: 0.1811  max mem: 17023
Epoch: [183]  [70/95]  eta: 0:00:35  lr: 0.000100  loss: 0.0038 (0.0040)  loss_CrossEntropy: 0.0038 (0.0040)  time: 1.4231  data: 0.3947  max mem: 17023
Epoch: [183]  [80/95]  eta: 0:00:15  lr: 0.000100  loss: 0.0040 (0.0041)  loss_CrossEntropy: 0.0040 (0.0041)  time: 1.0060  data: 0.0248  max mem: 17023
Epoch: [183]  [90/95]  eta: 0:00:06  lr: 0.000100  loss: 0.0036 (0.0041)  loss_CrossEntropy: 0.0036 (0.0041)  time: 1.2795  data: 0.2933  max mem: 17023
Epoch: [183]  [94/95]  eta: 0:00:01  lr: 0.000100  loss: 0.0045 (0.0041)  loss_CrossEntropy: 0.0045 (0.0041)  time: 1.3067  data: 0.3192  max mem: 17023
Epoch: [183] Total time: 0:02:05 (1.3238 s / it)
Averaged stats: lr: 0.000100  loss: 0.0045 (0.0041)  loss_CrossEntropy: 0.0045 (0.0041)
Test:  [ 0/19]  eta: 0:00:01  loss: 0.1225 (0.1225)  loss_CrossEntropy: 0.1225 (0.1225)  Rv: 0.0000 (0.0000)  Lv: 0.7885 (0.7885)  Myo: 0.5505 (0.5505)  Avg: 0.4463 (0.4463)  time: 0.0551  data: 0.0345  max mem: 17023
Test:  [10/19]  eta: 0:00:00  loss: 0.1225 (0.1238)  loss_CrossEntropy: 0.1225 (0.1238)  Rv: 0.7050 (0.6968)  Lv: 0.9144 (0.8775)  Myo: 0.8199 (0.7857)  Avg: 0.8272 (0.7867)  time: 0.0405  data: 0.0197  max mem: 17023
Test:  [18/19]  eta: 0:00:00  loss: 0.1202 (0.1219)  loss_CrossEntropy: 0.1202 (0.1219)  Rv: 0.6790 (0.6208)  Lv: 0.8872 (0.8623)  Myo: 0.8185 (0.7899)  Avg: 0.7495 (0.7577)  time: 0.2164  data: 0.1992  max mem: 17023
Test: Total time: 0:00:02 (0.1574 s / it)
Averaged stats: loss: 0.1202 (0.1219)  loss_CrossEntropy: 0.1202 (0.1219)  Rv: 0.6790 (0.6208)  Lv: 0.8872 (0.8623)  Myo: 0.8185 (0.7899)  Avg: 0.7495 (0.7577)
dice score: 0.7576799533869091
Update high dice score model!
cutout loss: 0.019048528745770454
original loss: 0.006161220371723175
integrity loss: 0.0006055593839846551
invariant loss: 0.019597185775637627
Epoch: [184]  [ 0/95]  eta: 0:01:55  lr: 0.000100  loss: 0.0062 (0.0062)  loss_CrossEntropy: 0.0062 (0.0062)  time: 1.2198  data: 0.2029  max mem: 17023
Epoch: [184]  [10/95]  eta: 0:02:34  lr: 0.000100  loss: 0.0034 (0.0037)  loss_CrossEntropy: 0.0034 (0.0037)  time: 1.8223  data: 0.8190  max mem: 17023
Epoch: [184]  [20/95]  eta: 0:02:00  lr: 0.000100  loss: 0.0035 (0.0038)  loss_CrossEntropy: 0.0035 (0.0038)  time: 1.6000  data: 0.6166  max mem: 17023
Epoch: [184]  [30/95]  eta: 0:01:49  lr: 0.000100  loss: 0.0042 (0.0039)  loss_CrossEntropy: 0.0042 (0.0039)  time: 1.6875  data: 0.7036  max mem: 17023
Epoch: [184]  [40/95]  eta: 0:01:02  lr: 0.000100  loss: 0.0038 (0.0038)  loss_CrossEntropy: 0.0038 (0.0038)  time: 1.1313  data: 0.0347  max mem: 17023
Epoch: [184]  [50/95]  eta: 0:00:57  lr: 0.000100  loss: 0.0036 (0.0039)  loss_CrossEntropy: 0.0036 (0.0039)  time: 1.2862  data: 0.3131  max mem: 17023
Epoch: [184]  [60/95]  eta: 0:00:37  lr: 0.000100  loss: 0.0039 (0.0039)  loss_CrossEntropy: 0.0039 (0.0039)  time: 1.0799  data: 0.0862  max mem: 17023
Epoch: [184]  [70/95]  eta: 0:00:29  lr: 0.000100  loss: 0.0037 (0.0038)  loss_CrossEntropy: 0.0037 (0.0038)  time: 1.1942  data: 0.2078  max mem: 17023
Epoch: [184]  [80/95]  eta: 0:00:18  lr: 0.000100  loss: 0.0029 (0.0037)  loss_CrossEntropy: 0.0029 (0.0037)  time: 1.2643  data: 0.2717  max mem: 17023
Epoch: [184]  [90/95]  eta: 0:00:05  lr: 0.000100  loss: 0.0029 (0.0037)  loss_CrossEntropy: 0.0029 (0.0037)  time: 1.1164  data: 0.1218  max mem: 17023
Epoch: [184]  [94/95]  eta: 0:00:01  lr: 0.000100  loss: 0.0032 (0.0037)  loss_CrossEntropy: 0.0032 (0.0037)  time: 1.2530  data: 0.2554  max mem: 17023
Epoch: [184] Total time: 0:02:07 (1.3424 s / it)
Averaged stats: lr: 0.000100  loss: 0.0032 (0.0037)  loss_CrossEntropy: 0.0032 (0.0037)
Test:  [ 0/19]  eta: 0:00:07  loss: 0.1559 (0.1559)  loss_CrossEntropy: 0.1559 (0.1559)  Rv: 0.0000 (0.0000)  Lv: 0.8149 (0.8149)  Myo: 0.5964 (0.5964)  Avg: 0.4704 (0.4704)  time: 0.3765  data: 0.3433  max mem: 17023
Test:  [10/19]  eta: 0:00:02  loss: 0.1547 (0.1592)  loss_CrossEntropy: 0.1547 (0.1592)  Rv: 0.8019 (0.6899)  Lv: 0.9373 (0.8990)  Myo: 0.8397 (0.7952)  Avg: 0.8479 (0.7947)  time: 0.3327  data: 0.2953  max mem: 17023
Test:  [18/19]  eta: 0:00:00  loss: 0.1559 (0.1609)  loss_CrossEntropy: 0.1559 (0.1609)  Rv: 0.7076 (0.6175)  Lv: 0.9082 (0.8884)  Myo: 0.8141 (0.8015)  Avg: 0.8071 (0.7691)  time: 0.2581  data: 0.2400  max mem: 17023
Test: Total time: 0:00:02 (0.1543 s / it)
Averaged stats: loss: 0.1559 (0.1609)  loss_CrossEntropy: 0.1559 (0.1609)  Rv: 0.7076 (0.6175)  Lv: 0.9082 (0.8884)  Myo: 0.8141 (0.8015)  Avg: 0.8071 (0.7691)
dice score: 0.7691279900701422
Update high dice score model!
cutout loss: 0.011973878368735313
original loss: 0.003638694528490305
integrity loss: 0.0006566345691680908
invariant loss: 0.014765024185180664
Epoch: [185]  [ 0/95]  eta: 0:02:15  lr: 0.000100  loss: 0.0036 (0.0036)  loss_CrossEntropy: 0.0036 (0.0036)  time: 1.4285  data: 0.4030  max mem: 17023
Epoch: [185]  [10/95]  eta: 0:01:55  lr: 0.000100  loss: 0.0034 (0.0034)  loss_CrossEntropy: 0.0034 (0.0034)  time: 1.3552  data: 0.3467  max mem: 17023
Epoch: [185]  [20/95]  eta: 0:01:55  lr: 0.000100  loss: 0.0034 (0.0037)  loss_CrossEntropy: 0.0034 (0.0037)  time: 1.5400  data: 0.5555  max mem: 17023
Epoch: [185]  [30/95]  eta: 0:01:11  lr: 0.000100  loss: 0.0036 (0.0037)  loss_CrossEntropy: 0.0036 (0.0037)  time: 1.1060  data: 0.1294  max mem: 17023
Epoch: [185]  [40/95]  eta: 0:01:05  lr: 0.000100  loss: 0.0036 (0.0037)  loss_CrossEntropy: 0.0036 (0.0037)  time: 1.1957  data: 0.2099  max mem: 17023
Epoch: [185]  [50/95]  eta: 0:00:45  lr: 0.000100  loss: 0.0033 (0.0037)  loss_CrossEntropy: 0.0033 (0.0037)  time: 1.0216  data: 0.0384  max mem: 17023
Epoch: [185]  [60/95]  eta: 0:00:36  lr: 0.000100  loss: 0.0039 (0.0038)  loss_CrossEntropy: 0.0039 (0.0038)  time: 1.0488  data: 0.0622  max mem: 17023
Epoch: [185]  [70/95]  eta: 0:00:33  lr: 0.000100  loss: 0.0040 (0.0037)  loss_CrossEntropy: 0.0040 (0.0037)  time: 1.3443  data: 0.3161  max mem: 17023
Epoch: [185]  [80/95]  eta: 0:00:20  lr: 0.000100  loss: 0.0031 (0.0038)  loss_CrossEntropy: 0.0031 (0.0038)  time: 1.3735  data: 0.3974  max mem: 17023
Epoch: [185]  [90/95]  eta: 0:00:05  lr: 0.000100  loss: 0.0038 (0.0038)  loss_CrossEntropy: 0.0038 (0.0038)  time: 1.1037  data: 0.1318  max mem: 17023
Epoch: [185]  [94/95]  eta: 0:00:01  lr: 0.000100  loss: 0.0039 (0.0038)  loss_CrossEntropy: 0.0039 (0.0038)  time: 1.2257  data: 0.2450  max mem: 17023
Epoch: [185] Total time: 0:02:01 (1.2814 s / it)
Averaged stats: lr: 0.000100  loss: 0.0039 (0.0038)  loss_CrossEntropy: 0.0039 (0.0038)
Test:  [ 0/19]  eta: 0:00:00  loss: 0.1525 (0.1525)  loss_CrossEntropy: 0.1525 (0.1525)  Rv: 0.0000 (0.0000)  Lv: 0.8480 (0.8480)  Myo: 0.6415 (0.6415)  Avg: 0.4965 (0.4965)  time: 0.0503  data: 0.0291  max mem: 17023
Test:  [10/19]  eta: 0:00:00  loss: 0.1547 (0.1578)  loss_CrossEntropy: 0.1547 (0.1578)  Rv: 0.8329 (0.6566)  Lv: 0.9485 (0.9036)  Myo: 0.8047 (0.7782)  Avg: 0.8387 (0.7795)  time: 0.0405  data: 0.0200  max mem: 17023
Test:  [18/19]  eta: 0:00:00  loss: 0.1533 (0.1546)  loss_CrossEntropy: 0.1533 (0.1546)  Rv: 0.7021 (0.6006)  Lv: 0.8888 (0.8868)  Myo: 0.8047 (0.7839)  Avg: 0.7574 (0.7571)  time: 0.2651  data: 0.2350  max mem: 17023
Test: Total time: 0:00:02 (0.1534 s / it)
Averaged stats: loss: 0.1533 (0.1546)  loss_CrossEntropy: 0.1533 (0.1546)  Rv: 0.7021 (0.6006)  Lv: 0.8888 (0.8868)  Myo: 0.8047 (0.7839)  Avg: 0.7574 (0.7571)
dice score: 0.7570971438759252
Update high dice score model!
cutout loss: 0.012847550213336945
original loss: 0.006100350990891457
integrity loss: 0.000984364771284163
invariant loss: 0.008912789635360241
Epoch: [186]  [ 0/95]  eta: 0:01:38  lr: 0.000100  loss: 0.0061 (0.0061)  loss_CrossEntropy: 0.0061 (0.0061)  time: 1.0335  data: 0.0265  max mem: 17023
Epoch: [186]  [10/95]  eta: 0:01:51  lr: 0.000100  loss: 0.0035 (0.0038)  loss_CrossEntropy: 0.0035 (0.0038)  time: 1.3126  data: 0.2558  max mem: 17023
Epoch: [186]  [20/95]  eta: 0:01:32  lr: 0.000100  loss: 0.0034 (0.0035)  loss_CrossEntropy: 0.0034 (0.0035)  time: 1.2355  data: 0.2601  max mem: 17023
Epoch: [186]  [30/95]  eta: 0:01:41  lr: 0.000100  loss: 0.0035 (0.0035)  loss_CrossEntropy: 0.0035 (0.0035)  time: 1.5560  data: 0.5689  max mem: 17023
Epoch: [186]  [40/95]  eta: 0:01:02  lr: 0.000100  loss: 0.0036 (0.0036)  loss_CrossEntropy: 0.0036 (0.0036)  time: 1.1308  data: 0.1499  max mem: 17023
Epoch: [186]  [50/95]  eta: 0:00:51  lr: 0.000100  loss: 0.0036 (0.0036)  loss_CrossEntropy: 0.0036 (0.0036)  time: 1.1468  data: 0.1409  max mem: 17023
Epoch: [186]  [60/95]  eta: 0:00:37  lr: 0.000100  loss: 0.0034 (0.0036)  loss_CrossEntropy: 0.0034 (0.0036)  time: 1.0633  data: 0.0817  max mem: 17023
Epoch: [186]  [70/95]  eta: 0:00:38  lr: 0.000100  loss: 0.0034 (0.0036)  loss_CrossEntropy: 0.0034 (0.0036)  time: 1.5348  data: 0.5429  max mem: 17023
Epoch: [186]  [80/95]  eta: 0:00:17  lr: 0.000100  loss: 0.0033 (0.0036)  loss_CrossEntropy: 0.0033 (0.0036)  time: 1.1666  data: 0.1892  max mem: 17023
Epoch: [186]  [90/95]  eta: 0:00:05  lr: 0.000100  loss: 0.0035 (0.0037)  loss_CrossEntropy: 0.0035 (0.0037)  time: 1.0356  data: 0.0306  max mem: 17023
Epoch: [186]  [94/95]  eta: 0:00:01  lr: 0.000100  loss: 0.0042 (0.0037)  loss_CrossEntropy: 0.0042 (0.0037)  time: 1.2930  data: 0.3115  max mem: 17023
Epoch: [186] Total time: 0:02:03 (1.2977 s / it)
Averaged stats: lr: 0.000100  loss: 0.0042 (0.0037)  loss_CrossEntropy: 0.0042 (0.0037)
Test:  [ 0/19]  eta: 0:00:04  loss: 0.1247 (0.1247)  loss_CrossEntropy: 0.1247 (0.1247)  Rv: 0.0000 (0.0000)  Lv: 0.8256 (0.8256)  Myo: 0.6117 (0.6117)  Avg: 0.4791 (0.4791)  time: 0.2478  data: 0.2264  max mem: 17023
Test:  [10/19]  eta: 0:00:03  loss: 0.1337 (0.1354)  loss_CrossEntropy: 0.1337 (0.1354)  Rv: 0.8488 (0.7363)  Lv: 0.9505 (0.9206)  Myo: 0.8393 (0.7996)  Avg: 0.8953 (0.8188)  time: 0.3447  data: 0.3118  max mem: 17023
Test:  [18/19]  eta: 0:00:00  loss: 0.1312 (0.1300)  loss_CrossEntropy: 0.1312 (0.1300)  Rv: 0.7264 (0.6560)  Lv: 0.9398 (0.9106)  Myo: 0.8222 (0.8047)  Avg: 0.8463 (0.7904)  time: 0.1188  data: 0.1013  max mem: 17023
Test: Total time: 0:00:02 (0.1572 s / it)
Averaged stats: loss: 0.1312 (0.1300)  loss_CrossEntropy: 0.1312 (0.1300)  Rv: 0.7264 (0.6560)  Lv: 0.9398 (0.9106)  Myo: 0.8222 (0.8047)  Avg: 0.8463 (0.7904)
dice score: 0.7904317222143474
Update high dice score model!
cutout loss: 0.0028073193971067667
original loss: 0.0014546405291184783
integrity loss: 0.0008493363857269287
invariant loss: 0.012160486541688442
Epoch: [187]  [ 0/95]  eta: 0:02:06  lr: 0.000100  loss: 0.0015 (0.0015)  loss_CrossEntropy: 0.0015 (0.0015)  time: 1.3312  data: 0.3411  max mem: 17023
Epoch: [187]  [10/95]  eta: 0:02:18  lr: 0.000100  loss: 0.0039 (0.0043)  loss_CrossEntropy: 0.0039 (0.0043)  time: 1.6275  data: 0.6287  max mem: 17023
Epoch: [187]  [20/95]  eta: 0:01:59  lr: 0.000100  loss: 0.0040 (0.0042)  loss_CrossEntropy: 0.0040 (0.0042)  time: 1.5965  data: 0.6052  max mem: 17023
Epoch: [187]  [30/95]  eta: 0:01:32  lr: 0.000100  loss: 0.0040 (0.0040)  loss_CrossEntropy: 0.0040 (0.0040)  time: 1.4211  data: 0.3922  max mem: 17023
Epoch: [187]  [40/95]  eta: 0:01:04  lr: 0.000100  loss: 0.0033 (0.0040)  loss_CrossEntropy: 0.0033 (0.0040)  time: 1.1776  data: 0.1828  max mem: 17023
Epoch: [187]  [50/95]  eta: 0:01:00  lr: 0.000100  loss: 0.0034 (0.0040)  loss_CrossEntropy: 0.0034 (0.0040)  time: 1.3435  data: 0.3626  max mem: 17023
Epoch: [187]  [60/95]  eta: 0:00:57  lr: 0.000100  loss: 0.0033 (0.0038)  loss_CrossEntropy: 0.0033 (0.0038)  time: 1.6568  data: 0.6606  max mem: 17023
Epoch: [187]  [70/95]  eta: 0:00:30  lr: 0.000100  loss: 0.0034 (0.0038)  loss_CrossEntropy: 0.0034 (0.0038)  time: 1.2246  data: 0.2532  max mem: 17023
Epoch: [187]  [80/95]  eta: 0:00:21  lr: 0.000100  loss: 0.0038 (0.0038)  loss_CrossEntropy: 0.0038 (0.0038)  time: 1.4439  data: 0.4621  max mem: 17023
Epoch: [187]  [90/95]  eta: 0:00:06  lr: 0.000100  loss: 0.0038 (0.0038)  loss_CrossEntropy: 0.0038 (0.0038)  time: 1.3204  data: 0.3378  max mem: 17023
Epoch: [187]  [94/95]  eta: 0:00:01  lr: 0.000100  loss: 0.0037 (0.0038)  loss_CrossEntropy: 0.0037 (0.0038)  time: 1.2389  data: 0.2542  max mem: 17023
Epoch: [187] Total time: 0:02:06 (1.3320 s / it)
Averaged stats: lr: 0.000100  loss: 0.0037 (0.0038)  loss_CrossEntropy: 0.0037 (0.0038)
Test:  [ 0/19]  eta: 0:00:01  loss: 0.1560 (0.1560)  loss_CrossEntropy: 0.1560 (0.1560)  Rv: 0.0000 (0.0000)  Lv: 0.8140 (0.8140)  Myo: 0.6228 (0.6228)  Avg: 0.4790 (0.4790)  time: 0.0671  data: 0.0466  max mem: 17023
Test:  [10/19]  eta: 0:00:02  loss: 0.1522 (0.1528)  loss_CrossEntropy: 0.1522 (0.1528)  Rv: 0.8465 (0.7219)  Lv: 0.9493 (0.9151)  Myo: 0.8573 (0.8013)  Avg: 0.8718 (0.8128)  time: 0.3169  data: 0.2958  max mem: 17023
Test:  [18/19]  eta: 0:00:00  loss: 0.1457 (0.1455)  loss_CrossEntropy: 0.1457 (0.1455)  Rv: 0.7112 (0.6426)  Lv: 0.9067 (0.9045)  Myo: 0.8240 (0.8119)  Avg: 0.8112 (0.7863)  time: 0.0333  data: 0.0157  max mem: 17023
Test: Total time: 0:00:03 (0.2002 s / it)
Averaged stats: loss: 0.1457 (0.1455)  loss_CrossEntropy: 0.1457 (0.1455)  Rv: 0.7112 (0.6426)  Lv: 0.9067 (0.9045)  Myo: 0.8240 (0.8119)  Avg: 0.8112 (0.7863)
dice score: 0.7863483774034601
Update high dice score model!
cutout loss: 0.021648410707712173
original loss: 0.002612531650811434
integrity loss: 0.0005486846202984452
invariant loss: 0.015537232160568237
Epoch: [188]  [ 0/95]  eta: 0:01:35  lr: 0.000100  loss: 0.0026 (0.0026)  loss_CrossEntropy: 0.0026 (0.0026)  time: 1.0095  data: 0.0269  max mem: 17023
Epoch: [188]  [10/95]  eta: 0:02:04  lr: 0.000100  loss: 0.0034 (0.0048)  loss_CrossEntropy: 0.0034 (0.0048)  time: 1.4603  data: 0.4684  max mem: 17023
Epoch: [188]  [20/95]  eta: 0:01:38  lr: 0.000100  loss: 0.0036 (0.0044)  loss_CrossEntropy: 0.0036 (0.0044)  time: 1.3195  data: 0.3438  max mem: 17023
Epoch: [188]  [30/95]  eta: 0:01:09  lr: 0.000100  loss: 0.0040 (0.0042)  loss_CrossEntropy: 0.0040 (0.0042)  time: 1.0760  data: 0.0468  max mem: 17023
Epoch: [188]  [40/95]  eta: 0:01:07  lr: 0.000100  loss: 0.0041 (0.0041)  loss_CrossEntropy: 0.0041 (0.0041)  time: 1.2212  data: 0.2413  max mem: 17023
Epoch: [188]  [50/95]  eta: 0:00:56  lr: 0.000100  loss: 0.0032 (0.0039)  loss_CrossEntropy: 0.0032 (0.0039)  time: 1.2514  data: 0.2504  max mem: 17023
Epoch: [188]  [60/95]  eta: 0:00:43  lr: 0.000100  loss: 0.0031 (0.0039)  loss_CrossEntropy: 0.0031 (0.0039)  time: 1.2457  data: 0.2569  max mem: 17023
Epoch: [188]  [70/95]  eta: 0:00:31  lr: 0.000100  loss: 0.0036 (0.0040)  loss_CrossEntropy: 0.0036 (0.0040)  time: 1.2566  data: 0.2734  max mem: 17023
Epoch: [188]  [80/95]  eta: 0:00:18  lr: 0.000100  loss: 0.0038 (0.0040)  loss_CrossEntropy: 0.0038 (0.0040)  time: 1.2464  data: 0.2582  max mem: 17023
Epoch: [188]  [90/95]  eta: 0:00:06  lr: 0.000100  loss: 0.0035 (0.0040)  loss_CrossEntropy: 0.0035 (0.0040)  time: 1.3985  data: 0.3860  max mem: 17023
Epoch: [188]  [94/95]  eta: 0:00:01  lr: 0.000100  loss: 0.0035 (0.0040)  loss_CrossEntropy: 0.0035 (0.0040)  time: 1.2029  data: 0.2267  max mem: 17023
Epoch: [188] Total time: 0:02:03 (1.3041 s / it)
Averaged stats: lr: 0.000100  loss: 0.0035 (0.0040)  loss_CrossEntropy: 0.0035 (0.0040)
Test:  [ 0/19]  eta: 0:00:02  loss: 0.1461 (0.1461)  loss_CrossEntropy: 0.1461 (0.1461)  Rv: 0.0000 (0.0000)  Lv: 0.8360 (0.8360)  Myo: 0.6203 (0.6203)  Avg: 0.4855 (0.4855)  time: 0.1323  data: 0.1119  max mem: 17023
Test:  [10/19]  eta: 0:00:03  loss: 0.1683 (0.1684)  loss_CrossEntropy: 0.1683 (0.1684)  Rv: 0.7580 (0.6628)  Lv: 0.9416 (0.8898)  Myo: 0.8350 (0.7871)  Avg: 0.8161 (0.7799)  time: 0.3605  data: 0.3276  max mem: 17023
Test:  [18/19]  eta: 0:00:00  loss: 0.1584 (0.1656)  loss_CrossEntropy: 0.1584 (0.1656)  Rv: 0.6669 (0.6154)  Lv: 0.9090 (0.8959)  Myo: 0.8363 (0.8049)  Avg: 0.8156 (0.7721)  time: 0.3226  data: 0.2924  max mem: 17023
Test: Total time: 0:00:03 (0.1964 s / it)
Averaged stats: loss: 0.1584 (0.1656)  loss_CrossEntropy: 0.1584 (0.1656)  Rv: 0.6669 (0.6154)  Lv: 0.9090 (0.8959)  Myo: 0.8363 (0.8049)  Avg: 0.8156 (0.7721)
dice score: 0.7720616334363034
Update high dice score model!
cutout loss: 0.006237557157874107
original loss: 0.00242534838616848
integrity loss: 0.0005659878370352089
invariant loss: 0.012619244866073132
Epoch: [189]  [ 0/95]  eta: 0:02:19  lr: 0.000100  loss: 0.0024 (0.0024)  loss_CrossEntropy: 0.0024 (0.0024)  time: 1.4671  data: 0.4911  max mem: 17023
Epoch: [189]  [10/95]  eta: 0:01:55  lr: 0.000100  loss: 0.0034 (0.0036)  loss_CrossEntropy: 0.0034 (0.0036)  time: 1.3588  data: 0.3620  max mem: 17023
Epoch: [189]  [20/95]  eta: 0:01:59  lr: 0.000100  loss: 0.0034 (0.0035)  loss_CrossEntropy: 0.0034 (0.0035)  time: 1.5971  data: 0.5920  max mem: 17023
Epoch: [189]  [30/95]  eta: 0:01:35  lr: 0.000100  loss: 0.0031 (0.0034)  loss_CrossEntropy: 0.0031 (0.0034)  time: 1.4663  data: 0.4833  max mem: 17023
Epoch: [189]  [40/95]  eta: 0:00:56  lr: 0.000100  loss: 0.0033 (0.0037)  loss_CrossEntropy: 0.0033 (0.0037)  time: 1.0253  data: 0.0406  max mem: 17023
Epoch: [189]  [50/95]  eta: 0:01:33  lr: 0.000100  loss: 0.0034 (0.0037)  loss_CrossEntropy: 0.0034 (0.0037)  time: 2.0712  data: 1.0675  max mem: 17023
Epoch: [189]  [60/95]  eta: 0:00:42  lr: 0.000100  loss: 0.0038 (0.0039)  loss_CrossEntropy: 0.0038 (0.0039)  time: 1.2206  data: 0.2363  max mem: 17023
Epoch: [189]  [70/95]  eta: 0:00:28  lr: 0.000100  loss: 0.0049 (0.0041)  loss_CrossEntropy: 0.0049 (0.0041)  time: 1.1546  data: 0.1652  max mem: 17023
Epoch: [189]  [80/95]  eta: 0:00:17  lr: 0.000100  loss: 0.0049 (0.0041)  loss_CrossEntropy: 0.0049 (0.0041)  time: 1.1408  data: 0.1552  max mem: 17023
Epoch: [189]  [90/95]  eta: 0:00:06  lr: 0.000100  loss: 0.0041 (0.0041)  loss_CrossEntropy: 0.0041 (0.0041)  time: 1.2548  data: 0.2784  max mem: 17023
Epoch: [189]  [94/95]  eta: 0:00:01  lr: 0.000100  loss: 0.0041 (0.0041)  loss_CrossEntropy: 0.0041 (0.0041)  time: 1.5862  data: 0.5997  max mem: 17023
Epoch: [189] Total time: 0:02:04 (1.3133 s / it)
Averaged stats: lr: 0.000100  loss: 0.0041 (0.0041)  loss_CrossEntropy: 0.0041 (0.0041)
Test:  [ 0/19]  eta: 0:00:04  loss: 0.1321 (0.1321)  loss_CrossEntropy: 0.1321 (0.1321)  Rv: 0.0000 (0.0000)  Lv: 0.8295 (0.8295)  Myo: 0.6274 (0.6274)  Avg: 0.4857 (0.4857)  time: 0.2436  data: 0.2228  max mem: 17023
Test:  [10/19]  eta: 0:00:00  loss: 0.1392 (0.1369)  loss_CrossEntropy: 0.1392 (0.1369)  Rv: 0.8823 (0.7359)  Lv: 0.9521 (0.9155)  Myo: 0.8469 (0.8054)  Avg: 0.8882 (0.8189)  time: 0.0449  data: 0.0238  max mem: 17023
Test:  [18/19]  eta: 0:00:00  loss: 0.1385 (0.1385)  loss_CrossEntropy: 0.1385 (0.1385)  Rv: 0.6857 (0.6485)  Lv: 0.9105 (0.8995)  Myo: 0.8431 (0.8058)  Avg: 0.8230 (0.7846)  time: 0.0326  data: 0.0153  max mem: 17023
Test: Total time: 0:00:02 (0.1428 s / it)
Averaged stats: loss: 0.1385 (0.1385)  loss_CrossEntropy: 0.1385 (0.1385)  Rv: 0.6857 (0.6485)  Lv: 0.9105 (0.8995)  Myo: 0.8431 (0.8058)  Avg: 0.8230 (0.7846)
dice score: 0.7845763877818459
Update high dice score model!
cutout loss: 0.011582530103623867
original loss: 0.0023627448827028275
integrity loss: 0.0005843878025189042
invariant loss: 0.011986124329268932
Epoch: [190]  [ 0/95]  eta: 0:01:56  lr: 0.000100  loss: 0.0024 (0.0024)  loss_CrossEntropy: 0.0024 (0.0024)  time: 1.2312  data: 0.2478  max mem: 17023
Epoch: [190]  [10/95]  eta: 0:01:54  lr: 0.000100  loss: 0.0039 (0.0040)  loss_CrossEntropy: 0.0039 (0.0040)  time: 1.3426  data: 0.3692  max mem: 17023
Epoch: [190]  [20/95]  eta: 0:02:21  lr: 0.000100  loss: 0.0037 (0.0038)  loss_CrossEntropy: 0.0037 (0.0038)  time: 1.8887  data: 0.9089  max mem: 17023
Epoch: [190]  [30/95]  eta: 0:01:36  lr: 0.000100  loss: 0.0035 (0.0038)  loss_CrossEntropy: 0.0035 (0.0038)  time: 1.4891  data: 0.4954  max mem: 17023
Epoch: [190]  [40/95]  eta: 0:01:20  lr: 0.000100  loss: 0.0038 (0.0039)  loss_CrossEntropy: 0.0038 (0.0039)  time: 1.4719  data: 0.4985  max mem: 17023
Epoch: [190]  [50/95]  eta: 0:01:04  lr: 0.000100  loss: 0.0038 (0.0040)  loss_CrossEntropy: 0.0038 (0.0040)  time: 1.4313  data: 0.4395  max mem: 17023
Epoch: [190]  [60/95]  eta: 0:00:55  lr: 0.000100  loss: 0.0044 (0.0040)  loss_CrossEntropy: 0.0044 (0.0040)  time: 1.5824  data: 0.5790  max mem: 17023
Epoch: [190]  [70/95]  eta: 0:00:36  lr: 0.000100  loss: 0.0040 (0.0040)  loss_CrossEntropy: 0.0040 (0.0040)  time: 1.4533  data: 0.4682  max mem: 17023
Epoch: [190]  [80/95]  eta: 0:00:24  lr: 0.000100  loss: 0.0040 (0.0041)  loss_CrossEntropy: 0.0040 (0.0041)  time: 1.6450  data: 0.6484  max mem: 17023
Epoch: [190]  [90/95]  eta: 0:00:06  lr: 0.000100  loss: 0.0039 (0.0040)  loss_CrossEntropy: 0.0039 (0.0040)  time: 1.2239  data: 0.2211  max mem: 17023
Epoch: [190]  [94/95]  eta: 0:00:01  lr: 0.000100  loss: 0.0039 (0.0040)  loss_CrossEntropy: 0.0039 (0.0040)  time: 1.3705  data: 0.3866  max mem: 17023
Epoch: [190] Total time: 0:02:07 (1.3414 s / it)
Averaged stats: lr: 0.000100  loss: 0.0039 (0.0040)  loss_CrossEntropy: 0.0039 (0.0040)
Test:  [ 0/19]  eta: 0:00:03  loss: 0.1206 (0.1206)  loss_CrossEntropy: 0.1206 (0.1206)  Rv: 0.0000 (0.0000)  Lv: 0.8399 (0.8399)  Myo: 0.6224 (0.6224)  Avg: 0.4874 (0.4874)  time: 0.1853  data: 0.1642  max mem: 17023
Test:  [10/19]  eta: 0:00:03  loss: 0.1206 (0.1216)  loss_CrossEntropy: 0.1206 (0.1216)  Rv: 0.6399 (0.6605)  Lv: 0.9393 (0.9359)  Myo: 0.8453 (0.8147)  Avg: 0.8227 (0.8037)  time: 0.4085  data: 0.3774  max mem: 17023
Test:  [18/19]  eta: 0:00:00  loss: 0.1192 (0.1194)  loss_CrossEntropy: 0.1192 (0.1194)  Rv: 0.6383 (0.6023)  Lv: 0.9314 (0.9182)  Myo: 0.8296 (0.8220)  Avg: 0.7943 (0.7809)  time: 0.0327  data: 0.0156  max mem: 17023
Test: Total time: 0:00:03 (0.1758 s / it)
Averaged stats: loss: 0.1192 (0.1194)  loss_CrossEntropy: 0.1192 (0.1194)  Rv: 0.6383 (0.6023)  Lv: 0.9314 (0.9182)  Myo: 0.8296 (0.8220)  Avg: 0.7943 (0.7809)
dice score: 0.7808502771352467
Update high dice score model!
cutout loss: 0.015440848655998707
original loss: 0.0033238143660128117
integrity loss: 0.0007179737440310419
invariant loss: 0.017622817307710648
Epoch: [191]  [ 0/95]  eta: 0:01:49  lr: 0.000100  loss: 0.0033 (0.0033)  loss_CrossEntropy: 0.0033 (0.0033)  time: 1.1527  data: 0.1589  max mem: 17023
Epoch: [191]  [10/95]  eta: 0:01:53  lr: 0.000100  loss: 0.0033 (0.0033)  loss_CrossEntropy: 0.0033 (0.0033)  time: 1.3378  data: 0.3159  max mem: 17023
Epoch: [191]  [20/95]  eta: 0:01:58  lr: 0.000100  loss: 0.0034 (0.0037)  loss_CrossEntropy: 0.0034 (0.0037)  time: 1.5788  data: 0.6070  max mem: 17023
Epoch: [191]  [30/95]  eta: 0:01:42  lr: 0.000100  loss: 0.0035 (0.0036)  loss_CrossEntropy: 0.0035 (0.0036)  time: 1.5696  data: 0.5738  max mem: 17023
Epoch: [191]  [40/95]  eta: 0:01:04  lr: 0.000100  loss: 0.0030 (0.0035)  loss_CrossEntropy: 0.0030 (0.0035)  time: 1.1804  data: 0.1825  max mem: 17023
Epoch: [191]  [50/95]  eta: 0:01:02  lr: 0.000100  loss: 0.0030 (0.0035)  loss_CrossEntropy: 0.0030 (0.0035)  time: 1.3800  data: 0.3786  max mem: 17023
Epoch: [191]  [60/95]  eta: 0:00:50  lr: 0.000100  loss: 0.0033 (0.0036)  loss_CrossEntropy: 0.0033 (0.0036)  time: 1.4513  data: 0.4461  max mem: 17023
Epoch: [191]  [70/95]  eta: 0:00:30  lr: 0.000100  loss: 0.0038 (0.0037)  loss_CrossEntropy: 0.0038 (0.0037)  time: 1.2340  data: 0.2430  max mem: 17023
Epoch: [191]  [80/95]  eta: 0:00:25  lr: 0.000100  loss: 0.0042 (0.0037)  loss_CrossEntropy: 0.0042 (0.0037)  time: 1.7039  data: 0.7284  max mem: 17023
Epoch: [191]  [90/95]  eta: 0:00:06  lr: 0.000100  loss: 0.0042 (0.0038)  loss_CrossEntropy: 0.0042 (0.0038)  time: 1.3479  data: 0.3644  max mem: 17023
Epoch: [191]  [94/95]  eta: 0:00:01  lr: 0.000100  loss: 0.0038 (0.0037)  loss_CrossEntropy: 0.0038 (0.0037)  time: 1.4866  data: 0.5093  max mem: 17023
Epoch: [191] Total time: 0:02:03 (1.3049 s / it)
Averaged stats: lr: 0.000100  loss: 0.0038 (0.0037)  loss_CrossEntropy: 0.0038 (0.0037)
Test:  [ 0/19]  eta: 0:00:01  loss: 0.1334 (0.1334)  loss_CrossEntropy: 0.1334 (0.1334)  Rv: 0.0000 (0.0000)  Lv: 0.7148 (0.7148)  Myo: 0.6254 (0.6254)  Avg: 0.4467 (0.4467)  time: 0.0825  data: 0.0621  max mem: 17023
Test:  [10/19]  eta: 0:00:01  loss: 0.1343 (0.1329)  loss_CrossEntropy: 0.1343 (0.1329)  Rv: 0.8368 (0.7185)  Lv: 0.9438 (0.9269)  Myo: 0.8538 (0.8220)  Avg: 0.8859 (0.8225)  time: 0.1881  data: 0.1668  max mem: 17023
Test:  [18/19]  eta: 0:00:00  loss: 0.1280 (0.1275)  loss_CrossEntropy: 0.1280 (0.1275)  Rv: 0.7176 (0.6485)  Lv: 0.9336 (0.9189)  Myo: 0.8514 (0.8335)  Avg: 0.8382 (0.8003)  time: 0.0365  data: 0.0186  max mem: 17023
Test: Total time: 0:00:02 (0.1494 s / it)
Averaged stats: loss: 0.1280 (0.1275)  loss_CrossEntropy: 0.1280 (0.1275)  Rv: 0.7176 (0.6485)  Lv: 0.9336 (0.9189)  Myo: 0.8514 (0.8335)  Avg: 0.8382 (0.8003)
dice score: 0.8002931773662567
Update best model!
Update high dice score model!
cutout loss: 0.009426659904420376
original loss: 0.004186438396573067
integrity loss: 0.000549745571333915
invariant loss: 0.014406627975404263
Epoch: [192]  [ 0/95]  eta: 0:01:46  lr: 0.000100  loss: 0.0042 (0.0042)  loss_CrossEntropy: 0.0042 (0.0042)  time: 1.1177  data: 0.0994  max mem: 17023
Epoch: [192]  [10/95]  eta: 0:02:29  lr: 0.000100  loss: 0.0035 (0.0043)  loss_CrossEntropy: 0.0035 (0.0043)  time: 1.7549  data: 0.7281  max mem: 17023
Epoch: [192]  [20/95]  eta: 0:01:52  lr: 0.000100  loss: 0.0035 (0.0041)  loss_CrossEntropy: 0.0035 (0.0041)  time: 1.5032  data: 0.5080  max mem: 17023
Epoch: [192]  [30/95]  eta: 0:01:22  lr: 0.000100  loss: 0.0037 (0.0039)  loss_CrossEntropy: 0.0037 (0.0039)  time: 1.2704  data: 0.2981  max mem: 17023
Epoch: [192]  [40/95]  eta: 0:01:36  lr: 0.000100  loss: 0.0030 (0.0038)  loss_CrossEntropy: 0.0030 (0.0038)  time: 1.7488  data: 0.7414  max mem: 17023
Epoch: [192]  [50/95]  eta: 0:00:50  lr: 0.000100  loss: 0.0033 (0.0038)  loss_CrossEntropy: 0.0033 (0.0038)  time: 1.1176  data: 0.1341  max mem: 17023
Epoch: [192]  [60/95]  eta: 0:00:36  lr: 0.000100  loss: 0.0034 (0.0038)  loss_CrossEntropy: 0.0034 (0.0038)  time: 1.0504  data: 0.0645  max mem: 17023
Epoch: [192]  [70/95]  eta: 0:00:28  lr: 0.000100  loss: 0.0036 (0.0038)  loss_CrossEntropy: 0.0036 (0.0038)  time: 1.1573  data: 0.1851  max mem: 17023
Epoch: [192]  [80/95]  eta: 0:00:19  lr: 0.000100  loss: 0.0036 (0.0038)  loss_CrossEntropy: 0.0036 (0.0038)  time: 1.3141  data: 0.3272  max mem: 17023
Epoch: [192]  [90/95]  eta: 0:00:07  lr: 0.000100  loss: 0.0036 (0.0038)  loss_CrossEntropy: 0.0036 (0.0038)  time: 1.5740  data: 0.5694  max mem: 17023
Epoch: [192]  [94/95]  eta: 0:00:01  lr: 0.000100  loss: 0.0033 (0.0038)  loss_CrossEntropy: 0.0033 (0.0038)  time: 1.3283  data: 0.3455  max mem: 17023
Epoch: [192] Total time: 0:02:05 (1.3171 s / it)
Averaged stats: lr: 0.000100  loss: 0.0033 (0.0038)  loss_CrossEntropy: 0.0033 (0.0038)
Test:  [ 0/19]  eta: 0:00:05  loss: 0.1421 (0.1421)  loss_CrossEntropy: 0.1421 (0.1421)  Rv: 0.0000 (0.0000)  Lv: 0.7020 (0.7020)  Myo: 0.6191 (0.6191)  Avg: 0.4403 (0.4403)  time: 0.2946  data: 0.2474  max mem: 17023
Test:  [10/19]  eta: 0:00:00  loss: 0.1506 (0.1564)  loss_CrossEntropy: 0.1506 (0.1564)  Rv: 0.7100 (0.6926)  Lv: 0.9517 (0.8804)  Myo: 0.8356 (0.7902)  Avg: 0.8463 (0.7877)  time: 0.0806  data: 0.0596  max mem: 17023
Test:  [18/19]  eta: 0:00:00  loss: 0.1523 (0.1547)  loss_CrossEntropy: 0.1523 (0.1547)  Rv: 0.6815 (0.6255)  Lv: 0.9201 (0.8803)  Myo: 0.8286 (0.8053)  Avg: 0.8064 (0.7704)  time: 0.0326  data: 0.0155  max mem: 17023
Test: Total time: 0:00:03 (0.1631 s / it)
Averaged stats: loss: 0.1523 (0.1547)  loss_CrossEntropy: 0.1523 (0.1547)  Rv: 0.6815 (0.6255)  Lv: 0.9201 (0.8803)  Myo: 0.8286 (0.8053)  Avg: 0.8064 (0.7704)
dice score: 0.7703808655864314
Update high dice score model!
cutout loss: 0.00738585414364934
original loss: 0.001996969571337104
integrity loss: 0.0005027771112509072
invariant loss: 0.013544606976211071
Epoch: [193]  [ 0/95]  eta: 0:02:07  lr: 0.000100  loss: 0.0020 (0.0020)  loss_CrossEntropy: 0.0020 (0.0020)  time: 1.3469  data: 0.3461  max mem: 17023
Epoch: [193]  [10/95]  eta: 0:01:33  lr: 0.000100  loss: 0.0035 (0.0041)  loss_CrossEntropy: 0.0035 (0.0041)  time: 1.0968  data: 0.0330  max mem: 17023
Epoch: [193]  [20/95]  eta: 0:01:20  lr: 0.000100  loss: 0.0035 (0.0037)  loss_CrossEntropy: 0.0035 (0.0037)  time: 1.0693  data: 0.0731  max mem: 17023
Epoch: [193]  [30/95]  eta: 0:01:24  lr: 0.000100  loss: 0.0035 (0.0037)  loss_CrossEntropy: 0.0035 (0.0037)  time: 1.3069  data: 0.2995  max mem: 17023
Epoch: [193]  [40/95]  eta: 0:01:19  lr: 0.000100  loss: 0.0037 (0.0038)  loss_CrossEntropy: 0.0037 (0.0038)  time: 1.4529  data: 0.4649  max mem: 17023
Epoch: [193]  [50/95]  eta: 0:01:00  lr: 0.000100  loss: 0.0038 (0.0039)  loss_CrossEntropy: 0.0038 (0.0039)  time: 1.3429  data: 0.3162  max mem: 17023
Epoch: [193]  [60/95]  eta: 0:00:46  lr: 0.000100  loss: 0.0035 (0.0038)  loss_CrossEntropy: 0.0035 (0.0038)  time: 1.3187  data: 0.3442  max mem: 17023
Epoch: [193]  [70/95]  eta: 0:00:34  lr: 0.000100  loss: 0.0034 (0.0038)  loss_CrossEntropy: 0.0034 (0.0038)  time: 1.3872  data: 0.4012  max mem: 17023
Epoch: [193]  [80/95]  eta: 0:00:24  lr: 0.000100  loss: 0.0037 (0.0038)  loss_CrossEntropy: 0.0037 (0.0038)  time: 1.6611  data: 0.6741  max mem: 17023
Epoch: [193]  [90/95]  eta: 0:00:07  lr: 0.000100  loss: 0.0038 (0.0038)  loss_CrossEntropy: 0.0038 (0.0038)  time: 1.5553  data: 0.5788  max mem: 17023
Epoch: [193]  [94/95]  eta: 0:00:01  lr: 0.000100  loss: 0.0034 (0.0037)  loss_CrossEntropy: 0.0034 (0.0037)  time: 1.2753  data: 0.2880  max mem: 17023
Epoch: [193] Total time: 0:02:05 (1.3257 s / it)
Averaged stats: lr: 0.000100  loss: 0.0034 (0.0037)  loss_CrossEntropy: 0.0034 (0.0037)
Test:  [ 0/19]  eta: 0:00:06  loss: 0.1428 (0.1428)  loss_CrossEntropy: 0.1428 (0.1428)  Rv: 0.0000 (0.0000)  Lv: 0.8501 (0.8501)  Myo: 0.6450 (0.6450)  Avg: 0.4984 (0.4984)  time: 0.3217  data: 0.2886  max mem: 17023
Test:  [10/19]  eta: 0:00:03  loss: 0.1376 (0.1385)  loss_CrossEntropy: 0.1376 (0.1385)  Rv: 0.7951 (0.7123)  Lv: 0.9469 (0.9355)  Myo: 0.8362 (0.8115)  Avg: 0.8646 (0.8198)  time: 0.3449  data: 0.3117  max mem: 17023
Test:  [18/19]  eta: 0:00:00  loss: 0.1335 (0.1351)  loss_CrossEntropy: 0.1335 (0.1351)  Rv: 0.7131 (0.6421)  Lv: 0.9375 (0.9212)  Myo: 0.8167 (0.8186)  Avg: 0.8348 (0.7940)  time: 0.0330  data: 0.0155  max mem: 17023
Test: Total time: 0:00:03 (0.1805 s / it)
Averaged stats: loss: 0.1335 (0.1351)  loss_CrossEntropy: 0.1335 (0.1351)  Rv: 0.7131 (0.6421)  Lv: 0.9375 (0.9212)  Myo: 0.8167 (0.8186)  Avg: 0.8348 (0.7940)
dice score: 0.793979204014728
Update high dice score model!
cutout loss: 0.013317534700036049
original loss: 0.003653115825727582
integrity loss: 0.0010974229080602527
invariant loss: 0.018884647637605667
Epoch: [194]  [ 0/95]  eta: 0:02:10  lr: 0.000100  loss: 0.0037 (0.0037)  loss_CrossEntropy: 0.0037 (0.0037)  time: 1.3731  data: 0.3865  max mem: 17023
Epoch: [194]  [10/95]  eta: 0:01:44  lr: 0.000100  loss: 0.0025 (0.0025)  loss_CrossEntropy: 0.0025 (0.0025)  time: 1.2283  data: 0.2118  max mem: 17023
Epoch: [194]  [20/95]  eta: 0:01:20  lr: 0.000100  loss: 0.0025 (0.0029)  loss_CrossEntropy: 0.0025 (0.0029)  time: 1.0677  data: 0.0762  max mem: 17023
Epoch: [194]  [30/95]  eta: 0:01:21  lr: 0.000100  loss: 0.0031 (0.0032)  loss_CrossEntropy: 0.0031 (0.0032)  time: 1.2526  data: 0.2769  max mem: 17023
Epoch: [194]  [40/95]  eta: 0:01:13  lr: 0.000100  loss: 0.0033 (0.0034)  loss_CrossEntropy: 0.0033 (0.0034)  time: 1.3300  data: 0.3459  max mem: 17023
Epoch: [194]  [50/95]  eta: 0:01:07  lr: 0.000100  loss: 0.0036 (0.0035)  loss_CrossEntropy: 0.0036 (0.0035)  time: 1.5034  data: 0.5223  max mem: 17023
Epoch: [194]  [60/95]  eta: 0:00:48  lr: 0.000100  loss: 0.0035 (0.0035)  loss_CrossEntropy: 0.0035 (0.0035)  time: 1.3888  data: 0.3699  max mem: 17023
Epoch: [194]  [70/95]  eta: 0:00:27  lr: 0.000100  loss: 0.0029 (0.0036)  loss_CrossEntropy: 0.0029 (0.0036)  time: 1.0838  data: 0.0562  max mem: 17023
Epoch: [194]  [80/95]  eta: 0:00:15  lr: 0.000100  loss: 0.0039 (0.0036)  loss_CrossEntropy: 0.0039 (0.0036)  time: 1.0434  data: 0.0687  max mem: 17023
Epoch: [194]  [90/95]  eta: 0:00:06  lr: 0.000100  loss: 0.0041 (0.0037)  loss_CrossEntropy: 0.0041 (0.0037)  time: 1.2578  data: 0.2751  max mem: 17023
Epoch: [194]  [94/95]  eta: 0:00:01  lr: 0.000100  loss: 0.0040 (0.0037)  loss_CrossEntropy: 0.0040 (0.0037)  time: 1.3005  data: 0.3179  max mem: 17023
Epoch: [194] Total time: 0:02:05 (1.3189 s / it)
Averaged stats: lr: 0.000100  loss: 0.0040 (0.0037)  loss_CrossEntropy: 0.0040 (0.0037)
Test:  [ 0/19]  eta: 0:00:06  loss: 0.1362 (0.1362)  loss_CrossEntropy: 0.1362 (0.1362)  Rv: 0.0000 (0.0000)  Lv: 0.8517 (0.8517)  Myo: 0.6153 (0.6153)  Avg: 0.4890 (0.4890)  time: 0.3264  data: 0.2864  max mem: 17023
Test:  [10/19]  eta: 0:00:00  loss: 0.1427 (0.1423)  loss_CrossEntropy: 0.1427 (0.1423)  Rv: 0.8548 (0.7291)  Lv: 0.9404 (0.9081)  Myo: 0.8480 (0.8045)  Avg: 0.8619 (0.8139)  time: 0.0451  data: 0.0241  max mem: 17023
Test:  [18/19]  eta: 0:00:00  loss: 0.1427 (0.1429)  loss_CrossEntropy: 0.1427 (0.1429)  Rv: 0.7020 (0.6518)  Lv: 0.9217 (0.8963)  Myo: 0.8055 (0.7889)  Avg: 0.8276 (0.7790)  time: 0.0359  data: 0.0184  max mem: 17023
Test: Total time: 0:00:03 (0.1887 s / it)
Averaged stats: loss: 0.1427 (0.1429)  loss_CrossEntropy: 0.1427 (0.1429)  Rv: 0.7020 (0.6518)  Lv: 0.9217 (0.8963)  Myo: 0.8055 (0.7889)  Avg: 0.8276 (0.7790)
dice score: 0.7789827208769949
Update high dice score model!
cutout loss: 0.012005467899143696
original loss: 0.0027364797424525023
integrity loss: 0.00043785572052001953
invariant loss: 0.01708959974348545
Epoch: [195]  [ 0/95]  eta: 0:01:36  lr: 0.000100  loss: 0.0027 (0.0027)  loss_CrossEntropy: 0.0027 (0.0027)  time: 1.0161  data: 0.0285  max mem: 17023
Epoch: [195]  [10/95]  eta: 0:01:52  lr: 0.000100  loss: 0.0037 (0.0038)  loss_CrossEntropy: 0.0037 (0.0038)  time: 1.3287  data: 0.3457  max mem: 17023
Epoch: [195]  [20/95]  eta: 0:01:46  lr: 0.000100  loss: 0.0036 (0.0036)  loss_CrossEntropy: 0.0036 (0.0036)  time: 1.4254  data: 0.4499  max mem: 17023
Epoch: [195]  [30/95]  eta: 0:01:42  lr: 0.000100  loss: 0.0037 (0.0038)  loss_CrossEntropy: 0.0037 (0.0038)  time: 1.5754  data: 0.5912  max mem: 17023
Epoch: [195]  [40/95]  eta: 0:00:56  lr: 0.000100  loss: 0.0037 (0.0038)  loss_CrossEntropy: 0.0037 (0.0038)  time: 1.0228  data: 0.0327  max mem: 17023
Epoch: [195]  [50/95]  eta: 0:01:05  lr: 0.000100  loss: 0.0035 (0.0038)  loss_CrossEntropy: 0.0035 (0.0038)  time: 1.4562  data: 0.4668  max mem: 17023
Epoch: [195]  [60/95]  eta: 0:00:48  lr: 0.000100  loss: 0.0038 (0.0037)  loss_CrossEntropy: 0.0038 (0.0037)  time: 1.3921  data: 0.3949  max mem: 17023
Epoch: [195]  [70/95]  eta: 0:00:33  lr: 0.000100  loss: 0.0035 (0.0037)  loss_CrossEntropy: 0.0035 (0.0037)  time: 1.3279  data: 0.3430  max mem: 17023
Epoch: [195]  [80/95]  eta: 0:00:22  lr: 0.000100  loss: 0.0035 (0.0038)  loss_CrossEntropy: 0.0035 (0.0038)  time: 1.4945  data: 0.5129  max mem: 17023
Epoch: [195]  [90/95]  eta: 0:00:07  lr: 0.000100  loss: 0.0033 (0.0038)  loss_CrossEntropy: 0.0033 (0.0038)  time: 1.4133  data: 0.4108  max mem: 17023
Epoch: [195]  [94/95]  eta: 0:00:01  lr: 0.000100  loss: 0.0033 (0.0037)  loss_CrossEntropy: 0.0033 (0.0037)  time: 1.2052  data: 0.2244  max mem: 17023
Epoch: [195] Total time: 0:02:01 (1.2737 s / it)
Averaged stats: lr: 0.000100  loss: 0.0033 (0.0037)  loss_CrossEntropy: 0.0033 (0.0037)
Test:  [ 0/19]  eta: 0:00:02  loss: 0.1399 (0.1399)  loss_CrossEntropy: 0.1399 (0.1399)  Rv: 0.0000 (0.0000)  Lv: 0.8604 (0.8604)  Myo: 0.6468 (0.6468)  Avg: 0.5024 (0.5024)  time: 0.1255  data: 0.0988  max mem: 17023
Test:  [10/19]  eta: 0:00:01  loss: 0.1388 (0.1385)  loss_CrossEntropy: 0.1388 (0.1385)  Rv: 0.8964 (0.7541)  Lv: 0.9459 (0.9255)  Myo: 0.8213 (0.8125)  Avg: 0.8865 (0.8307)  time: 0.1627  data: 0.1328  max mem: 17023
Test:  [18/19]  eta: 0:00:00  loss: 0.1337 (0.1365)  loss_CrossEntropy: 0.1337 (0.1365)  Rv: 0.7368 (0.6676)  Lv: 0.9313 (0.9086)  Myo: 0.8174 (0.8135)  Avg: 0.8422 (0.7966)  time: 0.0340  data: 0.0162  max mem: 17023
Test: Total time: 0:00:02 (0.1426 s / it)
Averaged stats: loss: 0.1337 (0.1365)  loss_CrossEntropy: 0.1337 (0.1365)  Rv: 0.7368 (0.6676)  Lv: 0.9313 (0.9086)  Myo: 0.8174 (0.8135)  Avg: 0.8422 (0.7966)
dice score: 0.7965505938780936
Update high dice score model!
cutout loss: 0.011017418466508389
original loss: 0.004803554620593786
integrity loss: 0.001647824072279036
invariant loss: 0.016113966703414917
Epoch: [196]  [ 0/95]  eta: 0:01:59  lr: 0.000100  loss: 0.0048 (0.0048)  loss_CrossEntropy: 0.0048 (0.0048)  time: 1.2547  data: 0.2698  max mem: 17023
Epoch: [196]  [10/95]  eta: 0:01:31  lr: 0.000100  loss: 0.0036 (0.0037)  loss_CrossEntropy: 0.0036 (0.0037)  time: 1.0783  data: 0.1000  max mem: 17023
Epoch: [196]  [20/95]  eta: 0:01:37  lr: 0.000100  loss: 0.0030 (0.0034)  loss_CrossEntropy: 0.0030 (0.0034)  time: 1.3013  data: 0.3233  max mem: 17023
Epoch: [196]  [30/95]  eta: 0:01:19  lr: 0.000100  loss: 0.0033 (0.0036)  loss_CrossEntropy: 0.0033 (0.0036)  time: 1.2222  data: 0.2210  max mem: 17023
Epoch: [196]  [40/95]  eta: 0:01:15  lr: 0.000100  loss: 0.0041 (0.0037)  loss_CrossEntropy: 0.0041 (0.0037)  time: 1.3685  data: 0.3799  max mem: 17023
Epoch: [196]  [50/95]  eta: 0:00:56  lr: 0.000100  loss: 0.0035 (0.0036)  loss_CrossEntropy: 0.0035 (0.0036)  time: 1.2467  data: 0.2537  max mem: 17023
Epoch: [196]  [60/95]  eta: 0:00:48  lr: 0.000100  loss: 0.0031 (0.0036)  loss_CrossEntropy: 0.0031 (0.0036)  time: 1.3715  data: 0.3684  max mem: 17023
Epoch: [196]  [70/95]  eta: 0:00:30  lr: 0.000100  loss: 0.0032 (0.0036)  loss_CrossEntropy: 0.0032 (0.0036)  time: 1.2126  data: 0.2113  max mem: 17023
Epoch: [196]  [80/95]  eta: 0:00:22  lr: 0.000100  loss: 0.0033 (0.0036)  loss_CrossEntropy: 0.0033 (0.0036)  time: 1.5273  data: 0.5336  max mem: 17023
Epoch: [196]  [90/95]  eta: 0:00:07  lr: 0.000100  loss: 0.0033 (0.0036)  loss_CrossEntropy: 0.0033 (0.0036)  time: 1.4050  data: 0.3908  max mem: 17023
Epoch: [196]  [94/95]  eta: 0:00:01  lr: 0.000100  loss: 0.0033 (0.0036)  loss_CrossEntropy: 0.0033 (0.0036)  time: 1.4659  data: 0.4298  max mem: 17023
Epoch: [196] Total time: 0:02:03 (1.3001 s / it)
Averaged stats: lr: 0.000100  loss: 0.0033 (0.0036)  loss_CrossEntropy: 0.0033 (0.0036)
Test:  [ 0/19]  eta: 0:00:07  loss: 0.1146 (0.1146)  loss_CrossEntropy: 0.1146 (0.1146)  Rv: 0.0000 (0.0000)  Lv: 0.8621 (0.8621)  Myo: 0.6282 (0.6282)  Avg: 0.4968 (0.4968)  time: 0.4018  data: 0.3694  max mem: 17023
Test:  [10/19]  eta: 0:00:03  loss: 0.1330 (0.1322)  loss_CrossEntropy: 0.1330 (0.1322)  Rv: 0.8765 (0.7224)  Lv: 0.9442 (0.9142)  Myo: 0.8454 (0.8103)  Avg: 0.8770 (0.8156)  time: 0.3564  data: 0.3353  max mem: 17023
Test:  [18/19]  eta: 0:00:00  loss: 0.1275 (0.1274)  loss_CrossEntropy: 0.1275 (0.1274)  Rv: 0.7077 (0.6489)  Lv: 0.9137 (0.9060)  Myo: 0.8270 (0.8137)  Avg: 0.8148 (0.7895)  time: 0.0972  data: 0.0793  max mem: 17023
Test: Total time: 0:00:04 (0.2331 s / it)
Averaged stats: loss: 0.1275 (0.1274)  loss_CrossEntropy: 0.1275 (0.1274)  Rv: 0.7077 (0.6489)  Lv: 0.9137 (0.9060)  Myo: 0.8270 (0.8137)  Avg: 0.8148 (0.7895)
dice score: 0.7895241536592182
Update high dice score model!
cutout loss: 0.006365417968481779
original loss: 0.0026195324026048183
integrity loss: 0.00047187210293486714
invariant loss: 0.01228150725364685
Epoch: [197]  [ 0/95]  eta: 0:02:13  lr: 0.000100  loss: 0.0026 (0.0026)  loss_CrossEntropy: 0.0026 (0.0026)  time: 1.4048  data: 0.4183  max mem: 17023
Epoch: [197]  [10/95]  eta: 0:01:46  lr: 0.000100  loss: 0.0030 (0.0031)  loss_CrossEntropy: 0.0030 (0.0031)  time: 1.2517  data: 0.2583  max mem: 17023
Epoch: [197]  [20/95]  eta: 0:01:53  lr: 0.000100  loss: 0.0030 (0.0032)  loss_CrossEntropy: 0.0030 (0.0032)  time: 1.5108  data: 0.5266  max mem: 17023
Epoch: [197]  [30/95]  eta: 0:01:10  lr: 0.000100  loss: 0.0031 (0.0033)  loss_CrossEntropy: 0.0031 (0.0033)  time: 1.0903  data: 0.0355  max mem: 17023
Epoch: [197]  [40/95]  eta: 0:01:18  lr: 0.000100  loss: 0.0033 (0.0033)  loss_CrossEntropy: 0.0033 (0.0033)  time: 1.4244  data: 0.4444  max mem: 17023
Epoch: [197]  [50/95]  eta: 0:01:12  lr: 0.000100  loss: 0.0033 (0.0034)  loss_CrossEntropy: 0.0033 (0.0034)  time: 1.6016  data: 0.6228  max mem: 17023
Epoch: [197]  [60/95]  eta: 0:00:56  lr: 0.000100  loss: 0.0033 (0.0034)  loss_CrossEntropy: 0.0033 (0.0034)  time: 1.6102  data: 0.6078  max mem: 17023
Epoch: [197]  [70/95]  eta: 0:00:25  lr: 0.000100  loss: 0.0036 (0.0036)  loss_CrossEntropy: 0.0036 (0.0036)  time: 1.0309  data: 0.0492  max mem: 17023
Epoch: [197]  [80/95]  eta: 0:00:18  lr: 0.000100  loss: 0.0035 (0.0036)  loss_CrossEntropy: 0.0035 (0.0036)  time: 1.2341  data: 0.2476  max mem: 17023
Epoch: [197]  [90/95]  eta: 0:00:08  lr: 0.000100  loss: 0.0030 (0.0036)  loss_CrossEntropy: 0.0030 (0.0036)  time: 1.6498  data: 0.6755  max mem: 17023
Epoch: [197]  [94/95]  eta: 0:00:01  lr: 0.000100  loss: 0.0031 (0.0036)  loss_CrossEntropy: 0.0031 (0.0036)  time: 1.6281  data: 0.6398  max mem: 17023
Epoch: [197] Total time: 0:02:06 (1.3325 s / it)
Averaged stats: lr: 0.000100  loss: 0.0031 (0.0036)  loss_CrossEntropy: 0.0031 (0.0036)
Test:  [ 0/19]  eta: 0:00:00  loss: 0.1320 (0.1320)  loss_CrossEntropy: 0.1320 (0.1320)  Rv: 0.0000 (0.0000)  Lv: 0.8241 (0.8241)  Myo: 0.6272 (0.6272)  Avg: 0.4838 (0.4838)  time: 0.0502  data: 0.0293  max mem: 17023
Test:  [10/19]  eta: 0:00:01  loss: 0.1221 (0.1249)  loss_CrossEntropy: 0.1221 (0.1249)  Rv: 0.8569 (0.7298)  Lv: 0.9385 (0.9229)  Myo: 0.8329 (0.8133)  Avg: 0.8597 (0.8220)  time: 0.1302  data: 0.1086  max mem: 17023
Test:  [18/19]  eta: 0:00:00  loss: 0.1219 (0.1222)  loss_CrossEntropy: 0.1219 (0.1222)  Rv: 0.7068 (0.6540)  Lv: 0.9221 (0.9120)  Myo: 0.8270 (0.8161)  Avg: 0.8264 (0.7940)  time: 0.3418  data: 0.3246  max mem: 17023
Test: Total time: 0:00:03 (0.1683 s / it)
Averaged stats: loss: 0.1219 (0.1222)  loss_CrossEntropy: 0.1219 (0.1222)  Rv: 0.7068 (0.6540)  Lv: 0.9221 (0.9120)  Myo: 0.8270 (0.8161)  Avg: 0.8264 (0.7940)
dice score: 0.7940106501704768
Update high dice score model!
cutout loss: 0.008402668870985508
original loss: 0.004494732711464167
integrity loss: 0.0011869430309161544
invariant loss: 0.014146900735795498
Epoch: [198]  [ 0/95]  eta: 0:01:54  lr: 0.000100  loss: 0.0045 (0.0045)  loss_CrossEntropy: 0.0045 (0.0045)  time: 1.2087  data: 0.2229  max mem: 17023
Epoch: [198]  [10/95]  eta: 0:02:06  lr: 0.000100  loss: 0.0035 (0.0034)  loss_CrossEntropy: 0.0035 (0.0034)  time: 1.4918  data: 0.5196  max mem: 17023
Epoch: [198]  [20/95]  eta: 0:01:33  lr: 0.000100  loss: 0.0034 (0.0036)  loss_CrossEntropy: 0.0034 (0.0036)  time: 1.2478  data: 0.2778  max mem: 17023
Epoch: [198]  [30/95]  eta: 0:01:23  lr: 0.000100  loss: 0.0039 (0.0037)  loss_CrossEntropy: 0.0039 (0.0037)  time: 1.2867  data: 0.3114  max mem: 17023
Epoch: [198]  [40/95]  eta: 0:01:08  lr: 0.000100  loss: 0.0034 (0.0036)  loss_CrossEntropy: 0.0034 (0.0036)  time: 1.2465  data: 0.2600  max mem: 17023
Epoch: [198]  [50/95]  eta: 0:00:55  lr: 0.000100  loss: 0.0030 (0.0035)  loss_CrossEntropy: 0.0030 (0.0035)  time: 1.2422  data: 0.2687  max mem: 17023
Epoch: [198]  [60/95]  eta: 0:00:52  lr: 0.000100  loss: 0.0031 (0.0035)  loss_CrossEntropy: 0.0031 (0.0035)  time: 1.4999  data: 0.5252  max mem: 17023
Epoch: [198]  [70/95]  eta: 0:00:33  lr: 0.000100  loss: 0.0031 (0.0035)  loss_CrossEntropy: 0.0031 (0.0035)  time: 1.3393  data: 0.3501  max mem: 17023
Epoch: [198]  [80/95]  eta: 0:00:23  lr: 0.000100  loss: 0.0029 (0.0035)  loss_CrossEntropy: 0.0029 (0.0035)  time: 1.5710  data: 0.5820  max mem: 17023
Epoch: [198]  [90/95]  eta: 0:00:07  lr: 0.000100  loss: 0.0034 (0.0035)  loss_CrossEntropy: 0.0034 (0.0035)  time: 1.5329  data: 0.5522  max mem: 17023
Epoch: [198]  [94/95]  eta: 0:00:01  lr: 0.000100  loss: 0.0034 (0.0035)  loss_CrossEntropy: 0.0034 (0.0035)  time: 1.3362  data: 0.3543  max mem: 17023
Epoch: [198] Total time: 0:02:06 (1.3360 s / it)
Averaged stats: lr: 0.000100  loss: 0.0034 (0.0035)  loss_CrossEntropy: 0.0034 (0.0035)
Test:  [ 0/19]  eta: 0:00:01  loss: 0.1233 (0.1233)  loss_CrossEntropy: 0.1233 (0.1233)  Rv: 0.0000 (0.0000)  Lv: 0.7084 (0.7084)  Myo: 0.5736 (0.5736)  Avg: 0.4273 (0.4273)  time: 0.0550  data: 0.0348  max mem: 17023
Test:  [10/19]  eta: 0:00:03  loss: 0.1264 (0.1314)  loss_CrossEntropy: 0.1264 (0.1314)  Rv: 0.7990 (0.6727)  Lv: 0.9404 (0.8893)  Myo: 0.8525 (0.8000)  Avg: 0.8202 (0.7873)  time: 0.3659  data: 0.3327  max mem: 17023
Test:  [18/19]  eta: 0:00:00  loss: 0.1292 (0.1322)  loss_CrossEntropy: 0.1292 (0.1322)  Rv: 0.6631 (0.6021)  Lv: 0.8946 (0.8789)  Myo: 0.8067 (0.7983)  Avg: 0.7910 (0.7598)  time: 0.1989  data: 0.1815  max mem: 17023
Test: Total time: 0:00:03 (0.1984 s / it)
Averaged stats: loss: 0.1292 (0.1322)  loss_CrossEntropy: 0.1292 (0.1322)  Rv: 0.6631 (0.6021)  Lv: 0.8946 (0.8789)  Myo: 0.8067 (0.7983)  Avg: 0.7910 (0.7598)
dice score: 0.7597837683401609
Update high dice score model!
cutout loss: 0.021581921726465225
original loss: 0.004913412965834141
integrity loss: 0.0006422579172067344
invariant loss: 0.015354585833847523
Epoch: [199]  [ 0/95]  eta: 0:02:04  lr: 0.000100  loss: 0.0049 (0.0049)  loss_CrossEntropy: 0.0049 (0.0049)  time: 1.3122  data: 0.2932  max mem: 17023
Epoch: [199]  [10/95]  eta: 0:01:53  lr: 0.000100  loss: 0.0030 (0.0033)  loss_CrossEntropy: 0.0030 (0.0033)  time: 1.3378  data: 0.3466  max mem: 17023
Epoch: [199]  [20/95]  eta: 0:01:40  lr: 0.000100  loss: 0.0029 (0.0034)  loss_CrossEntropy: 0.0029 (0.0034)  time: 1.3378  data: 0.3573  max mem: 17023
Epoch: [199]  [30/95]  eta: 0:01:16  lr: 0.000100  loss: 0.0029 (0.0033)  loss_CrossEntropy: 0.0029 (0.0033)  time: 1.1817  data: 0.2097  max mem: 17023
Epoch: [199]  [40/95]  eta: 0:01:06  lr: 0.000100  loss: 0.0034 (0.0040)  loss_CrossEntropy: 0.0034 (0.0040)  time: 1.2066  data: 0.2241  max mem: 17023
Epoch: [199]  [50/95]  eta: 0:00:49  lr: 0.000100  loss: 0.0051 (0.0041)  loss_CrossEntropy: 0.0051 (0.0041)  time: 1.0980  data: 0.1175  max mem: 17023
Epoch: [199]  [60/95]  eta: 0:00:42  lr: 0.000100  loss: 0.0047 (0.0042)  loss_CrossEntropy: 0.0047 (0.0042)  time: 1.2249  data: 0.2374  max mem: 17023
Epoch: [199]  [70/95]  eta: 0:00:27  lr: 0.000100  loss: 0.0039 (0.0042)  loss_CrossEntropy: 0.0039 (0.0042)  time: 1.0943  data: 0.1145  max mem: 17023
Epoch: [199]  [80/95]  eta: 0:00:15  lr: 0.000100  loss: 0.0039 (0.0042)  loss_CrossEntropy: 0.0039 (0.0042)  time: 1.0285  data: 0.0406  max mem: 17023
Epoch: [199]  [90/95]  eta: 0:00:06  lr: 0.000100  loss: 0.0041 (0.0042)  loss_CrossEntropy: 0.0041 (0.0042)  time: 1.2841  data: 0.2753  max mem: 17023
Epoch: [199]  [94/95]  eta: 0:00:01  lr: 0.000100  loss: 0.0041 (0.0043)  loss_CrossEntropy: 0.0041 (0.0043)  time: 1.1126  data: 0.1264  max mem: 17023
Epoch: [199] Total time: 0:02:05 (1.3239 s / it)
Averaged stats: lr: 0.000100  loss: 0.0041 (0.0043)  loss_CrossEntropy: 0.0041 (0.0043)
Test:  [ 0/19]  eta: 0:00:06  loss: 0.1157 (0.1157)  loss_CrossEntropy: 0.1157 (0.1157)  Rv: 0.0000 (0.0000)  Lv: 0.7884 (0.7884)  Myo: 0.6217 (0.6217)  Avg: 0.4700 (0.4700)  time: 0.3322  data: 0.2995  max mem: 17023
Test:  [10/19]  eta: 0:00:00  loss: 0.1263 (0.1280)  loss_CrossEntropy: 0.1263 (0.1280)  Rv: 0.8660 (0.7254)  Lv: 0.9480 (0.9152)  Myo: 0.8414 (0.8104)  Avg: 0.9012 (0.8170)  time: 0.0446  data: 0.0235  max mem: 17023
Test:  [18/19]  eta: 0:00:00  loss: 0.1276 (0.1288)  loss_CrossEntropy: 0.1276 (0.1288)  Rv: 0.7150 (0.6532)  Lv: 0.9260 (0.9072)  Myo: 0.8113 (0.8071)  Avg: 0.8312 (0.7892)  time: 0.0417  data: 0.0242  max mem: 17023
Test: Total time: 0:00:03 (0.1758 s / it)
Averaged stats: loss: 0.1276 (0.1288)  loss_CrossEntropy: 0.1276 (0.1288)  Rv: 0.7150 (0.6532)  Lv: 0.9260 (0.9072)  Myo: 0.8113 (0.8071)  Avg: 0.8312 (0.7892)
dice score: 0.7891544244791332
Update high dice score model!
cutout loss: 0.010798913426697254
original loss: 0.004889512434601784
integrity loss: 0.0005964100710116327
invariant loss: 0.012587863020598888
Epoch: [200]  [ 0/95]  eta: 0:01:42  lr: 0.000100  loss: 0.0049 (0.0049)  loss_CrossEntropy: 0.0049 (0.0049)  time: 1.0757  data: 0.0955  max mem: 17023
Epoch: [200]  [10/95]  eta: 0:02:10  lr: 0.000100  loss: 0.0036 (0.0038)  loss_CrossEntropy: 0.0036 (0.0038)  time: 1.5386  data: 0.5509  max mem: 17023
Epoch: [200]  [20/95]  eta: 0:01:34  lr: 0.000100  loss: 0.0037 (0.0041)  loss_CrossEntropy: 0.0037 (0.0041)  time: 1.2621  data: 0.2555  max mem: 17023
Epoch: [200]  [30/95]  eta: 0:01:43  lr: 0.000100  loss: 0.0042 (0.0039)  loss_CrossEntropy: 0.0042 (0.0039)  time: 1.5940  data: 0.6156  max mem: 17023
Epoch: [200]  [40/95]  eta: 0:01:17  lr: 0.000100  loss: 0.0037 (0.0039)  loss_CrossEntropy: 0.0037 (0.0039)  time: 1.4061  data: 0.4100  max mem: 17023
Epoch: [200]  [50/95]  eta: 0:01:05  lr: 0.000100  loss: 0.0040 (0.0039)  loss_CrossEntropy: 0.0040 (0.0039)  time: 1.4530  data: 0.4479  max mem: 17023
Epoch: [200]  [60/95]  eta: 0:00:43  lr: 0.000100  loss: 0.0035 (0.0039)  loss_CrossEntropy: 0.0035 (0.0039)  time: 1.2533  data: 0.2611  max mem: 17023
Epoch: [200]  [70/95]  eta: 0:00:38  lr: 0.000100  loss: 0.0035 (0.0039)  loss_CrossEntropy: 0.0035 (0.0039)  time: 1.5571  data: 0.5808  max mem: 17023
Epoch: [200]  [80/95]  eta: 0:00:18  lr: 0.000100  loss: 0.0036 (0.0038)  loss_CrossEntropy: 0.0036 (0.0038)  time: 1.2125  data: 0.2348  max mem: 17023
Epoch: [200]  [90/95]  eta: 0:00:06  lr: 0.000100  loss: 0.0031 (0.0037)  loss_CrossEntropy: 0.0031 (0.0037)  time: 1.2357  data: 0.2533  max mem: 17023
Epoch: [200]  [94/95]  eta: 0:00:01  lr: 0.000100  loss: 0.0026 (0.0037)  loss_CrossEntropy: 0.0026 (0.0037)  time: 1.3274  data: 0.3390  max mem: 17023
Epoch: [200] Total time: 0:02:06 (1.3308 s / it)
Averaged stats: lr: 0.000100  loss: 0.0026 (0.0037)  loss_CrossEntropy: 0.0026 (0.0037)
Test:  [ 0/19]  eta: 0:00:00  loss: 0.1141 (0.1141)  loss_CrossEntropy: 0.1141 (0.1141)  Rv: 0.0000 (0.0000)  Lv: 0.8127 (0.8127)  Myo: 0.6045 (0.6045)  Avg: 0.4724 (0.4724)  time: 0.0498  data: 0.0294  max mem: 17023
Test:  [10/19]  eta: 0:00:00  loss: 0.1138 (0.1140)  loss_CrossEntropy: 0.1138 (0.1140)  Rv: 0.8657 (0.7137)  Lv: 0.9480 (0.9351)  Myo: 0.8633 (0.8276)  Avg: 0.8980 (0.8255)  time: 0.0400  data: 0.0192  max mem: 17023
Test:  [18/19]  eta: 0:00:00  loss: 0.1136 (0.1139)  loss_CrossEntropy: 0.1136 (0.1139)  Rv: 0.7097 (0.6413)  Lv: 0.9386 (0.9124)  Myo: 0.8316 (0.8233)  Avg: 0.8408 (0.7924)  time: 0.0988  data: 0.0808  max mem: 17023
Test: Total time: 0:00:02 (0.1343 s / it)
Averaged stats: loss: 0.1136 (0.1139)  loss_CrossEntropy: 0.1136 (0.1139)  Rv: 0.7097 (0.6413)  Lv: 0.9386 (0.9124)  Myo: 0.8316 (0.8233)  Avg: 0.8408 (0.7924)
dice score: 0.792361064961082
Update high dice score model!
cutout loss: 0.007193149533122778
original loss: 0.0020914680790156126
integrity loss: 0.0005098879337310791
invariant loss: 0.014548433013260365
